error_code,amount,retry_count,gateway_health,time_since_failure,customer_history,previous_attempt_result,recovered
E03,7235.21,2,0.963,2811,0.324,1,0
E02,7141.25,2,0.992,496,0.164,1,0
E99,2106.68,0,0.867,1097,0.151,1,0
E03,462.89,2,0.555,524,0.059,0,0
E01,3107.62,2,0.638,1600,0.97,0,0
E99,1655.65,0,0.603,1099,0.666,1,0
E03,4018.31,0,0.325,2941,0.352,1,0
E03,9795.53,0,0.884,2759,0.594,0,1
E01,1892.61,2,0.741,3185,0.632,0,0
E02,3256.85,1,0.71,1488,0.222,1,0
E02,7278.63,1,0.376,1912,0.322,1,1
E99,5140.91,1,0.323,3094,0.564,0,0
E03,534.89,1,0.898,2566,0.839,0,0
E03,1700.73,1,0.344,3417,0.172,0,0
E02,9358.97,0,0.259,3531,0.857,1,0
E01,1121.33,1,0.7,272,0.622,0,1
E02,6387.42,0,0.763,846,0.51,1,1
E01,7944.02,2,0.296,2559,0.185,1,0
E03,2727.85,0,0.365,354,0.567,0,0
E03,7278.27,0,0.831,307,0.382,0,0
E03,1781.96,1,0.944,495,0.228,1,0
E02,2919.03,1,0.581,259,0.877,1,1
E99,3187.04,1,0.834,2396,0.483,0,0
E99,9964.71,2,0.456,993,0.125,1,0
E03,2224.27,2,0.763,3393,0.334,0,0
E01,1379.15,1,0.646,366,0.221,0,0
E02,9264.35,2,0.875,1643,0.933,0,0
E01,1703.11,1,0.821,2387,0.278,0,0
E01,8804.87,0,0.427,1297,0.526,0,1
E03,6539.52,0,0.32,2578,0.751,1,1
E03,5810.93,0,0.846,3025,0.199,0,0
E99,7538.25,0,0.226,2301,0.461,1,0
E01,7287.39,2,0.743,2184,0.664,0,1
E02,1194.21,1,0.581,2071,0.879,1,1
E02,9994.71,1,0.26,3576,0.665,1,1
E01,9424.71,1,0.751,2812,0.125,0,0
E01,8976.26,0,0.586,217,0.352,0,0
E02,6260.66,2,0.888,2781,0.38,1,1
E01,5275.63,0,0.367,594,0.415,1,1
E03,5409.16,1,0.202,3133,0.935,0,0
E02,247.88,2,0.304,1168,0.084,0,0
E03,5044.75,2,0.416,2495,0.334,0,0
E03,6275.32,1,0.722,2659,0.513,1,0
E01,6621.19,2,0.49,1281,0.131,1,1
E03,3388.18,0,0.295,3468,0.505,0,0
E03,4765.7,0,0.985,1889,0.151,1,0
E02,6399.48,1,0.287,1522,0.838,0,0
E01,4340.22,0,0.484,1766,0.304,0,0
E03,9625.14,0,0.901,1108,0.542,1,0
E01,7083.88,2,0.722,389,0.631,1,0
E01,112.61,2,0.456,3533,0.337,1,1
E01,330.47,0,0.976,2922,0.38,0,1
E03,6933.97,0,0.601,2931,0.53,0,1
E03,4185.19,1,0.206,3286,0.807,0,0
E03,8410.76,0,0.205,2203,0.476,1,0
E03,1812.85,0,0.953,3543,0.511,1,0
E02,236.89,2,0.425,3546,0.61,0,0
E02,3942.02,2,0.85,893,0.45,1,0
E01,7387.03,2,0.235,1586,0.733,0,0
E01,9720.1,0,0.318,345,0.055,0,1
E03,8848.17,2,0.885,2528,0.504,1,0
E02,4892.34,0,0.995,400,0.918,1,1
E02,8146.89,2,0.242,2747,0.629,0,0
E03,796.27,1,0.334,2895,0.507,0,0
E03,5765.5,0,0.778,1481,0.776,1,1
E02,9250.55,2,0.624,2274,0.419,0,0
E02,4024.21,1,0.525,3416,0.489,1,1
E01,9605.0,0,0.356,2722,0.233,0,0
E01,2284.78,2,0.956,1587,0.167,0,0
E02,1145.77,2,0.338,3258,0.074,1,0
E01,5295.15,1,0.412,145,0.738,0,0
E02,9081.74,1,0.459,815,0.49,0,0
E99,3181.66,0,0.311,1179,0.933,0,0
E01,8021.59,1,0.629,1311,0.216,0,1
E01,1775.05,2,0.473,2420,0.279,0,0
E01,7481.15,1,0.686,2852,0.65,1,1
E01,5614.57,2,0.494,192,0.101,0,0
E03,1832.67,0,0.293,934,0.523,0,0
E02,7209.06,0,0.898,2944,0.166,1,1
E03,7166.19,0,0.608,1822,0.202,0,1
E03,5202.81,0,0.457,1117,0.531,0,0
E02,2332.13,2,0.213,1596,0.585,0,0
E03,1409.71,1,0.678,2181,0.249,1,0
E01,9576.82,0,0.826,2143,0.305,1,0
E01,6592.54,1,0.72,2985,0.317,0,0
E01,8111.49,2,0.83,3557,0.183,0,0
E03,7000.01,2,0.324,2908,0.958,0,0
E02,8311.79,0,0.977,374,0.701,0,1
E01,1708.66,2,0.369,1518,0.154,1,0
E02,5019.81,1,0.413,1745,0.386,1,0
E01,6704.54,2,0.61,2266,0.212,0,0
E03,1123.56,1,0.204,3452,0.27,0,0
E02,1584.57,2,0.554,1609,0.933,1,1
E02,6376.43,2,0.357,1253,0.179,0,0
E01,8700.19,2,0.799,3240,0.877,1,1
E03,6638.12,0,0.806,2666,0.841,1,0
E02,458.43,2,0.693,1651,0.749,1,1
E01,9707.29,0,0.537,3345,0.517,1,0
E01,1481.12,2,0.448,1090,0.293,1,0
E99,2402.37,1,0.862,866,0.831,1,0
E99,9752.18,0,0.606,78,0.834,1,1
E03,7733.23,0,0.597,293,0.544,0,1
E01,9372.11,2,0.291,3112,0.095,1,0
E99,8085.53,1,0.375,273,0.231,0,0
E03,6552.17,0,0.488,2753,0.103,1,0
E03,2917.07,2,0.759,263,0.219,0,1
E02,3336.13,2,0.876,829,0.528,1,1
E01,9477.98,0,0.994,1262,0.853,1,1
E01,8620.19,0,0.542,773,0.664,0,0
E99,3658.96,2,0.563,455,0.615,1,0
E02,3795.35,1,0.813,3559,0.753,1,1
E01,3047.17,0,0.457,1458,0.652,0,1
E01,3328.69,1,0.632,1523,0.467,0,1
E02,8620.61,2,0.742,2715,0.816,1,0
E01,204.02,1,0.389,3290,0.342,1,0
E99,4416.92,2,0.424,1074,0.922,0,0
E03,9434.11,0,0.485,1632,0.159,0,0
E03,5472.1,2,0.662,1726,0.649,1,0
E02,4559.41,1,0.416,939,0.52,1,1
E03,3192.46,2,0.367,459,0.45,1,0
E02,831.74,1,0.32,3315,0.454,1,0
E03,2322.42,2,0.847,2514,0.09,0,0
E01,995.54,0,0.909,2445,0.756,0,1
E02,1354.32,0,0.924,1144,0.381,0,1
E01,1718.81,2,0.857,2378,0.498,0,1
E02,3090.09,0,0.31,487,0.847,0,0
E01,209.07,2,0.278,425,0.592,0,0
E01,9506.42,0,0.599,3436,0.85,0,1
E01,1325.81,2,0.617,824,0.179,1,0
E02,3893.17,1,0.786,2770,0.315,0,0
E01,8807.32,1,0.378,1002,0.264,0,0
E99,1155.02,1,0.945,2348,0.883,0,0
E02,4887.68,1,0.448,2203,0.785,0,1
E01,8463.36,1,0.662,2603,0.834,1,1
E02,5613.93,1,0.891,3433,0.585,1,0
E01,2182.4,2,0.619,1532,0.258,0,0
E99,7381.54,2,0.803,3117,0.404,1,0
E02,6845.28,1,0.799,1074,0.567,0,1
E03,3685.64,1,0.832,3469,0.068,0,0
E01,558.32,0,0.849,1800,0.651,0,1
E02,177.86,2,0.514,3038,0.854,0,1
E02,8271.39,0,0.491,2971,0.356,0,0
E99,3283.42,1,0.843,2284,0.689,1,0
E02,1463.92,2,0.664,3469,0.505,1,0
E02,5233.66,2,0.686,2431,0.054,1,0
E01,9216.25,1,0.53,2179,0.317,1,1
E01,183.96,1,0.361,912,0.546,0,0
E02,655.82,0,0.566,1355,0.731,0,0
E02,4228.74,1,0.976,23,0.428,0,1
E01,6792.06,0,0.433,2585,0.225,0,0
E03,4813.39,2,0.418,2184,0.107,1,1
E99,8985.73,2,0.305,2509,0.722,1,0
E01,536.44,0,0.585,2263,0.393,0,1
E02,3467.39,0,0.431,891,0.658,0,1
E01,3578.34,1,0.75,3599,0.258,0,1
E03,3467.26,1,0.308,1568,0.759,0,0
E01,4928.09,1,0.398,2518,0.374,1,0
E03,7926.71,0,0.249,483,0.099,0,0
E03,3247.04,2,0.233,2148,0.53,1,0
E03,7470.38,0,0.851,1448,0.738,0,1
E01,1550.01,1,0.925,3339,0.927,1,1
E99,5651.18,2,0.811,2746,0.963,1,0
E01,3813.37,2,0.892,3364,0.479,1,1
E01,5438.19,1,0.269,1130,0.625,1,0
E02,1166.72,0,0.919,2376,0.574,1,1
E02,9539.28,2,0.573,2279,0.552,0,0
E03,9071.52,0,0.815,904,0.158,1,0
E03,8281.32,0,0.693,1180,0.681,0,0
E01,8938.55,0,0.48,2429,0.957,0,0
E99,1552.21,2,0.412,530,0.169,1,0
E01,5086.85,1,0.295,1440,0.343,1,0
E02,3247.3,1,0.53,2669,0.122,0,0
E01,8885.12,2,0.595,3028,0.429,0,0
E99,1975.43,2,0.986,2121,0.503,1,0
E01,2277.46,2,0.23,2410,0.387,1,0
E01,6898.47,0,0.672,2971,0.498,0,1
E02,980.11,1,0.62,832,0.805,0,1
E99,7350.44,1,0.218,2444,0.251,1,0
E99,2754.46,2,0.464,2649,0.762,0,0
E03,6643.26,1,0.538,2942,0.796,0,0
E99,8743.07,0,0.595,2189,0.596,0,0
E99,6135.15,2,0.387,558,0.346,1,1
E02,2205.57,1,0.227,182,0.93,1,1
E01,586.74,2,0.435,2212,0.392,0,1
E03,541.68,1,0.869,997,0.097,0,0
E03,979.24,1,0.846,1323,0.178,1,1
E02,5840.2,0,0.345,1663,0.888,0,0
E01,3547.36,0,0.717,2687,0.191,1,1
E03,2506.76,0,0.939,1276,0.471,0,0
E01,2271.13,0,0.338,2088,0.7,1,1
E99,9490.96,1,0.303,1792,0.589,0,0
E01,1276.28,0,0.218,195,0.664,0,1
E01,3117.66,0,0.338,2489,0.378,0,1
E03,4767.62,2,0.851,1921,0.673,0,0
E01,104.45,2,0.851,795,0.059,0,1
E01,9217.44,0,0.632,2679,0.297,1,0
E02,1081.08,2,0.467,359,0.166,1,0
E99,6856.46,0,0.845,946,0.478,0,0
E01,6325.77,0,0.356,861,0.187,1,0
E01,8109.73,1,0.312,2356,0.565,1,0
E03,6548.74,0,0.271,3563,0.22,0,0
E99,7716.94,0,0.881,3027,0.439,0,0
E02,4270.36,2,0.772,498,0.12,1,0
E01,4938.17,2,0.7,235,0.464,1,0
E01,7046.45,0,0.782,2840,0.81,0,1
E01,5727.42,0,0.315,2081,0.348,0,1
E01,5164.23,2,0.508,1291,0.714,1,0
E03,2135.03,2,0.851,3195,0.45,1,1
E01,2655.27,0,0.933,642,0.27,1,1
E02,3649.12,2,0.61,455,0.335,0,0
E03,191.92,0,0.298,1799,0.334,0,0
E02,4231.9,1,0.983,970,0.748,1,1
E01,127.41,2,0.516,836,0.239,0,0
E03,5693.65,1,0.455,2253,0.969,1,0
E03,7069.88,1,0.296,1097,0.696,1,0
E03,5665.27,2,0.21,2107,0.427,0,0
E01,6965.85,1,0.683,2041,0.988,1,1
E01,100.13,2,0.69,2856,0.253,1,1
E99,688.48,2,0.387,3513,0.767,0,0
E02,7014.78,0,0.33,2264,0.305,1,0
E01,8048.71,2,0.622,1033,0.561,0,0
E02,7205.25,2,0.548,2073,0.101,0,1
E03,6663.82,2,0.443,1736,0.846,0,0
E99,7103.09,1,0.375,1627,0.394,0,0
E01,7421.94,1,0.887,1242,0.599,0,1
E99,7271.34,1,0.987,282,0.922,1,1
E01,7406.28,2,0.484,888,0.078,1,0
E02,832.8,1,0.759,2128,0.96,1,1
E03,726.39,0,0.892,255,0.544,1,1
E01,3675.09,2,0.222,564,0.784,0,0
E01,5323.21,0,0.926,2053,0.495,1,1
E02,7649.93,1,0.599,3585,0.817,1,0
E99,3413.61,0,0.645,601,0.878,0,0
E02,2823.66,1,0.632,283,0.409,0,0
E99,7836.34,1,0.394,1259,0.729,1,0
E03,2568.43,0,0.826,273,0.989,0,0
E02,8226.33,2,0.786,3226,0.762,1,1
E03,1853.62,1,0.277,2834,0.949,1,0
E01,3658.79,1,0.65,421,0.742,0,1
E01,4070.65,0,0.966,365,0.36,0,1
E03,3065.15,2,0.897,1947,0.828,0,0
E03,133.23,2,0.701,1458,0.676,1,0
E01,2431.54,1,0.359,2496,0.081,0,0
E02,3442.77,1,0.478,3339,0.212,0,0
E03,3204.89,1,0.32,1203,0.296,0,0
E99,7877.0,2,0.858,2836,0.749,0,0
E03,568.94,0,0.823,1199,0.799,1,1
E02,3950.59,2,0.928,838,0.827,1,1
E02,471.4,2,0.251,3494,0.113,1,0
E02,9313.41,2,0.972,904,0.118,0,1
E03,7923.07,2,0.973,516,0.331,1,0
E99,9823.4,2,0.74,2132,0.69,1,1
E02,9110.59,0,0.905,2144,0.842,0,0
E01,3226.55,0,0.551,1751,0.867,1,1
E01,6946.68,0,0.451,314,0.245,1,0
E03,3134.89,1,0.323,421,0.771,1,0
E03,8893.29,1,0.225,2727,0.652,0,0
E01,4166.45,0,0.234,571,0.921,1,1
E01,3821.29,1,0.753,994,0.776,1,1
E02,9149.28,0,0.469,2890,0.547,1,0
E01,8383.73,1,0.243,1218,0.786,1,0
E03,9667.49,1,0.29,1241,0.34,0,1
E01,758.23,2,0.732,3298,0.789,0,1
E01,2509.05,2,0.951,2876,0.784,1,1
E99,3078.49,1,0.526,2550,0.854,0,0
E01,4301.09,2,0.822,684,0.278,0,0
E01,4783.99,0,0.979,1025,0.848,0,1
E01,2985.58,0,0.767,2158,0.209,1,1
E01,7925.46,2,0.778,3019,0.776,1,1
E01,2310.12,2,0.693,1818,0.924,1,0
E01,6995.52,0,0.982,2677,0.084,0,1
E01,8532.51,0,0.44,1175,0.638,0,0
E01,6076.61,0,0.826,1316,0.67,1,1
E02,3606.17,0,0.532,2191,0.816,1,1
E03,1960.12,1,0.324,2041,0.147,1,0
E02,1430.03,0,0.791,449,0.905,0,1
E01,7467.33,2,0.864,1399,0.984,0,0
E02,4744.41,1,0.891,3083,0.682,1,1
E99,558.56,2,0.938,1920,0.454,1,0
E99,9840.01,1,0.796,2676,0.647,0,1
E01,6745.9,2,0.622,2975,0.101,1,0
E01,8457.41,0,0.951,1033,0.758,0,1
E01,4438.07,1,0.368,846,0.116,0,0
E01,9558.84,0,0.262,2088,0.353,1,1
E02,2075.3,2,0.545,1727,0.181,1,1
E02,1932.85,1,0.666,3247,0.732,1,1
E01,8914.31,0,0.744,658,0.609,1,1
E02,8928.0,2,0.852,1520,0.707,1,1
E02,5040.29,2,0.221,175,0.111,0,0
E01,1345.28,0,0.842,1308,0.398,1,1
E03,3121.64,2,0.68,2114,0.432,1,0
E01,7566.11,2,0.962,2876,0.616,1,1
E99,8475.32,1,0.478,3039,0.146,1,0
E01,3541.78,1,0.694,5,0.658,1,1
E03,706.21,2,0.813,3139,0.421,1,1
E99,6690.69,1,0.613,2471,0.902,1,0
E99,7421.02,1,0.325,726,0.473,0,0
E03,4297.75,0,0.24,777,0.146,0,0
E03,5872.67,2,0.289,2797,0.147,1,0
E03,9874.98,2,0.596,2499,0.289,1,0
E03,2525.49,0,0.712,742,0.275,1,0
E01,5772.48,1,0.656,1577,0.799,0,0
E02,6148.51,0,0.77,3090,0.729,0,0
E02,5536.16,1,0.231,74,0.122,0,0
E99,8704.38,0,0.309,1841,0.85,1,0
E02,6089.57,2,0.809,3147,0.14,1,1
E02,5128.11,2,0.825,15,0.788,1,1
E03,1317.85,2,0.762,1967,0.155,1,0
E01,7061.77,2,0.796,2011,0.404,0,0
E01,1407.86,2,0.971,1129,0.756,1,0
E02,363.04,0,0.955,1941,0.288,0,1
E02,4936.46,2,0.716,2532,0.157,1,1
E01,5767.21,2,0.455,1021,0.79,0,1
E02,9990.64,0,0.211,1785,0.7,0,0
E02,7152.04,0,0.705,1932,0.888,0,0
E01,8501.04,2,0.545,126,0.653,1,1
E02,3529.24,1,0.318,766,0.12,0,0
E03,5138.26,0,0.372,2341,0.65,0,0
E01,9745.26,1,0.949,1760,0.823,1,1
E99,4232.15,2,0.253,3490,0.129,0,0
E99,8092.18,1,0.83,3060,0.178,1,0
E02,5307.29,1,0.922,799,0.687,0,1
E01,2317.22,1,0.751,3589,0.794,0,1
E02,5846.14,0,0.249,3106,0.382,1,0
E03,2258.81,0,0.877,1514,0.741,0,0
E03,129.97,1,0.723,2235,0.207,0,0
E03,2435.37,0,0.422,1007,0.467,1,0
E02,2012.12,2,0.704,281,0.753,1,1
E03,3772.12,1,0.309,855,0.237,1,1
E01,8897.11,1,0.766,2628,0.378,0,0
E03,3939.75,1,0.922,2055,0.641,0,1
E01,8467.36,2,0.617,1589,0.375,0,1
E03,5600.57,1,0.962,1731,0.872,0,0
E99,175.39,0,0.55,2857,0.949,0,0
E01,1968.49,1,0.886,2505,0.654,1,1
E03,9319.65,0,0.819,2289,0.785,0,1
E01,6081.32,1,0.271,1805,0.902,0,1
E03,9302.51,1,0.93,11,0.71,1,0
E01,3170.19,1,0.928,1201,0.777,1,0
E99,7193.97,1,0.481,455,0.125,0,0
E01,7743.05,1,0.835,2787,0.824,1,1
E99,9759.43,2,0.38,1269,0.308,0,1
E03,279.95,2,0.224,882,0.117,0,0
E02,9527.15,2,0.366,1735,0.604,0,0
E03,3976.74,0,0.587,1728,0.263,1,1
E03,8396.12,1,0.246,3355,0.125,1,0
E99,5492.66,0,0.328,644,0.623,1,0
E01,5690.03,1,0.96,2959,0.143,1,1
E02,3657.84,2,0.595,777,0.884,0,0
E01,8301.88,1,0.858,2886,0.961,0,0
E03,2713.73,2,0.365,1938,0.744,1,0
E01,4973.19,2,0.271,1942,0.32,0,0
E02,5645.73,2,0.824,2538,0.579,0,0
E02,7450.96,2,0.479,335,0.08,0,0
E02,4769.19,2,0.568,2870,0.634,0,0
E02,6834.8,2,0.994,2685,0.298,1,1
E03,4904.41,0,0.453,715,0.478,0,0
E03,6627.27,0,0.579,312,0.218,1,0
E02,6774.02,1,0.708,2604,0.977,0,1
E02,7123.47,2,0.271,330,0.245,0,0
E99,8250.67,1,0.773,2088,0.442,1,0
E01,5453.15,0,0.561,919,0.289,0,0
E01,2013.45,2,0.34,2585,0.559,0,1
E01,6828.44,2,0.544,3321,0.901,0,0
E03,863.47,1,0.569,3029,0.204,0,0
E02,2267.65,2,0.713,2699,0.182,0,0
E03,7942.36,2,0.95,2313,0.12,1,0
E03,4407.19,2,0.812,276,0.604,0,1
E01,5030.64,0,0.506,3420,0.616,0,0
E99,9875.23,0,0.976,3308,0.822,0,1
E03,2428.21,1,0.833,225,0.836,0,0
E01,293.57,2,0.222,2820,0.146,0,0
E02,1202.59,2,0.293,385,0.906,0,0
E01,2520.57,0,0.374,2173,0.83,0,1
E01,7286.61,2,0.267,899,0.658,0,1
E01,7780.64,1,0.588,457,0.376,0,0
E99,5698.34,2,0.473,830,0.751,0,0
E02,2624.96,2,0.978,1153,0.633,0,0
E02,5265.24,0,0.578,1257,0.382,0,0
E03,248.08,1,0.37,1083,0.062,0,0
E02,6849.83,0,0.977,1667,0.607,0,0
E99,6181.55,1,0.611,2304,0.592,1,0
E03,315.79,2,0.258,1671,0.195,0,0
E02,8188.42,2,0.265,2116,0.902,0,0
E02,7657.92,2,0.74,1386,0.2,1,0
E99,3151.42,1,0.596,998,0.32,0,1
E03,6390.23,0,0.699,533,0.4,1,0
E99,6054.78,1,0.88,1120,0.692,1,0
E01,1517.48,1,0.745,692,0.127,1,1
E99,2013.27,1,0.889,1866,0.71,0,1
E03,6863.74,0,0.794,2356,0.44,0,1
E01,9342.16,2,0.74,3043,0.222,0,0
E02,5805.21,1,0.308,1061,0.155,0,0
E03,5721.35,1,0.586,455,0.438,1,0
E01,6502.15,0,0.546,2935,0.469,0,0
E02,4461.73,0,0.633,2612,0.179,0,0
E03,636.3,1,0.513,1140,0.504,0,0
E01,4025.39,1,0.696,3584,0.522,1,1
E02,9012.5,2,0.514,2310,0.972,1,0
E02,8068.97,2,0.646,2699,0.721,1,1
E01,9281.49,1,0.516,1265,0.061,0,0
E99,1613.03,0,0.921,1590,0.498,1,0
E03,5108.98,0,0.499,1257,0.07,1,0
E01,5888.81,0,0.785,2634,0.531,1,1
E99,2178.26,0,0.691,2934,0.368,0,1
E99,2089.61,2,0.508,3098,0.899,0,0
E01,7842.13,0,0.846,1196,0.514,0,1
E03,6751.33,2,0.942,2766,0.849,0,0
E01,6507.16,1,0.808,2460,0.599,1,0
E99,2743.18,1,0.959,46,0.423,0,0
E03,5117.02,2,0.549,2862,0.266,1,0
E03,328.39,2,0.931,474,0.222,0,0
E01,1386.47,0,0.901,463,0.797,1,1
E99,5230.68,2,0.81,386,0.88,1,0
E01,3165.76,0,0.868,1977,0.355,1,0
E01,9660.13,1,0.784,115,0.515,1,1
E01,4767.7,1,0.61,1816,0.32,1,1
E03,927.29,0,0.642,2572,0.478,0,1
E01,276.64,1,0.534,1928,0.867,0,1
E99,7280.05,1,0.731,963,0.18,1,1
E03,1797.92,2,0.46,1203,0.324,1,0
E01,1959.34,2,0.792,2599,0.704,0,0
E01,4295.69,1,0.604,1223,0.342,0,0
E01,2714.2,2,0.483,2398,0.126,1,1
E03,6204.11,2,0.318,2475,0.402,0,0
E03,4908.36,0,0.404,1885,0.686,0,0
E01,1203.36,2,0.712,1339,0.975,1,0
E03,7868.93,2,0.496,215,0.889,1,0
E01,4316.0,0,0.227,2680,0.578,1,1
E03,6147.26,2,0.464,1099,0.781,1,0
E99,139.03,0,0.493,1637,0.587,1,0
E03,6301.36,1,0.387,98,0.514,1,0
E03,2900.21,2,0.429,2672,0.21,1,0
E03,4994.27,2,0.764,3276,0.325,1,1
E01,3047.43,2,0.797,3162,0.475,0,0
E01,9962.98,2,0.967,1111,0.976,1,1
E01,2385.34,0,0.294,321,0.622,0,1
E02,9137.31,2,0.449,342,0.938,1,1
E03,9187.87,1,0.262,1369,0.293,0,0
E03,4267.91,2,0.691,10,0.115,1,0
E99,3109.63,1,0.213,645,0.97,0,1
E01,3872.25,0,0.364,2201,0.36,0,1
E03,9894.46,1,0.67,151,0.553,0,0
E01,6226.08,2,0.487,2235,0.117,1,1
E01,5493.32,2,0.636,3124,0.859,0,0
E03,455.59,1,0.712,3581,0.051,1,0
E99,8493.65,0,0.871,3498,0.902,0,0
E03,929.67,2,0.514,1039,0.205,0,0
E01,565.03,2,0.423,2324,0.222,0,0
E03,2821.1,2,0.631,168,0.826,0,1
E01,4810.31,2,0.256,859,0.413,1,0
E99,8963.36,2,0.234,2805,0.291,0,0
E03,7921.78,1,0.562,738,0.611,1,1
E01,2056.56,2,0.374,1097,0.289,0,0
E01,3783.59,1,0.206,1478,0.319,0,0
E01,7824.38,2,0.743,1191,0.093,1,0
E99,5318.22,0,0.853,2662,0.557,1,0
E02,1827.47,0,0.318,3267,0.172,1,0
E03,4020.95,0,0.651,1938,0.837,0,1
E03,6296.76,1,0.987,2071,0.756,0,0
E02,9734.93,2,0.415,2634,0.318,1,0
E01,6651.94,0,0.785,1441,0.552,0,1
E99,260.33,2,0.33,1636,0.593,0,1
E01,7079.58,2,0.946,3422,0.676,0,1
E02,2583.56,2,0.2,1387,0.444,1,0
E03,8635.37,1,0.436,955,0.663,1,1
E03,3900.51,0,0.981,76,0.209,1,0
E99,2076.19,1,0.737,78,0.493,1,1
E01,4732.68,0,0.369,2767,0.138,1,1
E02,2626.46,0,0.833,831,0.935,0,1
E02,2434.63,2,0.918,2665,0.427,0,1
E02,5775.29,1,0.59,159,0.63,0,1
E01,7696.73,2,0.325,2862,0.51,0,0
E01,8366.05,1,0.407,1468,0.075,1,1
E01,4036.93,1,0.954,2937,0.109,1,0
E01,761.36,2,0.329,2992,0.299,1,0
E02,4891.35,1,0.45,2054,0.684,0,0
E03,4394.44,2,0.316,3510,0.653,0,0
E03,2050.09,0,0.284,3404,0.227,1,1
E02,8971.83,1,0.618,2521,0.509,1,1
E02,9744.07,2,0.517,1772,0.395,1,0
E01,612.3,2,0.237,3334,0.584,0,0
E02,7977.89,2,0.316,3490,0.365,1,0
E01,6492.59,0,0.23,1471,0.892,1,1
E01,2688.22,1,0.22,1168,0.494,1,1
E02,6388.05,0,0.343,1090,0.451,1,1
E02,1373.57,2,0.795,3367,0.711,0,1
E01,787.12,1,0.212,556,0.784,0,0
E02,9935.54,0,0.444,12,0.461,1,1
E02,6400.06,2,0.652,1803,0.152,1,0
E03,2606.9,2,0.795,3424,0.13,0,0
E03,4555.34,0,0.742,1177,0.357,1,1
E03,9505.87,0,0.991,1816,0.739,1,1
E01,4443.38,0,0.421,388,0.664,0,1
E03,9014.4,0,0.2,2953,0.32,1,0
E02,8701.21,1,0.231,3354,0.054,1,1
E02,3507.15,2,0.278,2283,0.654,1,0
E03,6990.49,0,0.98,446,0.581,0,0
E02,6638.94,1,0.656,353,0.776,1,0
E02,7735.0,1,0.839,2663,0.695,0,0
E03,3722.7,2,0.988,462,0.282,1,0
E99,617.14,1,0.875,246,0.739,1,1
E99,1793.29,2,0.526,3204,0.507,0,0
E02,6203.88,2,0.901,1898,0.59,1,0
E02,7773.49,0,0.547,2142,0.386,1,0
E03,7584.88,0,0.291,2429,0.793,0,0
E01,5878.45,0,0.639,1241,0.234,1,1
E03,939.11,0,0.933,845,0.242,1,0
E02,271.16,1,0.828,1869,0.273,0,0
E01,7843.2,0,0.522,273,0.792,1,1
E01,5538.83,1,0.884,1063,0.734,0,1
E03,7848.85,0,0.571,2136,0.303,1,0
E01,1711.61,1,0.748,3394,0.185,1,0
E01,4133.49,2,0.467,2170,0.076,0,0
E01,9199.78,1,0.356,2705,0.693,0,0
E01,1798.82,1,0.451,1123,0.557,1,0
E01,709.12,1,0.9,206,0.71,1,1
E03,6569.33,0,0.992,1354,0.716,1,1
E01,5985.91,1,0.411,2488,0.844,0,0
E03,9525.1,2,0.332,165,0.441,1,1
E99,9074.04,0,0.257,3117,0.828,1,0
E02,7519.36,2,0.803,1065,0.46,0,1
E01,289.66,0,0.622,2475,0.715,0,1
E03,4855.83,0,0.645,3177,0.568,1,0
E01,8971.41,0,0.236,2201,0.916,0,1
E02,4393.15,0,0.265,617,0.398,0,0
E99,9625.24,0,0.932,921,0.698,0,1
E99,6559.63,2,0.661,1685,0.612,1,0
E03,1183.63,2,0.375,3524,0.989,1,0
E01,5141.79,2,0.366,2436,0.123,0,0
E03,6986.61,0,0.393,2219,0.612,1,0
E03,747.15,2,0.251,2890,0.268,1,0
E02,3512.03,2,0.24,510,0.881,0,0
E03,7199.1,0,0.776,293,0.797,1,1
E01,1655.01,1,0.411,2100,0.672,1,0
E01,3548.56,2,0.508,2131,0.502,1,1
E02,6930.11,0,0.63,927,0.69,0,1
E01,7777.85,0,0.456,2258,0.571,0,1
E01,5233.27,1,0.583,551,0.32,0,1
E03,9572.89,1,0.892,711,0.82,1,1
E99,9260.78,1,0.395,3218,0.532,1,0
E02,4787.03,2,0.833,112,0.292,0,1
E03,1686.72,1,0.411,2008,0.674,0,0
E99,7752.02,2,0.35,3039,0.068,0,0
E01,2507.08,0,0.258,2566,0.727,0,0
E02,8443.93,0,0.747,1584,0.492,1,1
E02,5912.73,0,0.529,1132,0.646,1,0
E01,4001.52,0,0.816,219,0.198,1,1
E03,5608.2,0,0.306,448,0.725,0,0
E02,5374.81,2,0.683,2081,0.73,1,1
E02,9254.86,0,0.21,1903,0.747,0,0
E01,2222.19,0,0.387,1357,0.489,0,0
E01,9288.77,0,0.688,1053,0.652,0,1
E99,410.28,0,0.245,289,0.566,1,1
E01,7715.11,0,0.502,444,0.269,1,1
E01,9204.71,0,0.649,1034,0.072,0,0
E01,4001.12,1,0.782,3325,0.439,0,0
E02,823.37,0,0.765,1177,0.816,0,1
E02,8066.21,0,0.319,417,0.353,0,1
E02,8444.36,2,0.26,2070,0.754,1,0
E01,3428.95,0,0.501,456,0.651,0,1
E01,5234.07,0,0.393,1452,0.382,1,1
E03,8113.74,0,0.445,2620,0.051,0,0
E03,2001.23,1,0.474,386,0.455,0,0
E03,6326.86,2,0.518,3322,0.419,1,0
E03,4363.24,2,0.615,2287,0.18,0,1
E03,1826.72,2,0.207,3291,0.82,1,0
E01,8331.26,0,0.438,2623,0.948,0,0
E02,3314.34,1,0.411,3477,0.164,1,0
E02,9350.82,1,0.389,1826,0.267,0,1
E01,5732.45,2,0.831,59,0.645,1,1
E03,5193.65,1,0.401,228,0.944,1,1
E02,4290.73,2,0.321,660,0.928,0,0
E03,4066.64,2,0.881,372,0.925,0,0
E99,8197.87,2,0.506,2908,0.464,1,0
E02,6807.26,2,0.347,3400,0.977,0,0
E99,7759.53,2,0.801,2238,0.393,1,0
E02,4268.73,2,0.726,682,0.131,0,1
E99,2688.23,1,0.956,3524,0.712,1,1
E01,959.97,1,0.902,1107,0.573,1,1
E02,7788.89,1,0.755,3175,0.801,1,1
E02,4211.24,2,0.329,2475,0.634,0,0
E01,5141.31,0,0.587,1576,0.821,1,1
E02,4746.5,1,0.295,2850,0.373,0,0
E99,4368.26,1,0.64,2390,0.321,0,0
E03,6870.61,1,0.933,3279,0.762,1,0
E01,6126.47,1,0.203,2188,0.518,1,0
E01,9723.33,0,0.901,1423,0.219,1,1
E01,1475.15,2,0.631,341,0.403,0,1
E01,5777.84,0,0.321,3572,0.803,0,1
E99,726.08,0,0.885,2809,0.918,0,1
E02,8098.39,0,0.63,374,0.765,1,1
E01,6201.48,1,0.559,2184,0.725,0,1
E02,4340.95,0,0.6,2975,0.813,1,0
E01,8042.13,2,0.318,2519,0.238,0,0
E01,4604.53,2,0.29,980,0.595,1,0
E03,2355.08,1,0.729,498,0.609,1,0
E03,4777.76,2,0.904,3373,0.939,0,1
E99,801.23,0,0.756,1333,0.064,0,0
E03,8988.82,0,0.873,3129,0.962,0,1
E02,7336.49,1,0.876,1676,0.733,1,1
E03,7627.13,2,0.226,2744,0.071,0,0
E99,8757.48,1,0.817,875,0.538,0,0
E03,7936.57,2,0.818,2173,0.116,0,0
E99,4375.34,1,0.48,2017,0.617,0,0
E03,1274.5,1,0.528,772,0.475,0,0
E99,3796.31,2,0.796,2451,0.776,0,0
E01,9347.44,2,0.989,1663,0.595,0,0
E03,9496.0,1,0.99,2353,0.789,0,1
E02,7701.92,2,0.579,126,0.397,0,1
E02,2123.86,1,0.832,443,0.855,1,1
E03,2025.05,1,0.573,2554,0.864,0,0
E99,8809.74,0,0.893,3585,0.666,1,0
E99,1504.97,0,0.72,418,0.298,0,1
E01,5882.96,2,0.949,92,0.982,0,0
E03,3844.69,0,0.998,930,0.819,0,1
E03,3089.91,1,0.464,154,0.851,1,0
E01,6806.08,2,0.983,882,0.061,1,1
E01,9599.73,1,0.754,2491,0.827,0,0
E01,7798.57,0,0.39,2836,0.255,1,1
E03,4913.01,2,0.202,2271,0.528,1,0
E02,4463.04,0,0.747,1442,0.712,1,1
E99,9085.88,2,0.378,558,0.436,1,0
E02,5823.26,0,0.385,1924,0.279,0,0
E99,5016.73,1,0.642,3473,0.52,1,0
E02,6860.08,1,0.225,751,0.332,0,0
E03,2447.82,1,0.533,1953,0.628,1,0
E01,730.98,1,0.839,1203,0.153,0,0
E02,8565.6,1,0.222,1288,0.434,1,1
E03,6111.89,2,0.699,1843,0.606,1,0
E99,1732.28,2,0.327,609,0.981,0,1
E03,3050.67,1,0.89,699,0.516,0,0
E01,9900.34,2,0.513,148,0.45,0,0
E02,6380.79,2,0.85,2483,0.98,1,1
E01,6397.51,1,0.779,3272,0.92,1,1
E01,814.42,1,0.902,1617,0.683,1,0
E03,9693.02,0,0.613,2233,0.562,1,0
E03,8938.55,1,0.589,3541,0.305,0,0
E03,5523.05,0,0.23,2733,0.636,1,0
E99,3162.95,0,0.627,888,0.834,0,0
E03,7010.75,2,0.618,2793,0.973,1,1
E03,8350.41,0,0.685,1426,0.211,1,1
E01,7882.6,1,0.305,3453,0.308,1,1
E01,9772.77,2,0.632,3328,0.881,1,1
E03,6404.87,1,0.563,150,0.859,0,0
E99,3280.13,2,0.677,3189,0.724,1,0
E01,5029.48,2,0.728,865,0.148,0,0
E02,8181.54,1,0.489,1743,0.714,0,0
E03,2726.89,2,0.603,2697,0.491,0,0
E01,2390.94,2,0.516,445,0.399,0,0
E02,7275.86,1,0.812,58,0.286,1,1
E99,4499.83,2,0.837,1472,0.349,1,1
E03,8184.05,0,0.434,2094,0.554,1,1
E01,1522.47,0,0.408,2114,0.202,0,0
E99,3423.39,1,0.743,3428,0.529,1,1
E01,2754.19,1,0.819,915,0.095,1,1
E99,7008.89,1,0.209,2564,0.436,0,0
E01,7617.36,2,0.542,688,0.952,0,1
E02,4614.43,1,0.446,1620,0.745,1,0
E02,4832.49,2,0.813,1913,0.114,0,1
E01,1407.12,2,0.315,1546,0.697,0,0
E99,7048.1,0,0.823,634,0.234,0,0
E01,9923.94,1,0.729,686,0.496,1,1
E01,7801.43,0,0.874,3148,0.327,1,1
E01,2308.81,1,0.992,3421,0.928,1,1
E03,6268.92,1,0.581,268,0.101,0,0
E03,3020.07,0,0.76,837,0.878,0,0
E99,398.75,0,0.768,3554,0.709,0,0
E01,1880.25,1,0.876,421,0.391,1,1
E02,1115.68,0,0.615,1937,0.877,0,1
E01,2039.73,0,0.286,1042,0.432,1,1
E02,7976.48,1,0.983,3540,0.706,1,1
E99,2999.04,2,0.245,2681,0.791,1,0
E03,7594.7,1,0.97,2705,0.319,0,0
E02,9493.74,2,0.404,237,0.118,0,0
E02,5785.3,0,0.594,551,0.866,1,1
E99,4905.55,2,0.961,2861,0.267,0,0
E02,7526.26,1,0.741,819,0.926,1,0
E01,1061.19,2,0.668,1564,0.346,1,1
E02,4339.3,0,0.461,385,0.44,0,0
E01,5038.36,1,0.434,80,0.454,0,1
E01,8327.41,1,0.226,2624,0.49,1,0
E01,8160.75,2,0.669,639,0.955,1,1
E02,8497.83,2,0.544,608,0.28,0,1
E03,7008.94,2,0.379,3035,0.622,1,0
E01,5352.5,2,0.507,2572,0.326,1,0
E02,8296.01,2,0.953,770,0.173,1,1
E99,8745.5,0,0.879,3094,0.321,0,0
E03,4856.8,0,0.544,3493,0.569,1,0
E02,9858.05,2,0.984,1482,0.621,1,0
E01,8760.7,1,0.57,1636,0.298,0,0
E99,5153.65,2,0.479,2380,0.978,1,1
E01,785.95,2,0.51,530,0.391,1,0
E01,2322.47,1,0.9,3222,0.832,0,1
E99,7786.35,0,0.414,451,0.083,1,0
E02,1200.43,2,0.378,2711,0.704,0,0
E03,4751.02,0,0.968,2077,0.335,0,0
E02,6088.04,0,0.787,471,0.555,0,1
E03,8795.63,0,0.811,1591,0.836,1,1
E01,8486.43,0,0.792,1053,0.731,0,1
E01,7666.35,1,0.746,3374,0.388,1,0
E01,4136.17,2,0.273,1928,0.739,1,1
E01,1508.27,2,0.803,1325,0.439,0,1
E99,6729.53,1,0.399,952,0.11,1,0
E01,1894.76,0,0.306,514,0.676,1,1
E02,5657.01,1,0.986,1821,0.931,0,1
E03,9808.71,2,0.222,1834,0.129,1,0
E03,5548.07,0,0.225,3430,0.696,0,0
E02,6491.01,0,0.448,2333,0.839,0,1
E02,6808.0,0,0.875,1631,0.611,1,1
E99,8320.84,2,0.982,1341,0.506,1,0
E03,4406.31,0,0.295,942,0.273,0,0
E03,5025.35,2,0.516,2328,0.232,0,0
E99,1842.12,0,0.787,528,0.423,1,1
E03,6185.33,1,0.716,22,0.653,1,0
E01,3028.0,2,0.387,3244,0.346,0,0
E02,5125.49,0,0.463,121,0.509,0,0
E01,7688.92,0,0.675,828,0.614,1,1
E03,273.94,2,0.228,2010,0.247,1,0
E99,5682.76,2,0.807,697,0.747,1,1
E02,1817.11,2,0.42,2412,0.641,1,1
E02,2865.9,0,0.863,1984,0.606,0,1
E01,443.66,2,0.747,271,0.499,1,1
E99,1777.68,0,0.716,1662,0.393,1,1
E01,9867.63,1,0.814,2989,0.566,0,1
E01,9985.38,2,0.26,1389,0.77,0,0
E01,7226.49,2,0.408,2439,0.714,1,1
E01,6157.38,0,0.617,2083,0.743,0,1
E02,7792.37,1,0.822,1658,0.247,0,1
E02,8975.89,0,0.879,2050,0.783,1,0
E01,5241.12,1,0.506,1753,0.365,0,0
E01,449.31,2,0.835,247,0.269,1,1
E01,7123.02,0,0.376,1571,0.164,0,1
E02,9847.56,0,0.266,1494,0.831,1,0
E01,2654.72,0,0.397,2804,0.636,1,1
E03,4688.31,0,0.923,2595,0.841,1,1
E01,3676.62,1,0.635,2065,0.578,1,1
E01,3965.63,2,0.585,1374,0.859,0,1
E02,7241.86,0,0.795,2268,0.573,0,1
E02,3846.2,1,0.208,3591,0.657,0,0
E01,9416.73,2,0.295,3013,0.103,0,0
E01,7917.62,1,0.28,848,0.679,0,0
E99,373.71,0,0.297,1010,0.612,0,1
E01,8203.63,0,0.563,1787,0.278,0,0
E02,7751.29,0,0.425,2377,0.156,0,0
E02,5213.29,0,0.829,2426,0.376,0,1
E01,5018.49,0,0.871,2819,0.107,0,0
E02,8371.72,1,0.94,1972,0.615,1,1
E03,4305.37,1,0.357,2967,0.563,1,0
E03,1678.68,2,0.602,141,0.913,0,0
E01,3197.7,2,0.239,782,0.537,1,0
E01,2725.5,0,0.392,1849,0.736,0,0
E01,6842.48,1,0.692,1881,0.674,0,1
E02,1870.85,2,0.538,3479,0.708,1,0
E03,6483.25,0,0.753,2374,0.345,1,1
E01,4713.07,2,0.871,1464,0.44,1,1
E01,8412.64,0,0.248,2112,0.163,1,0
E99,4901.49,1,0.951,419,0.661,1,0
E01,9305.06,2,0.234,1409,0.334,1,1
E02,9014.64,1,0.985,77,0.566,1,0
E03,1934.35,1,0.71,541,0.916,0,0
E01,6893.05,1,0.235,1484,0.692,0,1
E01,2224.79,1,0.515,19,0.302,0,0
E01,8250.71,2,0.407,667,0.534,0,0
E99,6393.66,2,0.839,3218,0.616,1,0
E01,3011.77,0,0.38,3005,0.849,1,1
E01,2566.32,1,0.861,2047,0.796,0,0
E01,4352.82,2,0.45,3428,0.346,1,0
E01,8027.16,1,0.991,112,0.914,1,1
E03,7982.0,1,0.416,3385,0.189,1,0
E01,430.42,2,0.748,1786,0.31,1,1
E02,3092.64,2,0.84,1348,0.082,1,1
E02,4286.22,0,0.373,2846,0.343,1,0
E03,5897.26,2,0.261,1637,0.439,0,0
E01,1580.32,2,0.641,2165,0.277,1,0
E99,3419.3,0,0.742,1134,0.062,0,0
E03,8867.41,2,0.854,1887,0.06,1,0
E01,4817.82,1,0.418,465,0.919,1,1
E03,7467.02,0,0.898,774,0.741,1,0
E99,4899.31,1,0.933,2012,0.706,1,1
E01,4703.33,1,0.823,3397,0.789,1,1
E99,6257.06,1,0.206,671,0.703,0,0
E02,2667.71,0,0.27,2082,0.108,1,1
E03,2573.04,2,0.998,214,0.92,1,0
E99,9894.6,1,0.787,1822,0.453,1,0
E02,8703.02,0,0.701,3058,0.476,1,1
E03,7403.77,1,0.921,1222,0.883,0,1
E01,1457.73,1,0.232,2874,0.242,0,1
E03,399.22,0,0.806,1415,0.344,1,0
E03,1836.58,2,0.724,3334,0.854,0,0
E01,9383.54,1,0.879,2263,0.538,0,0
E02,8181.27,2,0.822,1179,0.445,0,0
E01,5278.45,2,0.588,955,0.947,1,1
E01,9690.93,0,0.257,3134,0.885,0,0
E01,1551.16,0,0.928,1731,0.884,0,1
E01,5635.59,2,0.811,1435,0.249,1,0
E01,1913.9,1,0.485,2112,0.843,1,1
E01,3133.64,0,0.987,262,0.667,1,0
E03,9407.34,0,0.449,662,0.7,0,0
E03,8695.96,1,0.496,1648,0.095,0,0
E03,1107.81,1,0.98,1048,0.572,0,0
E01,2570.48,0,0.734,1994,0.255,1,1
E99,5985.62,0,0.903,1254,0.921,1,1
E02,707.39,1,0.91,1556,0.578,0,1
E01,5545.84,1,0.629,2805,0.63,0,1
E01,5886.47,0,0.414,2827,0.279,1,1
E03,2980.58,0,0.878,1053,0.446,0,1
E01,3001.92,0,0.602,1267,0.548,1,1
E02,2367.88,1,0.651,2303,0.813,0,0
E99,9363.2,0,0.633,3315,0.625,1,0
E01,3949.82,0,0.208,1960,0.156,1,1
E01,5894.16,2,0.237,267,0.474,0,0
E99,3085.59,2,0.693,2146,0.328,0,0
E02,7056.37,1,0.836,2593,0.557,1,1
E01,1104.27,0,0.566,3371,0.492,0,1
E99,809.25,2,0.352,3344,0.071,1,0
E99,7468.41,2,0.525,2486,0.245,1,0
E02,7294.01,2,0.815,1991,0.67,1,0
E03,2723.51,0,0.287,603,0.562,1,1
E01,3614.96,1,0.648,3163,0.1,1,1
E01,9576.88,2,0.762,1716,0.612,0,0
E02,1132.87,0,0.533,2490,0.523,1,0
E01,1913.16,0,0.681,2646,0.191,1,1
E03,4357.38,0,0.907,53,0.052,0,1
E03,2892.78,1,0.37,1344,0.365,1,0
E01,6525.18,1,0.308,2416,0.783,0,1
E02,6936.96,0,0.249,1705,0.175,0,0
E01,5311.24,2,0.781,2363,0.938,0,1
E99,6150.85,1,0.92,2024,0.56,1,0
E01,4390.87,0,0.752,1,0.763,0,0
E03,7627.83,2,0.981,1101,0.968,0,0
E02,516.78,2,0.766,1473,0.297,1,1
E02,3197.62,0,0.431,1385,0.598,0,0
E03,6875.86,2,0.404,140,0.37,0,0
E03,3363.49,0,0.733,67,0.129,0,0
E02,877.5,2,0.741,1055,0.796,0,0
E03,3515.63,1,0.619,3064,0.061,1,0
E99,7143.8,0,0.622,3551,0.867,1,0
E02,1307.65,0,0.533,3012,0.797,1,0
E02,7273.85,2,0.48,3385,0.65,0,0
E01,7777.01,1,0.707,3334,0.606,1,1
E03,6389.48,1,0.798,2465,0.845,0,1
E02,2517.92,2,0.851,442,0.102,0,1
E02,8072.42,1,0.446,1321,0.742,1,1
E01,2222.98,0,0.886,2650,0.22,1,1
E99,9067.63,2,0.442,1427,0.069,1,0
E02,7095.79,1,0.444,968,0.344,0,0
E03,641.73,0,0.845,138,0.358,0,1
E01,8012.94,2,0.976,1219,0.231,1,0
E99,5113.69,2,0.946,1218,0.718,1,0
E01,4581.22,0,0.289,2929,0.575,1,1
E01,4263.06,1,0.431,2823,0.915,1,0
E99,6105.64,2,0.808,408,0.766,0,0
E99,7273.33,2,0.845,1870,0.827,0,0
E01,8970.17,0,0.603,3250,0.898,0,1
E02,2802.15,2,0.213,1716,0.808,1,1
E03,6344.69,0,0.601,3443,0.161,1,0
E99,6894.79,1,0.225,328,0.224,0,0
E02,6780.49,1,0.425,1160,0.428,0,0
E02,4980.71,0,0.725,3308,0.362,1,1
E03,3971.12,2,0.308,2577,0.882,0,0
E03,7647.55,0,0.77,1019,0.543,1,1
E03,3070.1,2,0.697,3210,0.873,0,1
E02,2159.73,2,0.544,1379,0.414,0,0
E01,5503.71,1,0.498,2853,0.902,1,1
E99,2749.35,1,0.932,1191,0.117,0,0
E99,429.01,0,0.643,1220,0.469,1,1
E03,610.6,2,0.911,1184,0.897,0,1
E01,6980.6,2,0.53,1315,0.473,1,1
E01,9734.14,1,0.676,2157,0.739,1,1
E03,4601.41,0,0.964,2913,0.389,1,0
E01,1555.91,1,0.299,2257,0.829,1,1
E99,8199.02,2,0.41,93,0.644,0,0
E02,2688.22,2,0.933,2155,0.813,1,0
E03,9956.7,0,0.538,1553,0.554,1,0
E99,5676.32,2,0.418,247,0.649,0,0
E02,2403.06,0,0.998,1190,0.547,1,0
E01,5010.45,1,0.282,3490,0.583,1,0
E03,3420.27,1,0.689,1255,0.698,1,1
E02,7816.77,0,0.83,2570,0.164,1,1
E02,1147.58,0,0.829,719,0.772,1,1
E03,8584.33,2,0.553,3177,0.384,0,0
E99,7696.64,1,0.235,2930,0.062,1,0
E02,8627.5,2,0.873,575,0.655,0,1
E01,8960.44,1,0.842,2488,0.627,1,0
E02,2374.8,1,0.39,3355,0.732,0,0
E02,5257.96,0,0.472,3256,0.988,0,1
E01,8514.23,1,0.61,2598,0.484,0,0
E01,3836.14,2,0.291,2627,0.965,0,0
E03,698.04,0,0.856,1803,0.593,0,1
E01,2987.18,1,0.938,538,0.386,0,0
E99,2495.01,1,0.447,84,0.687,0,0
E01,8713.62,2,0.939,1056,0.235,1,1
E01,4692.08,0,0.841,912,0.958,1,1
E03,6867.09,0,0.782,3289,0.465,1,0
E99,9624.98,0,0.975,3019,0.06,0,1
E01,3061.96,0,0.46,1169,0.666,0,1
E01,7635.88,2,0.933,1365,0.163,0,1
E01,325.36,0,0.279,2675,0.134,1,1
E02,1130.75,1,0.582,2442,0.072,1,1
E02,1702.46,0,0.642,3191,0.88,1,1
E01,3192.94,2,0.298,2631,0.082,1,0
E01,4089.57,1,0.79,2490,0.555,1,1
E02,4822.46,1,0.58,2792,0.51,0,0
E99,2528.78,2,0.564,3218,0.906,1,0
E03,755.53,0,0.665,1377,0.906,1,0
E02,6807.48,2,0.308,905,0.916,0,0
E01,334.25,1,0.36,3275,0.426,0,0
E01,8113.76,1,0.345,582,0.495,0,0
E01,9298.63,0,0.962,1052,0.826,0,1
E03,7132.65,0,0.819,490,0.163,0,0
E99,6000.01,2,0.623,3009,0.158,0,0
E99,6604.48,2,0.728,3301,0.916,0,0
E99,6557.0,2,0.72,1529,0.078,0,0
E99,9323.88,0,0.41,359,0.41,1,0
E99,9646.63,2,0.269,843,0.233,0,0
E01,4324.45,0,0.644,2084,0.129,0,1
E01,6209.08,2,0.41,1237,0.965,1,0
E01,8047.79,1,0.899,2700,0.206,1,0
E02,110.28,2,0.389,2878,0.456,1,0
E01,5317.46,0,0.658,1572,0.291,0,0
E03,6563.48,2,0.536,2213,0.512,0,0
E03,7200.33,1,0.794,230,0.771,0,1
E02,3751.02,1,0.961,492,0.67,0,0
E01,3026.88,1,0.529,1210,0.587,1,1
E01,1903.21,2,0.235,447,0.53,0,0
E01,5622.37,1,0.729,54,0.174,1,1
E99,9201.1,1,0.303,2474,0.428,1,0
E02,8970.18,1,0.284,85,0.901,0,0
E03,3663.66,0,0.729,862,0.821,1,0
E01,2652.77,2,0.282,2597,0.111,0,0
E02,7909.06,2,0.303,751,0.84,0,0
E02,7277.3,1,0.551,819,0.828,1,1
E03,5102.86,2,0.562,2698,0.804,1,0
E03,3951.4,0,0.931,80,0.816,1,1
E01,1325.6,0,0.421,1162,0.974,0,1
E99,7872.87,2,0.521,1930,0.102,0,0
E01,6212.9,2,0.766,246,0.411,1,1
E99,3831.13,2,0.862,2348,0.96,0,1
E01,9196.0,0,0.479,1529,0.57,0,0
E01,6630.76,1,0.705,1118,0.691,1,1
E03,9299.46,2,0.699,2049,0.39,1,1
E01,4796.68,0,0.443,140,0.249,0,0
E02,4600.72,2,0.295,2165,0.97,1,1
E02,9378.67,2,0.746,1669,0.39,1,0
E01,9601.94,0,0.414,211,0.577,1,1
E03,9611.6,1,0.455,2828,0.279,0,1
E99,8207.08,2,0.658,1633,0.959,1,0
E99,4677.82,2,0.329,247,0.293,0,0
E01,2181.96,2,0.393,1295,0.909,0,0
E02,3896.06,2,0.557,2682,0.324,0,0
E01,9389.15,2,0.903,1616,0.94,0,1
E01,3699.19,2,0.818,1395,0.395,0,0
E01,7591.5,2,0.454,151,0.87,1,1
E99,9237.74,0,0.442,233,0.614,1,0
E99,9706.88,1,0.99,1064,0.157,1,1
E03,9481.97,1,0.723,977,0.328,1,0
E02,5595.07,1,0.748,2316,0.765,1,0
E02,4969.61,0,0.244,1693,0.677,1,0
E02,9877.64,2,0.284,454,0.385,1,1
E02,2259.97,2,0.436,2346,0.234,1,1
E02,1956.55,1,0.874,3453,0.829,0,1
E01,9635.5,2,0.929,3090,0.635,1,1
E01,6923.03,0,0.353,3578,0.691,1,0
E99,5409.41,2,0.771,1728,0.5,1,0
E02,1407.29,0,0.899,1298,0.379,1,1
E99,5181.08,2,0.903,201,0.409,0,0
E01,9447.79,1,0.567,2451,0.079,0,1
E02,6068.62,1,0.407,1584,0.937,1,1
E01,4105.82,2,0.965,2287,0.395,0,1
E01,5555.92,0,0.421,1084,0.504,0,0
E01,8872.84,2,0.402,602,0.386,0,0
E01,9137.2,1,0.365,2484,0.384,0,1
E99,4060.87,2,0.626,1398,0.694,0,0
E01,6119.8,1,0.286,1904,0.68,1,1
E03,2864.11,0,0.657,3530,0.812,1,1
E02,4565.74,1,0.955,1013,0.117,0,0
E02,2276.84,1,0.604,460,0.872,1,1
E02,5361.58,2,0.972,2563,0.949,1,1
E01,5824.58,1,0.925,2071,0.98,1,1
E99,3444.58,1,0.834,1434,0.171,1,1
E03,2793.97,0,0.686,2157,0.507,1,0
E03,1595.15,0,0.905,3323,0.933,1,1
E02,1481.48,1,0.644,603,0.763,1,1
E01,7143.47,1,0.366,2847,0.107,1,0
E99,2294.22,1,0.94,1927,0.868,1,1
E01,1267.97,0,0.602,2899,0.838,1,1
E01,9988.83,2,0.926,3302,0.783,0,0
E01,2673.17,2,0.515,576,0.437,0,0
E03,8970.88,0,0.469,417,0.644,0,0
E03,6130.94,0,0.813,14,0.723,1,0
E03,7179.19,2,0.708,683,0.423,1,0
E03,5653.1,2,0.552,1248,0.787,0,1
E01,1890.03,2,0.903,921,0.307,0,1
E99,8485.81,1,0.613,2964,0.223,0,0
E02,8296.93,2,0.21,2703,0.857,0,0
E03,3561.89,2,0.755,1266,0.369,1,0
E01,7662.12,0,0.251,2078,0.103,1,1
E99,5476.1,1,0.585,1126,0.833,1,0
E01,9099.59,0,0.354,1813,0.801,1,1
E01,8047.96,2,0.394,1047,0.804,1,0
E02,505.86,2,0.984,2851,0.37,0,1
E01,8804.83,0,0.291,821,0.617,1,1
E01,9688.81,0,0.806,3521,0.063,1,1
E03,7447.35,0,0.71,3356,0.052,0,0
E02,1287.14,0,0.356,706,0.294,1,1
E99,8093.02,0,0.948,2055,0.544,1,1
E01,6510.14,2,0.361,2923,0.614,1,1
E03,3454.38,1,0.612,3038,0.175,0,0
E02,8851.9,2,0.832,1332,0.866,1,1
E03,5699.11,1,0.811,1971,0.952,0,1
E02,8543.99,2,0.456,526,0.162,0,0
E02,6734.13,2,0.871,906,0.824,0,1
E99,2956.31,0,0.97,924,0.627,1,0
E01,9752.69,0,0.579,1029,0.522,0,1
E01,5752.95,1,0.722,1438,0.51,1,1
E03,5215.88,1,0.492,2476,0.755,0,0
E03,4094.75,2,0.483,3237,0.246,0,0
E01,1449.81,0,0.576,2093,0.622,0,0
E02,6893.51,0,0.358,1722,0.296,1,0
E99,4364.91,1,0.752,2530,0.13,1,0
E03,9352.66,0,0.332,2211,0.57,1,0
E99,9654.46,2,0.204,1607,0.302,0,0
E02,7699.64,0,0.552,120,0.748,1,1
E03,2500.7,2,0.261,1950,0.661,1,0
E01,7188.2,1,0.65,231,0.261,1,1
E99,302.18,2,0.616,2199,0.86,1,0
E02,8281.36,0,0.31,3378,0.376,0,1
E03,4986.82,2,0.397,2871,0.717,0,0
E02,9373.72,2,0.22,3018,0.301,0,0
E02,3839.82,1,0.675,1662,0.235,1,0
E03,2705.42,0,0.434,1763,0.859,0,0
E02,9951.06,0,0.77,1891,0.914,0,1
E99,5353.71,0,0.704,722,0.381,0,1
E02,8645.51,1,0.499,3530,0.346,0,0
E03,9119.47,2,0.217,145,0.71,0,0
E01,5232.84,1,0.456,3564,0.264,0,0
E02,4611.57,2,0.46,3511,0.862,1,1
E02,5573.57,2,0.466,3384,0.058,0,0
E01,8492.62,2,0.963,21,0.184,0,1
E01,9650.14,2,0.332,3435,0.163,0,0
E03,3350.39,2,0.416,856,0.349,1,0
E03,7412.44,2,0.866,939,0.864,1,0
E03,2925.21,0,0.94,2462,0.652,0,1
E01,6148.44,1,0.575,1432,0.151,1,0
E01,8067.42,1,0.632,3376,0.124,0,0
E01,8876.21,2,0.242,1787,0.321,1,0
E03,4542.29,0,0.846,422,0.633,0,1
E99,3760.58,2,0.676,862,0.608,1,0
E01,2609.17,1,0.583,2786,0.157,0,1
E03,1420.83,2,0.442,2072,0.765,1,0
E01,3712.68,2,0.555,1195,0.644,0,1
E01,8732.58,1,0.788,790,0.974,1,1
E01,4246.21,2,0.265,2447,0.569,1,0
E01,3241.2,0,0.605,960,0.358,0,1
E03,7417.41,0,0.228,348,0.162,0,0
E99,2234.29,1,0.818,2002,0.914,1,1
E01,2637.24,1,0.369,3113,0.085,1,1
E02,9365.5,0,0.923,1110,0.378,1,1
E03,907.74,2,0.581,2546,0.549,0,0
E99,4204.85,0,0.566,1607,0.586,1,1
E03,5809.84,1,0.488,3440,0.597,0,0
E01,2379.58,0,0.613,2186,0.724,0,1
E03,2882.02,0,0.47,1809,0.171,1,0
E01,2296.27,0,0.488,821,0.726,0,1
E99,3517.34,1,0.356,3195,0.886,0,0
E02,8995.21,2,0.476,165,0.079,1,0
E03,4372.71,0,0.849,1945,0.084,0,0
E01,4236.51,2,0.397,958,0.982,0,0
E02,3927.15,1,0.857,1846,0.343,0,1
E99,9644.75,2,0.889,3539,0.478,1,0
E03,1261.26,1,0.733,341,0.341,1,1
E02,8731.57,1,0.225,189,0.573,0,1
E99,3338.89,1,0.649,2931,0.719,0,0
E99,9569.46,2,0.867,2514,0.764,0,0
E01,3220.75,1,0.493,1484,0.384,0,1
E02,920.46,2,0.426,801,0.295,0,0
E02,5248.41,1,0.457,2160,0.564,1,0
E03,2355.87,0,0.538,926,0.411,0,0
E01,7554.6,0,0.256,2342,0.635,1,1
E01,6607.33,1,0.39,1458,0.625,0,0
E99,6896.04,0,0.718,2789,0.891,1,1
E99,2015.55,0,0.578,2370,0.054,0,0
E03,7115.44,1,0.398,2071,0.146,0,0
E99,3182.18,0,0.945,352,0.79,0,1
E03,9986.87,2,0.436,2232,0.599,1,0
E03,7344.5,2,0.303,2514,0.109,0,0
E03,5945.07,2,0.359,1875,0.936,1,0
E02,8684.47,1,0.437,2134,0.661,0,0
E02,5934.19,0,0.618,2210,0.507,0,0
E01,5572.22,2,0.253,841,0.783,0,0
E03,2449.42,1,0.884,1599,0.61,1,1
E01,6813.31,1,0.902,454,0.401,0,1
E01,3808.98,1,0.455,2795,0.329,1,1
E02,526.52,0,0.82,525,0.476,1,1
E02,8179.01,1,0.68,2918,0.497,0,1
E01,613.54,1,0.876,2291,0.719,0,0
E03,6755.77,2,0.422,1862,0.495,0,0
E99,1651.54,1,0.688,1818,0.067,1,0
E01,4382.44,2,0.258,528,0.694,0,0
E01,8605.01,2,0.208,2346,0.115,0,0
E01,1034.75,0,0.9,1345,0.846,1,1
E03,6704.79,0,0.436,2821,0.716,0,1
E03,6164.93,1,0.556,3023,0.612,1,0
E01,8688.54,2,0.385,3302,0.477,0,1
E03,1810.08,1,0.901,3300,0.212,0,0
E01,8017.9,0,0.508,2743,0.666,1,1
E02,4556.2,1,0.343,962,0.153,0,0
E99,4343.57,2,0.686,986,0.618,1,0
E01,3681.67,0,0.364,3388,0.222,0,1
E01,3917.18,1,0.409,3469,0.611,0,0
E02,5247.6,1,0.738,996,0.192,0,1
E03,1157.32,1,0.967,2333,0.139,1,1
E99,4308.15,0,0.804,3308,0.493,1,0
E99,6554.61,2,0.299,3051,0.717,0,0
E01,5032.1,2,0.45,3367,0.274,0,1
E01,1741.71,1,0.837,1266,0.518,1,1
E03,3694.21,1,0.42,1817,0.801,0,0
E01,4485.32,1,0.792,2155,0.566,0,1
E99,6721.86,0,0.577,3422,0.611,0,1
E03,9017.59,0,0.908,3538,0.257,1,1
E01,5548.72,2,0.487,1977,0.167,0,1
E03,6796.04,0,0.948,3069,0.19,1,0
E01,864.18,2,0.526,1364,0.964,1,0
E02,9549.22,1,0.781,2174,0.131,1,0
E02,3220.57,1,0.356,2916,0.192,1,0
E02,3607.49,0,0.625,3193,0.243,0,1
E03,2306.14,2,0.448,391,0.791,1,0
E03,938.23,1,0.21,263,0.424,1,1
E99,7921.46,2,0.55,780,0.793,0,0
E99,2480.85,2,0.338,367,0.444,1,0
E02,2898.61,0,0.967,768,0.797,1,1
E01,1899.78,2,0.847,3415,0.892,0,1
E03,9751.36,1,0.792,2239,0.47,0,1
E99,7832.24,0,0.563,350,0.977,1,1
E01,9306.01,1,0.407,2552,0.927,0,0
E02,8631.06,1,0.459,3381,0.064,0,0
E02,9072.34,1,0.363,3014,0.58,1,1
E01,4842.44,0,0.642,3079,0.668,0,0
E03,1788.36,2,0.849,3239,0.843,0,0
E02,3336.12,0,0.35,2703,0.683,0,0
E03,2995.27,1,0.204,3150,0.697,0,0
E03,7199.62,2,0.3,2869,0.322,1,0
E03,354.16,0,0.569,2455,0.821,0,0
E02,1506.22,1,0.215,718,0.109,1,1
E01,6860.56,1,0.523,3293,0.668,1,1
E03,1322.08,2,0.289,324,0.24,1,0
E03,578.09,2,0.286,992,0.77,0,0
E02,1181.23,2,0.77,2600,0.793,0,1
E99,6937.67,1,1.0,2611,0.214,1,0
E01,1479.32,1,0.356,3179,0.796,1,0
E99,1548.41,0,0.384,276,0.837,0,0
E01,2379.97,2,0.437,2835,0.1,0,0
E01,7534.02,0,0.828,451,0.454,0,1
E02,2083.49,1,0.605,2192,0.231,0,0
E01,450.22,2,0.657,814,0.169,1,0
E01,9068.05,2,0.637,2047,0.805,0,0
E01,8775.55,0,0.95,370,0.326,1,0
E02,1929.71,2,0.228,123,0.655,0,0
E03,2726.89,1,0.326,3476,0.053,1,0
E01,1966.72,1,0.506,1840,0.125,0,0
E03,7223.39,0,0.59,1679,0.624,0,0
E03,2575.09,2,0.291,1414,0.398,1,0
E01,9321.35,1,0.915,3264,0.877,1,1
E01,8293.65,0,0.742,2819,0.127,1,1
E99,5925.17,0,0.946,1716,0.636,1,1
E03,188.49,2,0.953,443,0.711,0,0
E02,8848.33,0,0.61,2519,0.625,1,0
E03,7304.84,1,0.882,734,0.69,1,0
E01,7900.28,2,0.789,1158,0.284,1,0
E02,811.07,2,0.488,2379,0.771,1,0
E03,7114.75,0,0.726,3422,0.571,0,0
E01,8065.44,0,0.962,799,0.791,1,1
E03,9570.69,0,0.811,126,0.164,1,1
E02,5846.66,2,0.768,1529,0.169,0,0
E03,5129.61,1,0.377,2510,0.422,0,0
E02,4311.43,2,0.865,2368,0.416,1,1
E02,7042.75,0,0.512,3421,0.171,1,0
E01,9216.13,2,0.699,749,0.126,0,0
E01,6037.57,0,0.742,2837,0.126,1,1
E03,2350.11,0,0.612,2785,0.099,0,0
E01,273.98,1,0.332,2979,0.081,0,1
E01,6229.22,1,0.758,3248,0.809,0,1
E01,8659.52,1,0.398,1077,0.929,0,1
E01,753.16,0,0.412,1115,0.45,0,1
E03,4035.95,1,0.301,1627,0.226,0,0
E02,9406.46,1,0.696,1260,0.359,1,1
E99,5066.6,2,0.294,491,0.819,0,0
E01,2284.52,2,0.476,1186,0.923,0,0
E03,3601.2,1,0.912,1355,0.274,0,0
E02,4140.58,2,0.562,2730,0.079,1,1
E02,1261.17,1,0.916,31,0.34,1,1
E99,6641.84,1,0.594,2703,0.412,0,1
E99,5962.43,2,0.343,2803,0.053,0,0
E99,6512.46,1,0.807,479,0.691,0,0
E01,6146.84,1,0.483,3430,0.167,0,0
E01,265.05,1,0.973,2605,0.127,0,1
E03,1827.18,2,0.41,2523,0.726,1,0
E01,1739.16,2,0.858,2761,0.775,1,1
E03,1069.72,1,0.595,2917,0.223,0,0
E02,7381.21,0,0.874,1449,0.772,0,1
E02,1289.36,1,0.346,1848,0.33,1,0
E03,6715.12,1,0.707,2198,0.34,1,1
E03,1866.06,2,0.291,690,0.165,0,0
E01,1271.27,2,0.844,221,0.263,1,0
E01,1709.05,0,0.389,2595,0.086,1,1
E03,5133.19,2,0.542,899,0.682,0,0
E02,6490.28,2,0.725,1078,0.85,1,0
E01,8138.06,2,0.583,372,0.095,0,1
E02,1372.77,1,0.823,1654,0.29,0,0
E03,6200.25,0,0.751,2046,0.375,0,0
E03,7761.01,1,0.304,3242,0.419,0,0
E02,3192.81,2,0.819,1769,0.825,0,0
E02,889.18,1,0.539,1343,0.09,0,0
E01,1643.87,2,0.678,2859,0.627,1,0
E02,1006.43,0,0.373,1042,0.55,0,0
E01,8883.4,2,0.538,41,0.838,0,1
E02,3829.35,0,0.854,115,0.338,0,0
E03,5281.15,2,0.941,3040,0.146,1,0
E01,7710.01,2,0.951,2525,0.173,1,1
E01,3777.83,2,0.76,649,0.643,1,1
E01,6526.12,1,0.263,775,0.563,1,1
E99,859.13,1,0.554,3013,0.607,0,0
E03,4860.97,2,0.354,2302,0.179,0,0
E01,1055.54,0,0.758,1735,0.09,1,0
E99,2558.01,0,0.329,1320,0.583,1,0
E02,3004.07,0,0.982,1374,0.126,0,0
E02,7204.08,0,0.356,2835,0.924,0,1
E99,6773.63,1,0.242,711,0.805,0,0
E01,7496.09,1,0.875,3203,0.219,0,1
E01,711.37,1,0.362,858,0.612,1,0
E02,9939.75,0,0.219,849,0.174,0,0
E01,638.76,1,0.638,1358,0.93,1,1
E03,8274.9,1,0.975,2852,0.604,0,0
E01,7428.66,0,0.414,19,0.349,1,0
E01,5958.44,2,0.527,550,0.69,0,1
E01,4444.69,2,0.39,1352,0.052,1,1
E02,7595.61,2,0.646,508,0.321,0,1
E01,7424.59,0,0.458,1380,0.27,0,1
E01,1458.07,1,0.673,1542,0.375,0,1
E99,7947.06,2,0.582,2226,0.13,1,0
E01,877.71,1,0.943,1168,0.96,1,1
E02,5055.41,0,0.736,1937,0.49,0,1
E01,6486.31,1,0.746,3553,0.855,1,0
E02,8234.72,0,0.589,1662,0.106,1,1
E01,4684.79,1,0.443,2894,0.844,1,1
E03,2444.89,1,0.451,986,0.664,0,0
E01,4957.53,2,0.603,3204,0.688,0,1
E99,2577.06,2,0.354,2047,0.808,1,0
E99,5334.38,1,0.306,490,0.545,1,1
E01,4678.83,1,0.498,3263,0.646,0,0
E01,7826.99,0,0.304,2570,0.896,0,1
E01,2476.89,2,0.385,1234,0.168,1,0
E03,2079.85,0,0.628,2175,0.102,0,1
E01,4794.43,2,0.832,3410,0.974,1,1
E99,599.99,2,0.38,358,0.879,0,0
E03,2370.47,2,0.833,142,0.533,1,0
E03,3601.68,2,0.212,2857,0.784,0,0
E02,4927.53,0,0.998,1037,0.879,0,1
E99,2767.42,2,0.614,3073,0.489,0,0
E01,5650.3,1,0.581,2775,0.142,1,0
E02,8796.31,1,0.72,3290,0.502,1,0
E01,5482.9,2,0.58,2733,0.38,0,0
E99,2939.71,1,0.526,3383,0.072,1,0
E02,713.61,1,0.497,2231,0.952,1,0
E03,1453.0,0,0.982,389,0.723,0,0
E01,5656.05,0,0.889,753,0.789,1,1
E99,6868.72,2,0.602,3175,0.611,1,0
E02,591.71,1,0.869,1049,0.303,1,1
E02,1936.94,0,0.319,3403,0.6,0,0
E99,3258.9,2,0.624,3146,0.689,1,0
E02,3265.75,2,0.56,2487,0.611,0,0
E02,9588.23,0,0.46,491,0.17,1,1
E02,2117.33,0,0.935,662,0.815,0,1
E01,718.95,0,0.866,2678,0.33,0,1
E01,3594.85,0,0.926,1443,0.423,0,1
E01,1430.98,2,0.708,1446,0.568,0,0
E01,1353.16,0,0.501,325,0.969,0,1
E99,4133.76,2,0.805,1653,0.344,0,0
E02,3133.27,1,0.287,16,0.089,0,0
E02,1008.1,0,0.882,511,0.964,0,1
E02,6082.6,2,0.223,3312,0.95,0,0
E02,5066.83,0,0.855,2716,0.236,1,1
E03,863.29,2,0.763,3500,0.829,1,0
E99,8641.17,0,0.271,3281,0.914,0,0
E99,2918.66,1,0.318,3309,0.062,1,0
E02,9617.67,0,0.562,1466,0.759,1,1
E01,9322.23,1,0.44,915,0.219,1,0
E02,4397.56,2,0.894,2466,0.828,0,1
E02,2362.81,2,0.354,2236,0.07,0,0
E02,8365.04,0,0.534,1558,0.7,0,1
E03,3676.73,0,0.408,1799,0.818,0,1
E02,1719.15,0,0.302,724,0.084,1,0
E01,5560.92,2,0.408,1786,0.762,1,0
E01,4945.08,1,0.888,3471,0.162,1,0
E02,8515.18,2,0.772,1542,0.124,1,1
E01,7319.89,1,0.931,1863,0.915,1,1
E01,8773.78,1,0.524,3388,0.918,0,0
E03,7373.56,0,0.392,3071,0.747,0,0
E02,6457.53,0,0.221,2847,0.887,1,0
E01,5051.75,2,0.596,20,0.066,1,1
E02,9876.78,0,0.232,3048,0.531,1,1
E03,9595.73,1,0.203,277,0.869,1,0
E01,8503.64,1,0.684,125,0.889,0,1
E03,7775.66,1,0.332,1271,0.395,1,0
E99,5817.84,2,0.648,1483,0.355,1,0
E02,2671.56,2,0.659,435,0.708,0,1
E03,8766.85,1,0.779,2153,0.107,0,0
E01,207.08,2,0.507,3314,0.784,1,1
E99,2351.66,1,0.764,2371,0.285,0,0
E02,4096.95,0,0.493,3458,0.54,1,1
E99,5902.96,1,0.278,3221,0.231,0,0
E02,5652.71,2,0.448,2935,0.74,0,0
E01,1840.58,2,0.206,602,0.949,1,0
E01,1137.5,1,0.57,2297,0.558,1,1
E03,2301.06,0,0.792,325,0.944,0,1
E02,3552.22,2,0.828,2781,0.428,0,1
E01,239.13,0,0.386,3215,0.319,1,0
E03,6955.31,2,0.285,431,0.838,0,0
E99,2552.5,2,0.348,1824,0.086,0,0
E02,3578.9,2,0.987,459,0.314,1,1
E02,3415.53,0,0.45,1941,0.699,0,0
E01,5167.12,1,0.543,1625,0.228,1,1
E03,8612.02,0,0.261,3204,0.887,1,0
E01,1578.96,0,0.831,981,0.503,1,1
E99,3473.2,1,0.559,2699,0.281,0,0
E02,6951.09,2,0.27,2367,0.399,0,0
E02,537.89,0,0.578,2630,0.317,1,0
E01,8316.79,0,0.771,3460,0.709,0,0
E01,9622.07,2,0.578,670,0.153,1,0
E03,6115.61,2,0.975,49,0.852,1,1
E02,9569.43,2,0.897,2237,0.19,1,0
E02,4189.31,2,0.612,441,0.316,1,0
E99,4208.81,2,0.952,1620,0.639,1,1
E99,1151.86,2,0.849,1876,0.383,1,0
E99,450.92,2,0.495,2200,0.529,0,0
E01,2520.59,2,0.817,44,0.585,1,1
E02,4833.47,0,0.605,2072,0.293,0,0
E99,5126.06,1,0.631,2803,0.553,0,0
E02,2254.0,1,0.616,95,0.933,1,1
E01,6166.78,1,0.843,1422,0.052,0,0
E03,1893.94,2,0.935,1238,0.61,1,0
E02,3329.49,0,0.456,1226,0.351,1,1
E02,2037.52,0,0.714,1648,0.86,0,1
E99,6996.97,1,0.703,510,0.141,0,0
E03,5214.07,2,0.91,1801,0.107,1,0
E02,7387.4,2,0.558,278,0.431,1,0
E02,666.76,0,0.352,358,0.683,0,1
E02,4311.08,1,0.362,1932,0.056,1,0
E01,9672.89,1,0.241,3234,0.813,1,1
E03,630.83,1,0.281,2548,0.366,1,0
E03,4241.95,2,0.441,1204,0.915,1,0
E01,499.94,1,0.282,1245,0.901,0,1
E01,1551.87,2,0.897,1762,0.768,0,1
E99,4679.01,2,0.49,126,0.743,0,0
E01,1659.38,1,0.495,2389,0.615,0,0
E02,5235.68,1,0.806,482,0.797,1,1
E02,9235.04,1,0.441,2588,0.217,0,0
E03,2084.03,2,0.772,1346,0.818,0,0
E01,1161.15,0,0.858,1361,0.581,1,1
E03,8270.24,2,0.488,1584,0.785,1,0
E02,4656.67,1,0.582,465,0.514,1,1
E03,8837.85,0,0.458,863,0.643,1,1
E01,3130.62,2,0.539,747,0.371,0,0
E02,6312.57,0,0.665,3050,0.449,1,1
E02,9240.8,1,0.48,595,0.393,1,0
E01,1799.79,2,0.571,465,0.746,0,1
E01,8027.21,2,0.597,879,0.239,1,0
E01,6352.02,2,0.22,1529,0.925,1,1
E01,8148.17,0,0.331,2173,0.83,0,0
E01,1789.86,2,0.633,1524,0.86,0,1
E99,4397.46,1,0.202,1929,0.909,0,0
E02,1375.49,0,0.763,1863,0.46,0,0
E03,9604.81,2,0.924,607,0.888,0,1
E99,720.65,0,0.804,27,0.467,0,0
E01,748.29,0,0.451,2453,0.146,0,0
E03,8991.75,0,0.56,3397,0.097,0,1
E99,3077.55,1,0.721,230,0.11,1,0
E03,6010.5,2,0.744,3305,0.227,1,0
E02,2946.01,1,0.982,3274,0.388,1,1
E02,6522.71,2,0.594,2838,0.97,1,1
E01,2005.45,2,0.4,2038,0.277,1,1
E02,4642.81,2,0.49,1224,0.908,0,1
E99,5381.57,0,0.938,2125,0.812,0,1
E99,3403.06,0,0.706,41,0.859,0,0
E01,2591.84,0,0.891,1029,0.788,1,1
E03,1488.05,1,0.779,1418,0.965,0,1
E01,7090.83,2,0.972,1842,0.163,0,1
E99,1766.0,0,0.601,982,0.5,0,0
E01,2992.05,1,0.96,1535,0.372,0,1
E99,3435.4,0,0.909,2610,0.317,1,1
E03,4598.23,1,0.874,3422,0.47,1,0
E01,7055.43,2,0.951,2961,0.502,1,0
E01,4336.66,1,0.62,275,0.977,1,0
E03,8723.83,0,0.794,2121,0.299,1,0
E01,6829.88,1,0.644,1651,0.907,1,1
E02,8401.02,2,0.821,1880,0.207,1,1
E99,7191.9,2,0.811,2849,0.675,0,0
E02,1571.45,1,0.807,1177,0.337,0,1
E02,9781.48,2,0.543,1960,0.953,0,0
E02,7887.2,1,0.837,3193,0.647,1,1
E01,5769.95,2,0.901,2035,0.11,1,1
E99,1735.79,2,0.709,1999,0.918,1,0
E01,1809.54,2,0.564,3280,0.326,0,1
E01,6181.88,2,0.883,105,0.922,1,1
E01,4220.35,1,0.823,1353,0.063,1,1
E99,6791.01,2,0.576,1773,0.256,0,0
E01,3787.03,1,0.664,8,0.312,0,0
E99,5177.17,1,0.749,1709,0.697,1,0
E03,1960.78,1,0.751,3332,0.8,1,0
E03,1636.49,0,0.449,2837,0.642,0,0
E99,848.88,2,0.434,119,0.108,0,0
E03,8214.43,1,0.91,3155,0.458,0,0
E99,5598.32,1,0.95,2870,0.514,0,0
E01,9476.7,2,0.522,3158,0.387,0,0
E03,7519.91,0,0.931,503,0.444,1,1
E02,7710.76,0,0.577,3229,0.504,1,1
E02,5139.68,2,0.334,75,0.571,1,0
E99,8172.99,1,0.786,126,0.643,0,1
E99,9426.43,1,0.237,1277,0.248,0,0
E03,7245.23,1,0.291,2935,0.898,0,0
E02,1145.33,2,0.953,3110,0.828,1,1
E02,6545.1,1,0.614,2280,0.789,0,0
E02,1292.29,1,0.413,133,0.808,1,1
E02,864.5,0,0.584,3146,0.544,0,0
E02,6959.71,1,0.663,946,0.946,1,1
E01,8364.38,1,0.711,2681,0.394,0,0
E01,1672.53,2,0.479,1005,0.445,0,1
E03,834.07,2,0.51,2037,0.817,1,0
E02,8876.58,2,0.64,342,0.867,1,0
E99,1408.87,1,0.701,3591,0.472,0,0
E03,447.35,0,0.937,334,0.847,1,0
E01,7238.44,0,0.514,3441,0.645,1,1
E01,8492.38,1,0.9,3269,0.415,1,1
E01,5193.29,2,0.995,541,0.901,0,1
E99,5445.26,2,0.471,2503,0.523,1,0
E01,3434.92,2,0.222,1238,0.848,1,0
E02,2460.79,2,0.683,1120,0.814,0,0
E99,7576.8,0,0.923,1179,0.141,0,0
E99,8507.92,0,0.243,858,0.869,1,0
E01,3280.32,1,0.358,3460,0.203,0,0
E01,2810.81,0,0.741,155,0.815,1,1
E01,2751.14,2,0.848,1276,0.76,1,0
E01,600.89,1,0.269,1292,0.743,0,0
E01,2882.64,0,0.491,1508,0.916,1,1
E02,353.94,0,0.391,1084,0.615,1,0
E99,7905.24,1,0.972,2389,0.368,0,0
E02,2633.68,0,0.746,3301,0.608,1,0
E03,6932.54,0,0.581,2400,0.704,0,0
E01,5477.57,1,0.89,794,0.393,1,1
E03,8390.89,2,0.63,3589,0.289,0,0
E03,9607.75,1,0.929,1459,0.51,0,0
E99,3736.19,0,0.391,1117,0.894,1,0
E99,974.57,1,0.222,2455,0.643,0,0
E01,7521.49,2,0.543,3509,0.893,1,1
E01,310.89,1,0.363,1156,0.497,0,1
E01,2307.34,1,0.869,723,0.94,1,0
E02,627.18,2,0.626,2814,0.794,0,0
E99,8991.67,0,0.431,1718,0.383,1,0
E02,152.44,1,0.819,2614,0.471,1,0
E03,4978.15,1,0.622,1634,0.988,1,1
E02,4297.59,2,0.602,128,0.946,1,0
E01,6562.17,2,0.345,1302,0.436,1,1
E01,2968.47,0,0.996,3081,0.834,1,1
E03,8749.58,1,0.727,3370,0.905,1,1
E03,7370.02,2,0.884,1310,0.287,0,0
E02,4379.71,2,0.808,2495,0.537,1,1
E01,3644.46,2,0.602,345,0.762,1,1
E03,8177.29,2,0.208,783,0.122,0,0
E01,7594.9,0,0.733,2514,0.807,1,0
E99,4050.1,1,0.281,150,0.248,0,0
E01,3479.58,1,0.969,2689,0.5,1,1
E01,484.99,0,0.399,3467,0.403,0,0
E02,908.9,2,0.494,256,0.746,1,0
E02,633.79,1,0.641,2096,0.269,1,0
E02,341.71,1,0.602,1274,0.488,0,1
E02,1613.44,1,0.724,2315,0.3,0,0
E99,8585.7,2,0.827,3223,0.102,1,0
E02,8001.78,1,0.806,291,0.843,1,1
E02,8471.18,0,0.926,2410,0.261,1,1
E02,6275.62,1,0.576,658,0.268,1,0
E01,6278.22,1,0.627,1922,0.094,1,1
E02,1326.92,1,0.899,1592,0.523,1,0
E01,7019.76,2,0.426,1815,0.303,1,0
E03,2872.26,1,0.397,2756,0.582,1,0
E01,5240.61,0,0.207,2190,0.73,0,0
E99,9551.75,2,0.791,1247,0.093,1,0
E02,8719.09,0,0.75,2351,0.238,0,1
E99,2408.62,2,0.421,2150,0.417,0,0
E02,7392.84,0,0.304,248,0.877,0,1
E01,1130.5,1,0.234,2208,0.153,1,0
E03,364.75,2,0.59,1203,0.749,0,0
E03,378.93,0,0.355,527,0.946,0,0
E03,1785.44,0,0.835,1896,0.123,0,0
E02,6979.99,1,0.96,1860,0.363,0,1
E03,3696.73,0,0.821,2629,0.773,1,0
E99,257.83,0,0.881,1557,0.929,1,1
E03,9881.42,2,0.993,2674,0.282,0,0
E01,5380.45,2,0.793,1016,0.653,1,1
E03,3999.41,2,0.654,2180,0.738,0,0
E03,5236.61,2,0.848,3466,0.43,0,0
E99,5247.71,1,0.651,2111,0.679,1,0
E02,4755.34,1,0.546,2453,0.566,1,1
E02,6168.19,2,0.226,1324,0.931,0,0
E03,8867.7,1,0.714,2431,0.556,0,0
E02,3086.97,0,0.918,3005,0.536,0,1
E03,4920.99,0,0.755,3143,0.679,0,0
E02,136.08,1,0.523,3299,0.193,1,1
E01,8612.16,2,0.694,1104,0.549,1,0
E03,3128.45,1,0.85,3046,0.098,0,0
E01,2785.84,1,0.811,1255,0.639,1,1
E01,9975.62,0,0.593,3139,0.553,0,0
E03,5885.49,2,0.489,22,0.839,0,0
E03,1318.13,2,0.517,3271,0.8,1,1
E99,2728.7,0,0.926,778,0.457,0,1
E01,3596.94,1,0.336,728,0.669,0,0
E01,9861.99,1,0.89,2014,0.335,0,0
E99,4363.15,0,0.356,1850,0.415,0,0
E01,2378.33,1,0.985,567,0.123,0,1
E01,5740.34,0,0.559,1924,0.145,1,0
E01,4107.12,1,0.787,2884,0.82,1,1
E02,644.11,0,0.783,1748,0.964,1,1
E99,8623.1,1,0.818,2092,0.51,1,0
E03,255.31,2,0.832,3054,0.17,0,0
E03,8994.99,0,0.231,648,0.133,0,0
E01,7939.4,0,0.419,1170,0.093,0,1
E02,850.65,2,0.384,3219,0.876,1,1
E02,7263.75,2,0.759,581,0.466,1,1
E01,7732.32,2,0.747,914,0.878,0,0
E01,6062.84,0,0.438,988,0.391,1,1
E01,5818.94,0,0.835,2968,0.603,0,1
E01,591.9,2,0.449,516,0.683,1,1
E02,689.01,1,0.474,1348,0.097,1,0
E03,7300.16,2,0.519,1457,0.691,1,0
E01,1145.1,0,0.796,293,0.802,1,1
E02,2494.26,0,0.209,421,0.071,1,0
E03,5038.48,0,0.925,1355,0.105,0,0
E03,1725.22,0,0.754,316,0.541,0,1
E03,7919.41,2,0.669,3525,0.963,0,0
E02,8093.04,2,0.39,1624,0.965,1,0
E03,8437.22,1,0.828,25,0.153,1,0
E01,590.72,0,0.898,2164,0.765,0,1
E02,4335.94,0,0.601,2718,0.796,0,1
E01,8484.48,0,0.434,2187,0.874,1,1
E02,3695.87,2,0.504,2057,0.091,0,0
E02,6988.62,2,0.533,333,0.964,1,1
E01,5933.53,1,0.445,2627,0.822,0,1
E03,3537.37,2,0.77,3497,0.621,1,0
E01,2836.41,2,0.474,1311,0.113,1,1
E01,6562.16,2,0.857,439,0.276,0,1
E01,1422.88,0,0.571,771,0.376,1,1
E02,8615.21,2,0.703,2378,0.856,1,0
E01,5806.79,2,0.958,2313,0.765,1,1
E02,1203.88,1,0.557,3199,0.934,0,1
E01,7064.92,1,0.336,1462,0.447,1,0
E03,4368.01,2,0.64,3185,0.912,0,0
E99,2120.41,1,0.597,992,0.892,1,1
E02,9614.59,1,0.826,1844,0.067,1,0
E03,7224.51,2,0.888,2370,0.275,0,0
E99,5970.64,2,0.77,999,0.802,0,0
E99,8503.79,0,0.977,1328,0.675,0,0
E03,5484.31,2,0.415,2980,0.26,0,0
E99,4470.56,0,0.391,2080,0.785,1,0
E99,1975.52,1,0.433,2205,0.348,0,0
E03,1618.57,0,0.737,2245,0.616,0,0
E02,4376.5,2,0.386,2847,0.929,1,0
E01,4614.15,2,0.271,3497,0.275,0,0
E01,7359.79,1,0.982,1440,0.102,0,0
E02,4476.64,1,0.452,1276,0.671,0,1
E02,5972.28,1,0.378,3288,0.735,1,0
E02,8341.93,0,0.487,1725,0.344,0,0
E02,9934.01,1,0.327,3346,0.49,1,0
E02,3293.0,2,0.229,3174,0.521,0,0
E03,9029.35,0,0.444,2654,0.817,0,0
E01,8079.9,1,0.47,2593,0.701,1,1
E01,773.27,0,0.849,3393,0.307,0,0
E03,3408.17,0,0.549,986,0.307,0,0
E03,2268.53,2,0.789,1633,0.355,1,1
E99,6677.4,1,0.789,1965,0.187,0,1
E99,5597.46,1,0.831,700,0.176,1,0
E99,4999.03,1,0.935,1863,0.818,1,1
E01,7659.28,2,0.599,2361,0.832,0,1
E02,3399.76,0,0.283,1812,0.294,0,0
E01,3889.25,1,0.231,2352,0.849,0,0
E03,8669.78,0,0.35,366,0.586,0,0
E99,9724.86,2,0.863,1769,0.719,1,0
E01,7785.94,2,0.659,3345,0.878,1,0
E02,2249.0,2,0.312,938,0.34,1,0
E01,1215.25,0,0.306,1641,0.672,1,1
E01,2171.13,0,0.913,2248,0.34,0,1
E01,4285.34,1,0.616,2252,0.899,1,1
E01,2443.3,1,0.338,651,0.332,1,1
E99,9020.31,2,0.917,407,0.638,0,0
E02,6740.16,2,0.777,2712,0.23,0,1
E03,4225.62,1,0.582,1919,0.398,1,0
E03,2810.74,0,0.572,3264,0.38,0,1
E01,3868.54,0,0.738,3564,0.755,0,0
E01,4812.9,1,0.471,600,0.319,0,1
E03,7166.84,0,1.0,1300,0.358,1,0
E01,984.48,0,0.828,2953,0.059,1,1
E99,8503.45,0,0.713,1060,0.347,0,0
E01,1362.84,0,0.75,715,0.306,1,1
E03,2698.26,1,0.997,562,0.562,1,1
E03,9936.54,2,0.209,1802,0.428,0,0
E01,1983.07,2,0.218,1375,0.972,1,0
E01,1101.31,2,0.828,3345,0.563,1,0
E99,6420.21,1,0.368,3473,0.118,0,0
E01,3991.98,2,0.748,298,0.811,0,1
E02,1009.17,0,0.603,3251,0.1,0,0
E02,137.05,0,0.455,324,0.837,0,0
E01,883.7,2,0.385,2588,0.431,1,0
E03,5275.08,2,0.821,3451,0.108,0,0
E03,2385.84,2,0.337,1245,0.969,1,0
E02,7797.77,1,0.327,572,0.516,1,1
E03,8589.34,0,0.554,238,0.854,1,0
E01,1533.85,2,0.295,1232,0.445,1,1
E01,3436.5,0,0.713,3428,0.484,0,1
E02,1551.08,0,0.994,1652,0.391,0,0
E99,2938.26,2,0.798,1505,0.397,0,0
E01,2468.12,0,0.683,25,0.796,0,1
E01,7889.96,0,0.516,2399,0.079,1,1
E02,3520.25,2,0.99,677,0.51,0,1
E03,5006.09,2,0.904,2480,0.3,0,1
E01,6771.56,2,0.856,2982,0.573,1,0
E02,8240.34,0,0.384,2787,0.252,0,0
E03,3081.97,0,0.299,1868,0.378,0,0
E02,2171.28,2,0.342,2340,0.551,0,0
E01,9786.69,0,0.407,1418,0.747,1,1
E01,3269.46,0,0.265,2552,0.939,1,0
E02,6743.57,1,0.911,2455,0.279,1,1
E02,6810.63,1,0.348,678,0.504,0,0
E99,5188.89,2,0.381,1169,0.378,1,0
E03,2361.63,1,0.911,2791,0.62,1,0
E03,1500.43,2,0.967,1579,0.394,0,0
E99,4921.46,1,0.377,849,0.141,1,0
E02,5158.2,2,0.435,3577,0.628,0,0
E02,7756.33,1,0.84,3124,0.083,0,0
E99,7127.35,2,0.976,2787,0.09,1,1
E01,9129.21,2,0.72,1519,0.881,1,1
E03,9711.52,2,0.554,1994,0.868,1,0
E03,7305.73,1,0.74,3404,0.579,1,0
E01,857.46,1,0.824,1896,0.067,1,0
E02,4110.67,1,0.29,2970,0.373,1,0
E01,6127.14,0,0.548,3039,0.375,1,0
E01,5942.93,0,0.886,2896,0.728,0,1
E02,1896.29,2,0.764,2163,0.813,1,0
E01,5871.15,0,0.323,1242,0.383,1,0
E03,3561.84,1,0.804,1222,0.446,0,0
E99,3455.38,1,0.734,2920,0.261,0,0
E03,8356.67,1,0.412,1504,0.734,1,0
E01,4277.14,2,0.475,890,0.378,1,0
E01,5321.22,0,0.452,661,0.713,0,1
E01,5672.44,2,0.995,2216,0.714,1,1
E01,5673.67,2,0.347,3454,0.197,1,0
E99,2209.9,2,0.864,1363,0.882,0,0
E02,6034.59,2,0.625,2348,0.825,1,0
E01,3412.77,1,0.904,1112,0.598,1,1
E03,6584.7,1,0.985,1435,0.131,0,0
E02,1542.41,2,0.969,1470,0.207,1,0
E01,9941.74,2,0.883,1296,0.137,0,0
E01,7743.23,0,0.531,3050,0.486,0,0
E03,4230.79,1,0.417,3265,0.3,0,0
E03,3083.38,1,0.456,969,0.831,0,0
E01,3939.24,0,0.723,1297,0.46,0,1
E99,7239.96,0,0.473,72,0.475,1,0
E99,6588.54,0,0.548,2723,0.917,0,0
E03,7050.72,2,0.264,2548,0.593,0,0
E01,8901.09,1,0.817,3007,0.414,0,1
E01,4617.32,1,0.289,2015,0.974,0,1
E99,6728.26,0,0.47,3275,0.485,0,1
E01,4470.93,1,0.672,508,0.595,1,1
E03,6417.17,2,0.625,1343,0.409,0,0
E03,4800.75,2,0.915,1613,0.679,1,0
E01,7788.97,2,0.727,2755,0.779,0,0
E03,152.08,0,0.831,790,0.641,0,0
E99,2235.54,1,0.443,1177,0.284,1,0
E03,3034.73,1,0.306,339,0.936,0,0
E02,9459.41,2,0.795,3398,0.531,0,0
E99,5119.76,2,0.323,1632,0.826,0,0
E02,3707.08,2,0.867,41,0.058,1,1
E03,4102.69,0,0.954,847,0.537,0,0
E03,4573.04,1,0.426,2053,0.929,1,0
E03,8691.52,2,0.809,1769,0.697,0,1
E01,9627.13,0,0.55,1836,0.157,1,1
E01,8457.23,1,0.439,225,0.717,1,1
E01,8432.4,0,0.545,3159,0.064,1,1
E02,2070.25,0,0.717,2986,0.397,0,0
E02,2759.91,1,0.99,779,0.273,0,0
E02,6000.89,1,0.44,1320,0.287,1,1
E02,6595.76,1,0.765,315,0.089,1,1
E03,2106.78,0,0.468,460,0.63,1,0
E99,7488.19,2,0.401,3047,0.747,0,0
E01,2079.64,1,0.705,410,0.324,1,1
E03,2703.81,2,0.809,1261,0.602,0,1
E03,3137.28,2,0.774,3576,0.518,0,0
E02,8475.32,1,0.954,1170,0.984,0,1
E01,7347.63,0,0.286,2473,0.814,1,0
E03,5353.79,0,0.633,380,0.939,1,1
E99,8215.52,2,0.433,3145,0.825,0,0
E03,8147.99,0,0.854,3312,0.668,0,0
E99,3959.35,1,0.25,3285,0.117,0,0
E99,7836.23,1,0.341,2279,0.856,0,0
E02,2141.8,2,0.818,3499,0.765,1,1
E03,5081.97,2,0.484,2492,0.315,0,0
E02,1270.59,1,0.745,1354,0.303,1,1
E99,4325.27,2,0.999,3232,0.543,0,0
E01,5251.62,1,0.568,984,0.316,0,1
E02,891.19,1,0.626,3038,0.962,0,0
E99,4679.87,2,0.98,3350,0.232,1,1
E01,6551.54,2,0.797,1627,0.194,0,0
E03,6179.47,0,0.357,836,0.091,1,1
E02,638.1,1,0.843,576,0.569,1,0
E99,1043.86,2,0.613,1935,0.746,1,0
E99,3578.43,0,0.83,2420,0.601,1,1
E01,8442.59,1,0.679,2124,0.246,1,1
E03,8710.58,0,0.382,2342,0.918,1,0
E01,3165.17,2,0.852,92,0.407,1,0
E03,7217.03,0,0.202,170,0.182,1,0
E03,5816.17,1,0.91,947,0.23,1,0
E03,9835.88,0,0.855,3237,0.462,1,1
E01,1036.97,2,0.976,1815,0.562,1,1
E01,5524.02,0,0.228,1207,0.615,0,1
E03,5966.12,1,0.55,2395,0.119,1,0
E02,3145.92,2,0.335,1544,0.865,1,0
E02,564.84,1,0.499,517,0.366,1,0
E01,615.83,0,0.488,1850,0.294,0,0
E01,4590.82,2,0.678,2511,0.696,0,0
E99,6955.49,0,0.55,3283,0.627,1,1
E01,7031.74,1,0.972,1325,0.983,1,1
E02,1891.6,0,0.422,614,0.436,0,1
E99,8593.92,2,0.535,3116,0.222,1,0
E01,3833.91,0,0.761,1327,0.964,0,1
E03,9647.24,2,0.421,568,0.503,0,0
E01,1269.78,0,0.779,1805,0.672,0,0
E99,8380.9,2,0.767,216,0.09,1,0
E03,9092.55,0,0.77,3570,0.366,0,0
E99,8244.49,0,0.74,2806,0.978,1,0
E01,8107.53,0,0.854,1583,0.957,1,1
E02,3676.97,2,0.996,1963,0.975,0,1
E03,7162.1,2,0.244,1435,0.824,1,0
E01,5835.53,1,0.598,1688,0.52,0,0
E01,4302.34,1,0.85,3366,0.588,1,1
E01,9931.81,0,0.2,2614,0.12,1,1
E99,2975.5,0,0.636,2381,0.796,1,0
E03,4190.13,1,0.728,3516,0.754,0,0
E03,9038.32,1,0.353,589,0.716,1,0
E03,2961.18,2,0.521,3269,0.41,0,0
E02,1611.54,0,0.832,633,0.3,1,1
E02,3169.0,0,0.253,934,0.811,0,1
E02,7617.19,1,0.308,2320,0.966,1,0
E03,8612.55,0,0.854,492,0.448,1,0
E01,1233.01,1,0.847,1681,0.102,1,1
E99,6254.96,2,0.672,1210,0.897,0,0
E03,5716.14,2,0.533,33,0.698,0,0
E01,6721.1,1,0.285,661,0.681,0,0
E02,6743.46,2,0.849,1615,0.938,1,0
E01,9598.73,0,0.393,304,0.68,0,1
E99,3530.64,2,0.931,3382,0.63,1,1
E99,3067.69,2,0.821,1544,0.718,1,0
E99,5854.13,0,0.265,2690,0.505,0,0
E01,4351.24,2,0.708,736,0.32,0,0
E01,4790.17,1,0.937,2011,0.287,0,0
E01,785.84,2,0.903,409,0.733,0,0
E01,1567.6,0,0.691,703,0.278,1,0
E01,9360.21,2,0.338,2463,0.925,1,0
E01,776.09,2,0.744,1208,0.429,1,1
E99,5942.44,2,0.733,3537,0.646,0,0
E01,7570.29,0,0.671,3587,0.09,0,1
E01,217.45,0,0.413,475,0.472,0,1
E03,2305.21,1,0.92,2372,0.426,0,0
E02,3833.01,1,0.602,2818,0.759,0,0
E03,5117.49,0,0.438,995,0.102,1,0
E03,3481.79,2,0.404,3029,0.428,0,0
E99,6525.09,1,0.425,2657,0.857,1,0
E03,2341.34,1,0.569,1169,0.678,1,0
E02,352.28,0,0.385,329,0.781,0,1
E03,115.55,2,0.614,1596,0.767,1,0
E02,3520.57,1,0.354,1334,0.672,1,0
E01,3680.46,0,0.417,1901,0.418,0,0
E02,9491.18,2,0.296,825,0.425,1,1
E01,543.33,0,0.486,1123,0.098,1,1
E03,5347.64,1,0.525,3225,0.233,0,1
E01,5820.35,1,0.523,3032,0.575,1,0
E01,7022.82,0,0.78,2646,0.891,0,0
E01,6423.47,2,0.587,1270,0.625,0,0
E03,180.58,0,0.754,1791,0.414,0,1
E01,6355.39,2,0.227,1055,0.832,1,0
E03,3291.64,2,0.549,1468,0.472,1,1
E99,7751.4,0,0.272,1862,0.294,0,0
E01,1964.82,1,0.57,3091,0.125,1,0
E03,7190.44,0,0.692,2865,0.829,1,0
E01,6292.4,1,0.837,704,0.629,1,1
E01,6557.68,1,0.64,3403,0.596,1,0
E03,1841.88,1,0.504,270,0.727,1,0
E99,6724.82,2,0.412,173,0.619,1,0
E01,7396.09,1,0.966,3066,0.379,0,1
E02,4945.16,2,0.359,1020,0.631,1,1
E01,3469.62,1,0.234,3083,0.182,0,0
E02,1748.89,1,0.301,249,0.328,0,1
E03,2970.61,0,0.998,875,0.555,1,1
E03,7661.9,0,0.925,2970,0.115,0,0
E03,4153.07,1,0.456,703,0.822,0,0
E01,7056.86,1,0.203,1869,0.092,1,0
E03,7426.9,1,0.814,2596,0.4,1,0
E03,6774.29,2,0.44,1256,0.477,0,1
E03,6768.03,0,0.218,517,0.69,1,1
E01,6147.0,1,0.565,2999,0.196,1,0
E02,5232.38,2,0.539,2239,0.822,0,0
E02,2058.39,1,0.489,3283,0.451,1,0
E01,8443.75,0,0.723,2524,0.286,0,0
E01,9646.22,1,0.781,2680,0.142,0,0
E02,4718.19,0,0.647,2239,0.92,1,0
E03,9339.06,0,0.211,2412,0.429,1,0
E01,9980.15,2,0.218,1537,0.408,0,0
E03,4913.34,1,0.905,3336,0.219,1,1
E02,7271.12,2,0.349,2938,0.526,0,0
E03,6473.52,2,0.518,873,0.351,0,0
E02,2448.92,0,0.283,3348,0.206,1,0
E02,566.19,2,0.383,843,0.758,0,0
E03,4588.22,2,0.588,2540,0.894,0,1
E99,7893.33,0,0.388,3315,0.381,0,0
E02,3318.83,0,0.727,1508,0.319,0,1
E02,7865.94,2,0.494,666,0.401,0,0
E03,6582.54,2,0.831,3584,0.919,1,1
E03,6985.86,0,0.682,2857,0.599,0,1
E01,2928.83,1,0.403,1618,0.206,0,1
E02,4753.47,2,0.847,3568,0.645,0,0
E02,1898.87,2,0.946,419,0.427,0,1
E99,2541.15,2,0.296,1898,0.066,0,0
E02,989.52,1,0.736,658,0.962,1,1
E02,1355.06,0,0.705,666,0.158,1,1
E99,2184.08,1,0.736,1253,0.439,0,0
E02,5844.32,2,0.225,2067,0.668,0,0
E01,4467.99,2,0.223,616,0.601,0,1
E01,2742.7,1,0.436,1873,0.054,0,1
E01,8625.01,0,0.264,2802,0.621,1,1
E01,5298.96,1,0.493,529,0.734,0,1
E02,9238.78,0,0.898,51,0.848,1,1
E03,6386.15,1,0.484,2689,0.223,0,0
E03,256.3,1,0.514,1461,0.085,0,0
E01,9143.41,1,0.414,685,0.938,0,0
E02,8588.89,1,0.537,3161,0.69,1,0
E01,6389.19,1,0.838,1538,0.478,1,0
E99,5394.26,0,0.865,424,0.732,0,1
E01,4583.97,2,0.537,1112,0.198,1,1
E03,4873.53,1,0.517,2074,0.951,1,0
E01,7715.28,1,0.356,1048,0.665,1,0
E03,5180.1,1,0.98,3361,0.874,1,1
E02,1842.64,0,0.449,2258,0.573,1,1
E03,675.96,1,0.474,258,0.803,1,1
E01,1349.24,1,0.544,1250,0.358,1,1
E99,2589.27,2,0.264,1259,0.175,0,0
E02,3740.57,1,0.463,526,0.383,1,1
E03,8934.92,1,0.944,136,0.893,0,1
E03,2466.96,0,0.26,404,0.706,1,0
E99,3264.03,1,0.392,2456,0.479,0,0
E01,2307.84,2,0.374,894,0.271,0,0
E01,5502.84,1,0.388,1503,0.612,1,1
E01,6209.16,1,0.964,514,0.607,1,1
E01,5368.06,0,0.767,3410,0.549,1,1
E02,9523.38,1,0.936,3551,0.744,0,1
E99,9954.24,2,0.886,2488,0.278,0,0
E99,8390.22,1,0.7,1194,0.53,0,0
E02,8072.43,2,0.648,2167,0.34,0,0
E03,3723.92,1,0.607,1390,0.243,1,0
E99,5839.86,2,0.752,3277,0.363,0,1
E99,3579.58,1,0.761,2178,0.805,1,1
E01,7865.12,2,0.68,467,0.157,0,0
E02,1801.13,1,0.559,348,0.309,0,0
E03,2245.05,1,0.74,2820,0.551,1,1
E01,483.07,1,0.325,2620,0.427,0,1
E02,6128.5,1,0.641,2627,0.828,1,1
E99,6916.53,2,0.615,1199,0.782,1,0
E99,133.29,0,0.628,2424,0.687,1,1
E99,5156.78,2,0.609,976,0.316,0,0
E03,3831.06,2,0.8,2297,0.07,1,1
E01,7944.57,2,0.806,1183,0.345,0,0
E01,485.02,1,0.464,448,0.615,1,1
E02,580.8,2,0.481,2995,0.145,1,0
E02,6240.07,0,0.213,2930,0.824,0,1
E02,5957.22,1,0.291,2821,0.977,0,1
E03,8327.79,2,0.41,2286,0.743,1,0
E02,5963.44,2,0.813,2300,0.44,1,1
E03,9498.77,1,0.838,2777,0.799,0,0
E01,3212.41,1,0.398,2029,0.306,0,1
E01,4039.42,2,0.896,3154,0.947,0,0
E01,9778.98,2,0.501,2758,0.395,0,0
E01,1164.49,2,0.838,1953,0.698,1,1
E99,7979.46,1,0.573,2113,0.068,1,0
E02,214.53,2,0.77,3444,0.643,0,0
E01,4916.48,1,0.485,1817,0.328,1,1
E03,1618.68,1,0.256,394,0.146,1,1
E02,6028.73,2,0.403,3036,0.458,0,0
E01,8001.88,1,0.758,15,0.15,0,0
E01,427.12,0,0.934,889,0.224,1,1
E01,1721.35,2,0.703,1188,0.891,0,1
E03,3491.84,1,0.815,94,0.11,0,0
E01,2632.41,0,0.211,780,0.637,0,1
E01,3893.88,1,0.808,634,0.107,1,1
E01,9523.5,0,0.868,1993,0.725,0,1
E02,1101.94,2,0.53,3169,0.969,1,0
E01,4290.49,2,0.595,1009,0.454,0,0
E03,4625.2,0,0.242,1407,0.96,1,1
E01,2875.39,2,0.34,2477,0.653,0,0
E03,2857.21,2,0.245,2427,0.61,1,0
E02,7176.05,2,0.785,3403,0.211,0,0
E02,6216.65,0,0.84,1881,0.945,0,1
E01,8147.04,0,0.287,2769,0.86,0,0
E03,4110.22,2,0.937,3043,0.174,1,0
E99,6106.44,0,0.872,1513,0.077,0,0
E01,8946.52,1,0.661,3012,0.388,0,0
E01,8528.15,2,0.983,3547,0.2,1,0
E99,9208.23,1,0.906,431,0.366,0,1
E02,2762.85,0,0.378,2776,0.951,1,1
E01,9855.67,2,0.963,2244,0.86,1,1
E01,8182.26,1,0.554,2919,0.464,1,0
E03,7968.6,0,0.324,1977,0.309,1,0
E03,6709.03,1,0.36,737,0.593,0,0
E02,9834.35,1,0.747,1544,0.931,0,1
E99,4471.48,2,0.99,2473,0.793,1,0
E02,7441.24,0,0.556,3227,0.866,1,1
E01,7018.23,1,0.659,255,0.765,1,1
E02,7347.68,0,0.44,676,0.523,0,1
E02,7539.5,0,0.876,847,0.183,0,1
E01,1988.48,0,0.292,2129,0.819,1,0
E01,3555.61,1,0.666,60,0.662,1,0
E02,3983.31,1,0.669,3428,0.776,0,1
E03,7505.2,0,0.201,2539,0.74,1,0
E01,7190.85,0,0.952,3259,0.281,1,1
E02,8350.33,2,0.979,76,0.319,0,0
E03,7906.34,0,0.574,989,0.855,0,0
E03,6000.74,1,0.781,1617,0.433,0,0
E03,1485.49,0,0.879,2774,0.217,1,1
E03,6391.01,1,0.293,2336,0.654,1,0
E03,8881.89,2,0.268,1505,0.33,0,0
E01,6467.43,1,0.751,1098,0.654,0,1
E02,8966.7,1,0.648,1191,0.605,0,1
E03,9990.62,0,0.744,1322,0.673,0,0
E01,3656.1,0,0.658,2482,0.984,1,1
E01,7260.57,0,0.781,3125,0.311,0,0
E01,5445.59,1,0.324,1715,0.967,0,0
E02,4604.22,2,0.372,3245,0.768,0,0
E02,2474.68,0,0.39,1080,0.854,0,1
E01,2534.55,1,0.533,3091,0.804,0,0
E03,1931.23,2,0.808,4,0.072,0,0
E99,6351.69,1,0.865,2700,0.523,0,1
E01,1506.33,2,0.521,3418,0.149,0,0
E99,4370.73,1,0.682,999,0.683,1,1
E01,5281.0,1,0.436,2454,0.106,0,0
E99,4438.52,2,0.581,269,0.081,0,0
E99,8563.8,1,0.953,3064,0.902,1,0
E01,4487.38,2,0.415,1759,0.912,1,0
E03,920.04,2,0.83,1529,0.636,0,0
E99,9922.78,0,0.234,3327,0.482,1,0
E99,8465.34,0,0.476,3332,0.829,0,0
E99,6634.43,1,0.727,804,0.956,0,0
E02,7587.6,1,0.821,3454,0.101,0,0
E01,1369.09,1,0.674,755,0.147,1,1
E03,7682.56,1,0.895,2924,0.901,1,1
E03,2156.71,2,0.857,2806,0.143,1,0
E03,4940.86,2,0.694,1814,0.721,0,0
E02,1862.03,2,0.478,2131,0.57,0,0
E02,7562.47,0,0.491,1419,0.54,1,0
E01,2534.75,2,0.692,1456,0.142,0,0
E03,2606.76,2,0.725,1854,0.735,1,0
E01,1181.3,2,0.516,3105,0.616,1,1
E03,7234.0,1,0.518,1739,0.923,1,1
E03,3028.86,1,0.341,2097,0.502,1,0
E02,5230.97,1,0.2,2547,0.908,0,0
E02,3389.21,1,0.569,3313,0.223,0,1
E01,7769.54,0,0.865,3097,0.242,0,0
E99,2342.19,1,0.813,1325,0.942,1,1
E03,9414.26,0,0.995,3108,0.143,0,0
E02,3281.27,2,0.736,1599,0.272,1,1
E01,1128.13,2,0.387,339,0.183,1,1
E01,2479.02,0,0.742,268,0.717,1,1
E02,832.02,0,0.863,740,0.783,0,1
E99,4740.51,1,0.713,1324,0.897,1,0
E03,2577.49,2,0.585,1441,0.188,0,0
E01,8871.86,0,0.695,647,0.352,0,1
E99,5219.57,1,0.221,642,0.348,1,0
E02,2410.35,0,0.412,119,0.965,0,1
E99,4567.58,2,0.326,3281,0.598,1,0
E01,2040.34,2,0.531,921,0.367,0,0
E03,1869.42,0,0.914,2336,0.331,1,1
E99,3076.5,0,0.35,1766,0.35,0,0
E01,1172.18,0,0.257,1297,0.719,0,0
E03,1967.61,2,0.822,891,0.566,1,0
E99,9386.66,2,0.894,232,0.636,0,0
E01,6701.35,1,0.625,393,0.492,1,1
E01,9218.92,0,0.501,2438,0.075,0,1
E03,2642.78,1,0.544,1626,0.696,1,1
E01,8584.43,2,0.727,3484,0.731,1,0
E01,3686.5,2,0.865,533,0.219,0,1
E02,1527.53,1,0.352,3348,0.66,1,1
E03,8066.6,2,0.922,310,0.875,0,0
E01,690.54,2,0.726,2638,0.617,0,1
E01,4108.04,2,0.791,3456,0.678,0,0
E03,8211.22,1,0.27,555,0.709,1,1
E02,6210.13,0,0.935,1713,0.355,0,1
E03,5228.85,1,0.623,3313,0.195,1,0
E02,3600.98,1,0.49,2888,0.494,1,1
E99,843.05,2,0.519,786,0.268,1,0
E03,9910.62,2,0.434,615,0.696,1,0
E01,1830.26,2,0.33,1216,0.722,1,0
E99,2627.55,2,0.228,1662,0.058,1,0
E02,2435.57,1,0.412,1059,0.947,1,1
E01,9088.62,2,0.597,324,0.92,1,1
E01,7660.52,1,0.733,1792,0.174,1,1
E03,4627.57,2,0.787,1483,0.499,0,0
E01,9558.69,0,0.676,1100,0.246,1,1
E01,622.56,0,0.293,2975,0.956,0,1
E01,8947.34,0,0.545,1044,0.582,1,1
E02,698.23,0,0.734,3213,0.708,1,1
E02,3972.19,2,0.795,41,0.969,1,0
E02,634.65,2,0.46,1868,0.683,0,0
E01,9989.79,0,0.943,3420,0.869,0,1
E01,9152.46,1,0.836,1031,0.276,0,1
E03,5889.51,2,0.881,2358,0.266,0,0
E02,2256.66,2,0.733,2640,0.465,0,1
E03,2840.1,1,0.531,1233,0.879,1,1
E01,4550.48,1,0.947,2300,0.087,1,1
E01,3295.52,0,0.921,2348,0.465,0,0
E01,311.01,2,0.863,1694,0.825,1,1
E02,6596.93,0,0.913,1356,0.217,1,0
E02,6172.94,2,0.933,1711,0.629,0,0
E03,9052.68,2,0.797,537,0.116,0,0
E02,4820.85,0,0.36,1776,0.06,1,0
E02,3512.62,1,0.631,1171,0.35,0,0
E02,5164.02,2,0.693,1221,0.807,0,1
E01,2027.48,1,0.819,884,0.089,0,1
E02,6292.85,0,0.596,1868,0.393,0,0
E01,7723.33,0,0.61,28,0.735,0,1
E02,1619.27,1,0.996,207,0.397,0,1
E01,3251.99,0,0.562,752,0.5,1,1
E03,8691.23,2,0.304,2053,0.52,0,0
E99,5104.76,2,0.768,925,0.903,0,0
E01,5365.18,0,0.49,1786,0.873,1,1
E03,7251.84,0,0.399,533,0.11,0,0
E03,5821.14,0,0.703,1514,0.701,0,0
E01,788.84,1,0.963,1633,0.56,1,0
E03,8059.22,2,0.45,1167,0.383,1,0
E03,9236.08,0,0.498,179,0.513,0,1
E99,627.44,2,0.572,2238,0.877,1,1
E99,1300.37,2,0.75,733,0.777,1,0
E01,7049.55,0,0.517,1746,0.584,0,0
E02,6084.29,0,0.54,2554,0.215,0,0
E02,3886.92,2,0.761,363,0.632,1,1
E01,5438.56,1,0.988,2443,0.518,1,1
E01,7063.05,1,0.453,1348,0.47,0,0
E99,5094.32,0,0.668,1813,0.937,0,1
E01,1487.86,1,0.836,276,0.983,0,1
E02,985.42,1,0.37,1798,0.944,1,1
E03,4444.7,2,0.855,1365,0.745,0,0
E01,9236.56,1,0.484,642,0.613,0,0
E02,5622.01,1,0.289,1918,0.35,1,0
E99,3646.38,0,0.22,2342,0.94,1,1
E02,9096.19,2,0.226,1408,0.478,0,0
E01,3947.46,2,0.838,2284,0.24,0,1
E01,5140.55,2,0.74,1230,0.154,0,0
E99,1253.34,2,0.835,2989,0.836,1,1
E01,7400.27,2,0.802,1012,0.358,0,0
E02,7033.0,2,0.505,2874,0.77,0,0
E01,7963.02,2,0.946,1374,0.64,1,0
E02,3319.39,1,0.902,2009,0.317,0,1
E99,4416.93,0,0.479,250,0.85,1,0
E02,1766.58,0,0.818,268,0.844,0,1
E99,9648.6,2,0.856,3578,0.212,1,0
E01,952.17,2,0.591,28,0.164,0,0
E02,6525.23,1,0.296,1999,0.614,1,1
E99,7082.05,2,0.467,1646,0.269,0,0
E02,1661.59,0,0.991,2290,0.362,0,1
E01,3716.7,1,0.773,14,0.931,0,1
E99,526.95,1,0.82,660,0.215,0,0
E02,5610.42,0,0.93,1220,0.492,1,1
E02,9949.89,2,0.362,3324,0.327,0,0
E99,4355.86,1,0.975,1259,0.377,0,1
E01,9901.08,0,0.615,2056,0.398,0,1
E01,1349.63,2,0.796,2064,0.294,1,0
E01,3985.3,1,0.455,1492,0.768,1,0
E02,9029.45,1,0.464,2984,0.813,0,0
E01,8779.29,1,0.488,2567,0.557,1,1
E03,3303.56,1,0.478,1599,0.895,0,0
E01,6818.24,1,0.25,1096,0.178,0,1
E03,8872.99,2,0.448,1000,0.526,1,0
E01,7692.09,2,0.718,3364,0.829,1,0
E02,6321.91,1,0.922,454,0.634,0,0
E01,1610.5,0,0.233,610,0.976,0,1
E03,822.73,0,0.213,943,0.61,0,0
E02,6184.76,2,0.674,2999,0.952,1,1
E02,5052.73,0,0.76,2477,0.143,1,0
E99,2456.56,2,0.687,3479,0.09,0,1
E02,2998.42,1,0.978,2598,0.385,1,0
E01,3981.66,1,0.383,1770,0.841,1,1
E99,5005.66,0,0.585,145,0.097,1,0
E01,3963.56,1,0.933,3156,0.287,1,1
E01,3934.19,2,0.694,2411,0.976,0,0
E02,1245.75,0,0.662,258,0.653,0,1
E01,8669.35,2,0.946,3494,0.42,1,1
E01,6130.63,0,0.471,2234,0.123,0,0
E03,1546.41,1,0.326,2231,0.76,1,1
E01,4296.36,1,0.303,1283,0.92,1,0
E03,4225.49,2,0.857,1191,0.747,1,0
E99,6046.15,0,0.886,1312,0.159,1,1
E03,6127.81,1,0.387,181,0.55,1,0
E03,6487.7,2,0.566,1621,0.429,1,0
E03,7009.24,0,0.668,225,0.9,1,1
E99,1123.21,1,0.311,2148,0.767,0,0
E01,3118.73,1,0.879,746,0.804,0,1
E01,271.74,0,0.535,2218,0.439,1,1
E02,4600.95,1,0.891,1344,0.073,0,1
E02,4351.36,1,0.808,1002,0.764,1,1
E01,7369.84,0,0.436,522,0.645,1,1
E03,1754.46,2,0.773,1382,0.183,0,0
E01,6351.8,2,0.793,249,0.761,0,1
E99,3136.27,0,0.449,899,0.19,1,0
E01,3880.97,1,0.403,1670,0.745,1,0
E01,7220.94,2,0.859,2277,0.721,1,0
E01,808.33,0,0.742,1655,0.057,1,1
E01,3493.55,0,0.792,368,0.778,0,1
E01,3974.1,1,0.45,2595,0.433,0,0
E01,7185.92,2,0.778,1525,0.526,0,1
E01,2072.32,2,0.771,2256,0.957,1,1
E01,9479.39,1,0.467,3522,0.915,1,1
E02,9977.84,2,0.416,175,0.41,0,1
E02,8207.21,1,0.545,3559,0.717,0,1
E01,3067.15,2,0.791,3425,0.532,1,0
E01,6672.28,1,0.355,1865,0.823,0,0
E01,923.17,2,0.899,98,0.35,0,1
E01,8725.67,1,0.404,891,0.493,1,0
E01,5208.33,2,0.872,814,0.156,0,0
E03,1846.75,2,0.325,2101,0.921,0,0
E99,3341.42,2,0.792,2489,0.897,1,0
E99,8027.35,0,0.649,1758,0.309,0,0
E02,8715.24,2,0.729,1281,0.598,1,0
E02,5245.16,0,0.979,153,0.406,1,1
E01,4855.08,2,0.242,3381,0.196,1,0
E03,7532.27,0,0.319,3560,0.092,1,0
E03,8279.28,2,0.263,118,0.823,1,1
E03,7671.98,1,0.616,1178,0.322,0,0
E99,3905.84,1,0.842,3538,0.535,0,0
E02,6455.07,2,0.244,1438,0.899,0,0
E03,8587.86,1,0.824,2242,0.069,0,0
E03,1602.43,0,0.546,1849,0.565,0,0
E01,3942.55,0,0.953,2280,0.948,1,1
E99,660.53,2,0.506,3169,0.811,1,0
E01,4147.89,1,0.988,1367,0.256,1,0
E99,7745.59,2,0.645,2877,0.239,0,0
E03,2050.58,0,0.992,1643,0.767,0,1
E01,5464.68,0,0.706,740,0.125,0,0
E03,462.2,2,0.477,270,0.613,1,0
E01,8986.73,0,0.843,2579,0.27,1,1
E03,8218.05,2,0.59,2169,0.839,0,1
E03,5291.65,1,0.447,3148,0.407,1,0
E03,7087.29,1,0.583,847,0.44,1,1
E99,1128.77,0,0.898,2571,0.797,1,0
E01,8467.57,0,0.786,85,0.133,0,0
E01,7181.09,2,0.339,501,0.615,1,0
E02,1287.68,1,0.871,2140,0.955,1,1
E01,9808.82,1,0.545,1940,0.661,1,1
E02,323.05,2,0.266,2132,0.127,1,0
E01,6322.26,1,0.318,3018,0.904,0,0
E02,1800.37,2,0.253,3001,0.171,1,0
E02,7220.65,2,0.741,705,0.397,0,0
E99,797.02,1,0.406,730,0.221,0,0
E01,902.9,0,0.277,1939,0.729,0,0
E99,4716.29,1,0.493,3446,0.299,1,1
E02,9940.69,2,0.894,2410,0.295,0,0
E01,2837.51,0,0.703,526,0.439,0,1
E02,6164.03,1,0.589,2287,0.319,1,1
E02,5234.13,0,0.787,1218,0.787,0,1
E01,8436.98,1,0.261,384,0.545,1,0
E02,2957.04,2,0.906,2564,0.573,0,0
E01,5593.95,1,0.342,999,0.202,0,0
E02,9511.17,2,0.217,2793,0.909,1,0
E02,3392.6,0,0.49,1988,0.378,0,1
E02,4450.12,2,0.247,1608,0.405,1,1
E03,8899.25,2,0.334,752,0.278,1,1
E01,3391.74,2,0.791,1053,0.953,1,1
E99,3868.67,1,0.524,1202,0.621,0,0
E03,3110.78,2,0.206,2496,0.107,0,0
E99,8114.36,2,0.715,1494,0.231,1,0
E03,9310.83,2,0.766,123,0.502,0,0
E01,6347.88,2,0.922,50,0.227,1,1
E02,6273.94,0,0.324,989,0.619,1,0
E01,3961.04,1,0.886,1838,0.339,1,0
E03,223.59,2,0.767,1200,0.379,1,0
E02,1821.98,2,0.651,3581,0.789,0,0
E01,1559.64,0,0.409,833,0.543,0,1
E99,1247.23,1,0.566,1470,0.156,1,0
E01,6575.07,0,0.359,1432,0.4,1,1
E02,1449.85,0,0.774,988,0.893,1,1
E03,947.78,0,0.763,3178,0.845,1,1
E01,3887.56,2,0.353,911,0.764,1,1
E02,2565.32,0,0.402,39,0.843,0,1
E03,1544.02,1,0.921,1855,0.136,0,0
E01,1546.67,0,0.577,2285,0.165,0,0
E02,2636.44,2,0.641,1642,0.068,1,0
E01,5414.81,2,0.967,1517,0.168,0,0
E03,7605.15,1,0.366,3103,0.824,1,0
E01,8542.49,2,0.702,1346,0.086,1,1
E99,7539.04,0,0.819,2301,0.487,0,0
E99,6319.31,2,0.456,3015,0.282,1,0
E01,9085.48,1,0.447,1435,0.833,0,1
E01,5245.39,1,0.917,1946,0.805,1,1
E02,6370.23,0,0.28,1389,0.77,0,0
E03,4175.04,2,0.326,2212,0.406,1,0
E02,3341.1,0,0.529,1970,0.92,1,1
E01,3383.95,2,0.839,3068,0.892,1,1
E01,1568.34,2,0.564,912,0.662,0,1
E99,7986.32,2,0.416,583,0.626,1,0
E02,648.14,0,0.536,1522,0.367,0,1
E99,6779.38,2,0.556,2205,0.742,1,0
E02,8658.16,2,0.782,1026,0.932,0,1
E99,5024.54,1,0.895,3593,0.347,0,0
E01,794.99,1,0.457,1856,0.319,0,0
E01,4341.33,0,0.767,2922,0.298,1,1
E99,3497.94,1,0.761,1968,0.974,1,0
E99,9856.84,2,0.814,1414,0.558,1,0
E01,6943.53,0,0.66,3048,0.96,0,1
E02,7241.46,2,0.212,568,0.63,0,0
E02,5206.69,0,0.725,904,0.326,1,1
E02,7123.2,2,0.69,2754,0.601,1,0
E01,7253.45,1,0.689,3257,0.196,0,0
E99,756.95,0,0.425,1048,0.471,0,0
E01,2303.8,1,0.278,1927,0.466,0,0
E03,228.38,0,0.351,1750,0.592,0,0
E01,5147.09,1,0.373,2616,0.414,1,0
E01,8770.42,1,0.339,1798,0.478,0,0
E03,6134.59,1,0.396,2202,0.874,1,0
E01,5052.05,0,0.255,2409,0.22,1,0
E03,9267.06,0,0.415,2984,0.917,0,0
E01,1804.96,2,0.998,500,0.556,1,0
E99,838.58,1,0.609,2387,0.641,0,0
E03,9181.33,1,0.476,651,0.148,0,0
E99,9037.54,0,0.776,40,0.187,0,0
E01,6861.43,2,0.576,2579,0.739,0,0
E01,2535.19,0,0.224,1405,0.897,0,1
E02,9700.66,2,0.638,2580,0.538,0,0
E02,7676.93,2,0.443,3378,0.207,0,0
E01,6771.56,0,0.657,464,0.799,1,1
E01,2306.82,0,0.339,1625,0.912,1,1
E02,5179.58,0,0.586,356,0.68,1,1
E01,8243.5,0,0.355,2982,0.222,0,0
E02,8616.58,2,0.439,3598,0.438,0,0
E01,5658.16,1,0.75,3128,0.933,0,0
E01,5275.66,1,0.382,3577,0.23,1,0
E03,7007.07,1,0.534,1197,0.211,1,0
E02,5329.66,2,0.259,1001,0.71,0,0
E01,4235.04,2,0.75,3087,0.561,1,0
E02,945.65,0,0.631,2346,0.242,0,1
E03,1347.89,2,0.851,1359,0.63,0,0
E02,7626.73,1,0.628,758,0.93,1,1
E02,344.17,2,0.995,92,0.854,1,1
E99,617.82,2,0.393,138,0.056,1,0
E02,9055.97,1,0.794,2500,0.874,1,1
E99,7069.57,1,0.546,950,0.639,1,0
E03,141.71,1,0.501,2953,0.301,1,0
E01,3189.23,0,0.785,3046,0.138,1,1
E02,7656.85,0,0.964,1626,0.963,0,1
E03,4234.25,1,0.804,1080,0.077,0,0
E99,4741.1,2,0.464,625,0.224,1,0
E02,4642.11,1,0.608,924,0.681,0,1
E01,2101.13,1,0.374,2215,0.762,1,1
E02,7241.78,1,0.696,2721,0.301,1,0
E01,1119.76,0,0.522,2657,0.743,1,0
E03,5121.79,1,0.383,3451,0.769,0,0
E02,1782.56,1,0.217,2357,0.805,1,0
E03,560.67,2,0.94,1829,0.759,1,0
E99,1518.11,2,0.263,1281,0.081,0,0
E03,8706.42,2,0.463,1211,0.889,1,0
E03,1843.86,1,0.352,1326,0.579,1,0
E03,2855.86,2,0.595,3166,0.455,0,0
E03,1467.14,0,0.356,1977,0.073,0,0
E99,7381.9,0,0.789,796,0.605,0,1
E01,4509.95,2,0.38,697,0.203,0,0
E02,9441.99,1,0.348,103,0.565,1,0
E01,6676.81,0,0.374,3046,0.228,0,1
E99,5360.75,1,0.438,791,0.697,1,0
E03,6600.65,2,0.713,369,0.134,1,0
E02,500.21,0,0.368,1043,0.614,0,0
E01,9511.54,1,0.757,1752,0.655,1,1
E01,9568.65,2,0.544,3454,0.422,0,1
E03,2833.78,2,0.358,3094,0.912,1,1
E01,6320.13,1,0.392,616,0.545,1,0
E01,2098.96,2,0.622,1906,0.755,1,1
E99,5519.97,2,0.503,2967,0.468,1,0
E03,7730.81,1,0.611,2739,0.794,0,0
E01,9404.24,2,0.85,1691,0.894,1,1
E01,3458.25,2,0.237,863,0.438,1,1
E99,6965.7,0,0.515,2827,0.959,1,0
E03,7192.63,0,0.532,1604,0.194,0,0
E03,2289.37,2,0.401,854,0.845,1,0
E01,6327.42,0,0.554,2567,0.544,0,0
E01,6588.67,2,0.653,3177,0.18,1,0
E01,7664.35,1,0.668,3198,0.638,1,1
E03,9999.48,2,0.736,3374,0.173,1,0
E01,498.3,1,0.261,2315,0.884,1,1
E01,2102.82,0,0.568,2764,0.817,1,1
E03,1536.28,0,0.806,874,0.665,1,1
E99,1628.9,1,0.564,1166,0.269,1,0
E03,4597.06,1,0.725,527,0.955,0,0
E02,8797.51,0,0.672,292,0.852,1,1
E02,4542.36,2,0.572,3029,0.722,1,0
E02,6717.96,0,0.263,1646,0.393,0,1
E01,3827.34,2,0.707,1994,0.505,1,1
E02,3264.67,0,0.628,315,0.368,1,1
E02,8358.93,0,0.205,662,0.848,0,0
E02,6589.92,1,0.365,275,0.34,1,0
E99,3573.86,1,0.249,1748,0.274,0,0
E99,9150.19,1,0.656,2091,0.251,0,0
E01,5035.26,0,0.212,455,0.427,0,0
E02,1963.92,0,0.874,2550,0.636,0,0
E01,4883.9,0,0.958,379,0.832,0,1
E02,6779.52,1,0.98,3019,0.919,0,0
E01,3734.41,2,0.381,3311,0.125,1,1
E01,8453.47,1,0.596,2304,0.094,0,0
E03,5378.13,2,0.913,1961,0.391,0,0
E02,4730.87,0,0.75,2634,0.811,1,0
E99,8601.24,0,0.439,896,0.903,1,0
E01,4682.89,0,0.867,3316,0.208,0,0
E01,4202.66,0,0.659,3172,0.319,1,1
E02,1126.79,0,0.784,2504,0.898,1,1
E01,3688.67,1,0.976,3595,0.591,0,1
E01,4030.78,2,0.998,1090,0.433,1,1
E99,1888.16,1,0.604,3183,0.279,1,0
E01,5919.45,2,0.325,123,0.156,1,0
E01,1524.04,0,0.696,2691,0.152,1,0
E02,2314.53,2,0.715,1042,0.684,1,0
E02,5654.81,0,0.658,3463,0.727,1,0
E02,2762.94,0,0.538,2042,0.394,1,1
E02,6432.72,1,0.665,711,0.62,1,1
E03,6936.08,1,0.627,1134,0.197,1,1
E01,3082.78,0,0.956,3159,0.07,0,1
E02,965.14,0,0.87,2896,0.144,1,0
E03,4945.57,2,0.515,1292,0.15,1,0
E99,1019.69,2,0.657,945,0.976,1,0
E02,5200.83,2,0.653,117,0.272,0,0
E02,7289.56,0,0.609,445,0.176,0,0
E01,6241.26,1,0.246,117,0.798,1,1
E01,4537.85,2,0.77,1188,0.395,1,1
E01,9464.0,1,0.785,677,0.244,1,0
E03,1107.3,0,0.587,73,0.257,1,1
E01,8812.01,2,0.921,2806,0.181,1,0
E03,8021.28,2,0.987,3165,0.125,0,0
E01,4255.41,0,0.85,3228,0.689,0,1
E99,1613.39,2,0.942,3012,0.464,1,1
E03,1643.08,2,0.59,461,0.19,0,0
E01,9225.88,1,0.931,592,0.795,1,1
E01,2413.68,0,0.948,3043,0.068,0,0
E01,8753.75,2,0.699,55,0.455,0,1
E99,5082.62,2,0.321,2719,0.17,0,0
E01,4671.17,0,0.322,454,0.076,0,0
E02,6233.16,0,0.578,188,0.568,0,0
E02,2228.89,0,0.788,2809,0.196,1,1
E03,4340.87,2,0.601,2633,0.114,0,0
E02,9391.0,1,0.84,307,0.5,0,0
E02,2458.74,0,0.816,139,0.843,1,1
E99,9223.68,1,0.363,3180,0.506,0,0
E01,9942.68,2,0.306,946,0.125,1,0
E03,613.88,0,0.765,3488,0.336,1,1
E01,5360.65,1,0.456,1911,0.469,1,0
E02,1801.01,0,0.945,3523,0.314,1,1
E99,6254.97,0,0.895,3273,0.367,1,1
E03,9896.47,1,0.561,2217,0.52,1,1
E03,8979.12,2,0.664,380,0.936,1,1
E01,9256.0,2,0.878,3229,0.807,1,1
E02,2212.16,0,0.897,1254,0.242,1,0
E02,5468.96,0,0.646,908,0.788,0,1
E02,2424.83,1,0.978,2077,0.421,1,1
E02,9004.3,0,0.617,1286,0.817,0,1
E01,1992.42,0,0.233,2664,0.63,1,1
E01,1624.19,1,0.65,954,0.688,0,1
E01,220.41,2,0.822,3295,0.39,0,0
E02,1901.28,1,0.988,359,0.72,1,1
E01,1978.65,2,0.284,1688,0.582,1,0
E99,867.15,0,0.552,3457,0.631,0,1
E03,8690.64,1,0.669,3027,0.564,1,0
E01,7821.98,1,0.905,2953,0.102,0,0
E03,2619.37,2,0.773,2221,0.496,0,0
E03,7854.25,1,0.385,2050,0.098,1,0
E01,4279.43,2,0.888,735,0.208,0,0
E01,7777.65,2,0.731,1072,0.497,1,0
E01,3297.78,2,0.916,2086,0.432,1,0
E01,5690.08,1,0.867,1104,0.095,0,0
E03,3877.94,0,0.303,1130,0.179,1,0
E99,1957.99,1,0.968,2444,0.487,1,1
E01,5897.77,1,0.563,2533,0.96,1,1
E03,7533.22,0,0.986,1786,0.507,0,1
E01,7555.76,0,0.35,1025,0.776,0,0
E02,3627.27,2,0.835,635,0.466,0,0
E03,5235.25,1,0.444,946,0.23,0,0
E02,7661.41,2,0.236,1187,0.07,1,0
E01,639.53,0,0.995,3403,0.403,0,1
E02,811.69,2,0.443,1161,0.914,0,0
E99,3824.61,2,0.264,3271,0.355,1,0
E01,2312.37,1,0.888,1938,0.396,0,1
E01,3809.0,1,0.546,1626,0.701,0,1
E01,1028.16,2,0.661,964,0.743,1,0
E02,5960.88,1,0.988,2755,0.622,0,0
E02,6750.23,2,0.585,3033,0.368,0,0
E03,7939.22,0,0.254,3535,0.939,1,1
E03,6540.18,0,0.753,2953,0.381,0,0
E99,4024.18,0,0.768,319,0.324,1,1
E03,9355.79,0,0.355,3165,0.843,1,0
E01,7290.69,2,0.636,2182,0.929,1,1
E02,5324.04,2,0.495,1847,0.949,0,1
E01,2147.82,1,0.24,913,0.551,0,0
E01,6524.85,1,0.449,1823,0.867,1,1
E99,5958.03,2,0.928,2880,0.223,0,0
E03,6864.97,1,0.44,2121,0.886,0,0
E99,7833.14,1,0.378,365,0.763,0,0
E02,9158.99,0,0.953,2720,0.425,1,1
E02,9495.66,0,0.506,2839,0.28,1,1
E02,6338.84,2,0.952,2420,0.764,0,0
E01,9662.96,2,0.904,722,0.455,0,1
E01,9123.08,1,0.576,1063,0.97,0,1
E02,125.88,2,0.508,1642,0.853,1,1
E01,6412.41,2,0.31,3129,0.793,1,0
E99,1866.85,0,0.352,2929,0.364,0,1
E01,3022.41,2,0.386,344,0.719,1,0
E01,3045.25,2,0.576,243,0.761,0,1
E03,4882.98,0,0.498,179,0.435,1,0
E01,207.58,0,0.84,3341,0.139,0,0
E99,2434.38,2,0.437,3109,0.741,1,0
E03,388.3,0,0.54,783,0.327,1,1
E01,6540.53,0,0.298,3298,0.175,0,1
E03,8903.95,0,0.417,1803,0.09,1,1
E03,9978.11,0,0.826,1128,0.358,0,1
E03,4540.71,1,0.766,2644,0.529,1,0
E03,2675.4,1,0.522,249,0.086,1,0
E03,8545.73,2,0.662,445,0.58,0,1
E02,1220.27,0,0.567,922,0.892,1,0
E01,9744.97,0,0.916,2191,0.612,0,1
E03,7176.89,1,0.516,3018,0.543,0,0
E99,5088.95,2,0.778,1856,0.268,0,0
E02,1056.84,1,0.375,1582,0.463,0,0
E03,280.14,2,0.547,2109,0.615,1,0
E02,5490.87,0,0.623,43,0.863,1,0
E03,4197.12,1,0.284,2385,0.879,0,0
E99,8442.38,1,0.67,2898,0.475,1,0
E01,6458.82,0,0.66,1514,0.223,0,1
E01,4375.77,0,0.327,2332,0.715,1,1
E02,2337.47,0,0.999,1076,0.944,1,1
E02,4856.18,1,0.274,3371,0.95,1,0
E02,1713.64,0,0.916,662,0.986,1,0
E01,6703.43,0,0.593,496,0.287,1,1
E02,6096.72,2,0.378,3380,0.837,0,0
E02,8119.71,0,0.29,1826,0.099,0,0
E02,4550.34,2,0.76,1445,0.064,0,0
E03,2858.62,1,0.804,2937,0.683,1,1
E03,8380.31,0,0.739,1016,0.163,0,0
E03,6940.87,1,0.536,1064,0.415,1,0
E03,7096.42,1,0.338,190,0.062,1,0
E03,5328.04,0,0.832,1866,0.132,1,0
E02,8772.19,0,0.897,2704,0.246,1,1
E03,2355.06,2,0.513,3550,0.571,1,0
E01,4076.75,0,0.873,1900,0.362,0,0
E01,7982.7,2,0.708,270,0.58,1,1
E02,1416.31,0,0.622,688,0.66,0,1
E99,8100.28,1,0.688,1013,0.053,0,1
E03,3590.69,0,0.286,3216,0.847,0,0
E01,1342.49,2,0.3,2090,0.104,1,0
E02,883.58,0,0.781,3361,0.871,0,1
E01,8445.98,2,0.976,3039,0.967,1,1
E03,7808.29,0,0.606,3170,0.899,1,1
E03,2951.61,0,0.243,1007,0.56,1,0
E02,1251.99,1,0.254,2019,0.773,0,0
E02,2547.62,1,0.574,217,0.212,0,1
E01,2208.58,1,0.726,1344,0.931,1,1
E02,7357.25,2,0.324,1127,0.072,0,0
E99,2234.07,1,0.226,583,0.568,0,0
E03,2239.38,2,0.784,223,0.484,0,0
E02,419.45,1,0.317,1358,0.799,1,0
E02,6008.91,0,0.551,253,0.75,1,1
E01,6920.9,1,0.787,2204,0.36,1,0
E01,6569.56,1,0.3,999,0.204,0,1
E01,5729.13,1,0.554,816,0.797,1,0
E02,9664.14,2,0.289,399,0.969,1,1
E99,4780.11,2,0.478,1670,0.142,1,0
E02,8615.35,0,0.93,609,0.739,1,1
E01,6495.5,0,0.749,2063,0.535,1,1
E01,933.2,0,0.218,3550,0.343,1,0
E01,8119.88,1,0.308,2633,0.064,1,0
E03,5885.45,0,0.435,418,0.731,0,0
E02,6569.9,0,0.916,329,0.174,1,1
E03,1884.25,1,0.798,3150,0.85,1,1
E03,4431.15,1,0.694,3121,0.299,1,0
E01,8817.77,2,0.322,1305,0.607,1,1
E03,2232.77,1,0.943,1642,0.317,0,0
E99,101.24,2,0.847,1358,0.71,1,0
E02,2649.34,2,0.392,2095,0.16,1,0
E01,4926.67,1,0.523,751,0.372,0,0
E99,8230.65,2,0.543,3385,0.528,1,0
E99,6468.58,2,0.67,1454,0.6,1,0
E02,9198.73,1,0.5,605,0.595,1,0
E02,4610.09,2,0.368,1084,0.125,1,0
E01,3969.07,0,0.734,3184,0.082,1,0
E03,2391.04,0,0.742,1041,0.273,0,0
E02,2258.82,2,0.554,2896,0.085,1,0
E01,7387.49,2,0.589,2757,0.257,0,1
E03,895.56,0,0.241,3578,0.106,0,0
E99,2502.86,2,0.565,552,0.546,0,0
E03,8870.36,1,0.84,1415,0.148,1,0
E01,5811.52,1,0.673,3028,0.44,0,0
E01,561.22,2,0.937,457,0.773,1,1
E99,7072.12,0,0.773,124,0.776,1,0
E99,5116.16,1,0.822,52,0.578,0,1
E02,8559.77,0,0.567,296,0.079,0,0
E03,6856.1,1,0.339,2853,0.554,0,0
E02,144.02,0,0.93,1256,0.288,1,1
E02,2136.82,0,0.727,492,0.584,0,0
E01,2653.84,2,0.928,2534,0.904,1,0
E01,7052.1,0,0.694,1102,0.613,1,1
E01,5142.21,1,0.564,500,0.934,1,1
E03,7499.73,2,0.308,3554,0.246,1,0
E01,5177.39,2,0.518,2103,0.302,0,0
E01,3341.11,0,0.678,1592,0.19,1,0
E02,1126.24,2,0.945,3316,0.124,1,1
E01,2105.96,1,0.863,833,0.06,0,0
E01,4067.72,0,0.611,2123,0.922,0,1
E02,5559.4,1,0.558,2711,0.475,1,0
E02,9392.51,1,0.227,22,0.933,1,0
E03,2473.23,1,0.481,978,0.862,0,1
E99,6694.24,1,0.985,346,0.749,0,0
E01,1610.2,0,0.793,1912,0.913,1,1
E99,7166.16,0,0.62,2450,0.298,0,0
E99,212.27,0,0.89,567,0.855,1,1
E03,6593.61,2,0.218,512,0.689,0,0
E03,1715.85,1,0.966,1659,0.614,1,0
E03,1885.21,1,0.76,1430,0.632,0,0
E03,5633.19,1,0.211,391,0.902,0,0
E03,3816.57,2,0.764,2453,0.923,0,0
E01,4765.92,2,0.267,2783,0.216,1,0
E99,3158.0,2,0.712,1542,0.126,0,0
E02,9539.32,0,0.441,1315,0.306,1,1
E03,2977.5,0,0.37,577,0.812,1,1
E02,5466.27,2,0.702,1148,0.141,1,0
E01,8558.12,2,0.547,1826,0.672,0,0
E02,6675.39,0,0.252,3577,0.425,1,0
E02,3295.49,1,0.858,668,0.908,0,1
E02,5569.12,0,0.413,2987,0.821,0,1
E01,921.61,2,0.695,1808,0.527,1,1
E01,5502.3,2,0.687,1994,0.408,0,1
E02,4370.75,2,0.245,1081,0.835,0,0
E02,7603.54,2,0.998,3399,0.28,0,0
E99,8494.24,1,0.558,232,0.561,1,1
E01,2076.2,0,0.364,761,0.926,1,1
E01,907.21,2,0.549,1142,0.617,0,1
E01,3966.51,1,0.682,2064,0.924,0,1
E02,5388.09,0,0.202,1524,0.465,0,0
E02,3830.34,2,0.44,3344,0.642,1,0
E03,6322.76,1,0.629,665,0.934,1,0
E99,5105.95,0,0.756,2051,0.743,1,0
E01,9372.6,2,0.451,1744,0.901,1,0
E03,4152.97,0,0.523,1109,0.832,0,0
E01,916.69,0,0.377,84,0.123,0,0
E01,3089.16,1,0.434,2922,0.293,1,1
E02,6098.35,0,0.75,722,0.747,0,1
E01,2634.65,2,0.47,500,0.887,1,1
E03,2762.99,2,0.424,2053,0.804,1,1
E03,3461.77,1,0.439,548,0.344,1,0
E03,7486.8,0,0.69,2301,0.634,1,0
E02,9407.32,1,0.649,2632,0.672,1,0
E03,3568.73,0,0.526,827,0.461,1,1
E02,2035.33,2,0.706,250,0.602,1,0
E01,4264.31,2,0.714,349,0.977,0,1
E01,3583.21,0,0.21,183,0.562,0,1
E03,9901.25,1,0.471,1744,0.233,0,0
E99,4692.3,2,0.395,1365,0.524,1,0
E01,6824.91,1,0.863,2799,0.215,0,1
E02,9146.5,0,0.42,1433,0.697,1,1
E03,6327.71,0,0.454,2343,0.898,1,1
E03,2568.85,2,0.63,1691,0.685,0,0
E02,6113.36,1,0.638,1541,0.875,1,1
E03,4078.58,1,0.849,2666,0.734,0,1
E03,4281.26,0,0.51,1831,0.461,1,0
E99,9795.31,0,0.425,2048,0.556,0,0
E01,2858.05,1,0.687,1621,0.551,0,1
E99,4742.46,1,0.783,2569,0.419,1,1
E01,1682.68,1,0.994,1097,0.137,0,0
E03,1867.59,2,0.695,180,0.71,0,1
E01,6074.5,0,0.593,1525,0.094,0,0
E01,7535.06,1,0.306,1137,0.242,0,1
E01,6400.95,0,0.99,3228,0.477,1,1
E02,3359.91,0,0.748,3479,0.978,1,0
E01,690.22,1,0.332,784,0.338,1,0
E01,4755.61,0,0.568,1540,0.797,1,0
E02,5092.27,1,0.648,1557,0.444,1,0
E02,7729.45,1,0.374,801,0.258,1,0
E03,6438.87,1,0.786,36,0.075,0,0
E99,8725.46,2,0.72,3571,0.133,1,0
E03,7851.53,0,0.387,2347,0.442,0,0
E01,3722.19,1,0.992,1481,0.426,0,0
E01,6358.99,2,0.959,662,0.639,1,1
E99,7498.14,0,0.412,1724,0.108,1,0
E01,9573.12,1,0.553,981,0.317,1,1
E02,4281.29,2,0.916,806,0.072,1,0
E99,6517.99,1,0.525,3447,0.87,0,0
E99,3987.37,0,0.964,2363,0.424,0,0
E02,7404.5,2,0.36,1111,0.599,0,0
E03,9128.73,0,0.779,746,0.718,0,0
E02,9200.34,0,0.68,2768,0.302,0,1
E03,1655.17,1,0.477,2196,0.177,1,0
E01,2120.56,0,0.774,3077,0.595,0,1
E01,7573.8,1,0.219,2727,0.899,1,0
E03,6347.0,1,0.385,1448,0.889,0,0
E01,9060.56,2,0.409,2348,0.34,1,0
E03,3206.63,1,0.294,1371,0.3,0,0
E02,8495.41,1,0.227,326,0.382,1,0
E99,6869.38,2,0.482,115,0.281,1,0
E03,2035.02,0,0.375,288,0.957,1,0
E02,1352.29,1,0.306,3310,0.083,0,0
E03,7056.96,2,0.326,3032,0.23,0,0
E01,1668.77,0,0.861,1408,0.077,1,1
E02,7963.86,0,0.276,3256,0.853,1,0
E01,5615.24,0,0.78,2654,0.493,1,1
E99,4820.98,2,0.243,489,0.264,0,0
E03,2827.74,1,0.233,813,0.422,1,1
E99,9840.07,0,0.554,1352,0.15,0,0
E99,7249.45,2,0.505,2897,0.151,1,0
E99,7802.83,2,0.637,2354,0.94,1,1
E01,7710.24,0,0.762,1415,0.704,1,1
E99,5881.75,2,0.448,3007,0.65,0,0
E02,9403.02,2,0.356,1170,0.494,0,0
E02,5879.83,2,0.858,3272,0.51,0,0
E02,5248.45,0,0.332,2597,0.776,0,1
E01,2809.73,0,0.839,2515,0.099,0,0
E01,2889.19,1,0.67,316,0.677,0,1
E01,7395.15,2,0.431,531,0.567,1,0
E01,3414.2,1,0.451,3540,0.338,1,0
E02,7314.24,2,0.497,2766,0.253,1,1
E99,9531.8,0,0.673,926,0.86,0,0
E03,4449.14,1,0.984,3092,0.926,1,1
E02,1063.52,2,0.455,1109,0.14,1,0
E02,6698.81,1,0.953,1265,0.21,0,1
E02,194.28,2,0.364,1095,0.677,1,1
E01,7891.33,1,0.29,1779,0.778,0,0
E03,5303.97,0,0.626,2742,0.512,1,0
E01,4948.35,2,0.981,599,0.921,0,0
E03,5737.48,2,0.588,3482,0.871,1,0
E03,5212.44,2,0.84,1096,0.169,1,0
E02,3305.39,1,0.578,3486,0.184,0,0
E99,2886.94,1,0.88,3131,0.131,1,0
E01,4211.44,0,0.85,1971,0.873,1,1
E99,8959.6,1,0.749,320,0.574,0,1
E03,1440.17,0,0.692,2066,0.935,0,1
E03,3315.17,0,0.615,2744,0.735,1,1
E03,2003.77,0,0.965,3535,0.738,1,1
E03,4328.66,1,0.646,352,0.168,0,0
E99,1421.63,2,0.47,2681,0.153,0,0
E02,7631.88,2,0.906,1054,0.925,1,1
E03,1124.33,2,0.728,2699,0.504,0,0
E03,6686.09,1,0.647,2097,0.984,1,0
E02,2750.33,2,0.746,3119,0.354,1,0
E99,4774.68,2,0.479,12,0.634,1,0
E02,2079.88,2,0.537,1820,0.588,0,0
E02,7329.21,1,0.356,2431,0.114,1,1
E01,9487.93,0,0.884,1365,0.538,0,1
E01,2295.28,1,0.732,1138,0.919,0,0
E03,9536.22,2,0.859,1179,0.477,0,0
E02,3320.21,2,0.454,2695,0.494,0,0
E02,5622.69,0,0.996,748,0.709,1,1
E01,7045.74,0,0.486,3510,0.784,0,0
E02,2072.76,1,0.483,753,0.828,0,1
E03,4503.16,2,0.969,1499,0.475,1,0
E99,771.49,2,0.724,3575,0.467,0,0
E01,7000.83,2,0.947,108,0.495,1,1
E02,4224.5,0,0.699,1211,0.961,1,1
E02,8927.28,2,0.397,3056,0.923,0,0
E03,2812.52,0,0.513,1139,0.635,0,1
E02,9243.65,2,0.887,989,0.317,1,0
E02,1496.29,2,0.592,4,0.896,0,1
E02,6108.97,1,0.767,535,0.211,0,0
E02,3147.3,1,0.333,706,0.15,0,1
E02,1899.64,1,0.52,3165,0.44,0,0
E02,1029.98,1,0.872,1966,0.694,0,1
E03,6590.86,2,0.953,837,0.099,0,0
E03,2408.36,0,0.459,2913,0.344,1,0
E01,5770.86,0,0.338,2179,0.787,1,1
E03,9796.25,2,0.219,1137,0.67,1,0
E99,3228.02,2,0.302,915,0.129,0,0
E01,445.95,1,0.869,795,0.24,0,1
E02,1513.94,0,0.565,2565,0.732,1,0
E01,1281.29,2,0.433,2578,0.16,0,0
E03,4686.51,2,0.821,2335,0.059,0,0
E01,7472.04,0,0.835,1610,0.983,0,1
E03,3034.8,1,0.49,1833,0.627,0,0
E01,1543.84,1,0.921,3232,0.453,1,1
E02,6443.59,2,0.57,1998,0.611,1,1
E99,3081.68,2,0.409,2212,0.68,1,0
E02,5794.19,1,0.92,818,0.516,0,1
E99,9344.49,2,0.322,1639,0.669,0,1
E99,2984.33,1,0.997,79,0.716,1,0
E99,5173.67,1,0.691,1661,0.219,0,0
E01,8087.44,2,0.932,2882,0.448,1,1
E03,6948.01,1,0.343,2415,0.336,1,0
E01,7539.63,1,0.511,3201,0.8,0,0
E02,7748.44,1,0.899,1225,0.774,1,1
E99,5445.17,0,0.87,2800,0.812,1,0
E03,5407.01,0,0.897,2636,0.461,1,0
E02,7217.01,0,0.424,2548,0.591,0,0
E02,7006.72,2,0.694,2877,0.713,0,1
E03,6733.57,1,0.512,1699,0.353,0,1
E03,3883.13,2,0.457,1231,0.969,1,0
E02,8302.57,1,0.616,2102,0.406,1,1
E99,2438.41,0,0.772,1383,0.555,1,1
E01,1641.75,1,0.615,2490,0.827,0,1
E01,3517.11,0,0.384,3117,0.752,1,0
E03,2612.93,0,0.846,95,0.521,1,1
E99,6665.51,1,0.982,2235,0.434,1,0
E01,2387.08,0,0.49,1525,0.649,0,0
E01,6599.25,1,0.879,378,0.46,1,1
E01,5180.91,2,0.891,809,0.606,1,1
E99,1609.26,0,0.408,2971,0.802,1,0
E01,2658.12,2,0.764,1312,0.164,0,0
E02,5265.1,1,0.951,315,0.706,1,1
E99,7357.74,0,0.792,2697,0.101,0,0
E01,4042.69,0,0.224,854,0.74,0,1
E02,2405.04,0,0.684,1308,0.247,1,1
E02,3021.27,0,0.823,707,0.514,0,1
E03,1041.66,0,0.695,2661,0.301,1,1
E02,348.98,2,0.223,3306,0.353,0,0
E02,9733.98,2,0.296,3498,0.641,1,0
E01,1054.46,1,0.841,270,0.455,1,1
E03,1336.38,2,0.59,3324,0.508,1,0
E03,8722.54,0,0.966,2285,0.989,0,1
E01,6668.7,1,0.532,2979,0.164,1,1
E02,4417.12,0,0.857,270,0.411,0,1
E99,6525.33,1,0.228,3070,0.548,0,0
E01,9356.35,1,0.873,1180,0.815,0,1
E01,1083.84,2,0.887,1418,0.315,1,0
E02,2512.74,2,0.49,3225,0.42,1,0
E01,8616.97,1,0.448,2633,0.822,0,0
E01,7828.33,0,0.928,1844,0.549,1,1
E02,9943.14,0,0.822,2401,0.855,0,0
E01,3207.7,0,0.678,1281,0.11,0,1
E02,9454.38,1,0.549,3538,0.32,0,1
E03,3502.52,1,0.93,252,0.574,1,0
E02,7179.42,2,0.798,2070,0.165,1,1
E01,8839.16,0,0.533,160,0.503,0,1
E03,1790.74,1,0.597,1547,0.067,0,1
E01,2135.82,0,0.279,1830,0.524,1,1
E03,5851.49,1,0.849,3014,0.915,0,0
E02,8453.87,1,0.873,3378,0.941,0,0
E03,881.6,2,0.485,2698,0.35,1,0
E01,8523.72,1,0.448,3470,0.053,0,1
E01,3496.89,0,0.402,450,0.907,0,0
E02,4121.64,2,0.339,1893,0.583,0,0
E01,3464.62,1,0.958,2147,0.596,0,1
E01,9123.65,1,0.807,279,0.816,1,0
E03,1394.86,1,0.547,2132,0.42,0,0
E03,5785.32,0,0.288,153,0.445,1,0
E01,1566.27,2,0.312,2274,0.85,0,0
E99,9293.09,0,0.768,798,0.512,1,0
E03,7999.52,0,0.362,3389,0.742,1,0
E99,2414.81,2,0.478,1175,0.901,0,0
E03,3048.0,1,0.966,2167,0.42,1,1
E03,3877.0,2,0.665,2193,0.886,1,1
E02,4113.63,2,0.847,3132,0.358,0,0
E03,8191.69,2,0.283,1213,0.924,1,0
E99,5688.88,2,0.464,1290,0.337,0,0
E01,4336.7,2,0.916,2459,0.27,1,1
E01,7222.5,1,0.848,207,0.728,1,1
E01,4632.86,2,0.779,1994,0.917,1,0
E99,1369.58,0,0.67,1351,0.772,0,0
E02,1164.14,2,0.415,3520,0.746,0,0
E03,3326.97,0,0.668,1918,0.965,0,0
E03,6068.42,1,0.241,2776,0.574,0,0
E99,1434.93,1,0.362,3000,0.884,1,0
E01,5546.33,2,0.615,527,0.085,1,1
E03,2769.14,0,0.202,2275,0.174,1,0
E99,6984.59,0,0.386,2447,0.305,1,0
E01,379.8,2,0.322,1592,0.939,0,1
E03,4743.33,1,0.476,715,0.235,0,0
E02,617.42,2,0.887,1663,0.41,0,0
E03,3372.03,2,0.958,184,0.083,0,0
E02,254.19,2,0.332,3587,0.123,1,0
E01,4744.08,1,0.385,320,0.598,1,0
E01,7693.46,0,0.878,509,0.142,0,0
E01,1092.18,2,0.338,493,0.895,0,0
E01,7378.7,0,0.793,740,0.883,0,1
E03,5883.53,2,0.268,662,0.635,0,0
E02,5095.59,2,0.719,2251,0.423,1,0
E01,6034.88,1,0.413,402,0.885,0,1
E03,3425.38,0,0.8,2525,0.509,0,0
E03,7132.36,1,0.615,1467,0.229,0,0
E02,7818.69,0,0.343,1422,0.375,1,1
E99,7804.42,1,0.522,1834,0.391,0,0
E02,2767.65,1,0.611,116,0.595,1,0
E03,6573.68,1,0.997,1801,0.427,0,1
E01,1566.15,0,0.584,1879,0.819,0,1
E03,5004.65,2,0.321,2696,0.639,0,0
E99,126.03,0,0.644,520,0.287,0,0
E03,2016.51,2,0.376,185,0.428,0,0
E02,6354.17,0,0.904,202,0.73,1,1
E03,8756.18,1,0.867,3452,0.278,0,1
E02,585.38,2,0.303,1241,0.136,0,0
E03,5629.67,1,0.671,850,0.718,1,0
E03,6404.07,0,0.757,489,0.432,0,0
E99,9330.67,1,0.401,923,0.167,1,0
E02,6585.92,1,0.701,1580,0.501,1,0
E01,1120.02,2,0.57,3491,0.577,0,0
E02,1552.77,1,0.586,2742,0.074,0,1
E01,6394.06,2,0.641,3065,0.794,1,1
E01,2234.63,1,0.656,170,0.512,1,1
E01,9290.22,0,0.768,2068,0.074,0,1
E03,9214.8,1,0.562,1800,0.86,1,0
E01,9491.69,2,0.778,703,0.6,0,1
E01,3000.23,0,0.589,1789,0.955,1,1
E01,7197.8,1,0.73,2104,0.314,1,0
E99,6663.84,0,0.41,7,0.438,0,0
E03,452.48,2,0.633,3531,0.673,0,0
E01,2729.09,1,0.574,2657,0.909,1,1
E01,2146.99,2,0.442,3332,0.794,1,1
E02,3771.01,2,0.25,323,0.654,1,1
E01,9535.23,2,0.608,217,0.798,0,1
E02,8471.46,1,0.208,3355,0.139,0,0
E02,3004.9,2,0.512,3358,0.731,0,0
E99,5347.31,1,0.497,2302,0.594,1,0
E01,2003.43,2,0.707,722,0.308,0,0
E03,2846.6,2,0.99,1036,0.274,1,1
E01,743.53,0,0.886,2859,0.321,0,1
E99,6461.8,2,0.98,3331,0.166,0,0
E99,6603.52,2,0.961,2417,0.307,1,0
E03,8401.17,2,0.259,1442,0.117,0,0
E02,8728.36,0,0.426,2958,0.682,1,1
E01,1684.59,1,0.438,937,0.532,1,0
E03,7456.11,0,0.257,466,0.17,0,0
E03,1433.61,2,0.877,1384,0.705,0,0
E01,3799.78,2,0.916,1683,0.217,0,0
E02,5203.81,1,0.684,2202,0.515,1,1
E02,589.75,0,0.913,2478,0.915,0,1
E03,1651.96,1,0.771,2605,0.765,0,0
E03,2784.05,1,0.552,737,0.599,0,0
E03,1362.67,2,0.32,2382,0.6,0,1
E03,9347.55,0,0.967,162,0.11,1,0
E01,2954.36,1,0.754,3316,0.451,0,0
E02,5061.6,1,0.483,1591,0.339,0,0
E01,9965.69,2,0.303,3442,0.496,0,0
E03,5709.76,0,0.839,3124,0.944,0,1
E02,4173.81,2,0.842,710,0.789,1,0
E02,9304.94,2,0.634,402,0.623,1,1
E01,2302.73,1,1.0,3285,0.712,0,1
E01,1877.06,0,0.509,1769,0.737,0,1
E02,5400.11,0,0.954,384,0.479,1,1
E01,4330.29,0,0.704,2192,0.864,0,1
E01,7990.16,2,0.789,3444,0.63,0,1
E03,515.9,2,0.934,2164,0.744,1,1
E02,6215.49,0,0.865,934,0.06,1,1
E02,7135.72,2,0.431,1214,0.556,1,0
E02,9721.98,1,0.894,957,0.392,1,0
E03,1543.06,2,0.632,1938,0.102,0,0
E01,2537.81,0,0.236,1518,0.657,0,0
E03,9331.19,0,0.739,1235,0.923,1,1
E99,6343.23,2,0.6,655,0.739,1,0
E03,476.69,1,0.629,105,0.125,1,1
E02,865.71,2,0.529,2979,0.103,0,0
E03,7875.86,2,0.251,2891,0.374,1,0
E02,5718.0,0,0.344,449,0.274,1,1
E02,5697.61,1,0.805,821,0.076,0,0
E02,8810.67,2,0.387,1582,0.088,0,0
E01,2486.87,0,0.702,2145,0.374,1,1
E01,1688.27,2,0.633,3265,0.176,0,1
E02,6176.68,0,0.377,2510,0.233,1,1
E01,8835.99,0,0.424,2287,0.867,0,1
E02,2725.98,1,0.507,2678,0.984,1,1
E02,6844.81,0,0.904,2186,0.806,0,1
E99,1608.55,1,0.953,3347,0.269,0,0
E01,1801.9,1,0.509,3580,0.215,1,1
E03,9024.95,0,0.237,1625,0.594,0,0
E02,1267.85,2,0.681,82,0.787,1,0
E01,341.02,0,0.534,3578,0.668,1,1
E01,7771.91,1,0.594,1151,0.806,1,1
E01,3688.84,0,0.554,965,0.508,0,1
E01,4026.92,0,0.724,450,0.979,1,0
E01,8018.59,0,0.444,2744,0.79,1,1
E02,1881.36,0,0.914,665,0.098,1,1
E02,6538.24,1,0.537,3472,0.392,1,0
E01,3203.93,1,0.473,778,0.576,1,1
E01,1132.26,0,0.938,261,0.261,0,1
E01,6906.21,0,0.487,2257,0.429,1,0
E02,3254.77,0,0.266,742,0.642,1,0
E01,8679.38,1,0.324,980,0.569,1,0
E02,9198.45,2,0.771,379,0.86,1,0
E01,8505.61,0,0.65,2391,0.297,0,1
E01,3291.28,0,0.628,793,0.916,1,0
E99,2442.17,2,0.266,2657,0.353,1,0
E01,8938.73,2,0.331,934,0.915,0,0
E01,4584.18,2,0.517,1447,0.283,0,0
E01,7106.62,0,0.558,1771,0.527,1,0
E99,8288.93,2,0.501,1931,0.926,0,0
E03,2849.1,1,0.602,2980,0.311,1,0
E03,1279.06,0,0.787,476,0.848,0,1
E99,6285.79,0,0.709,821,0.521,1,0
E01,5942.9,1,0.689,2709,0.445,1,1
E99,2774.98,2,0.646,3079,0.674,0,0
E01,5888.6,2,0.361,1509,0.237,1,1
E03,7924.54,1,0.684,21,0.669,1,1
E02,3565.11,1,0.327,3004,0.216,0,0
E02,2498.95,2,0.77,2201,0.718,1,0
E99,7277.51,0,0.562,1894,0.624,1,1
E01,7880.13,1,0.665,1401,0.181,1,1
E99,9547.47,0,0.89,2508,0.145,1,0
E02,1561.1,2,0.498,1039,0.621,0,0
E03,8903.71,1,0.28,1291,0.164,1,0
E99,7674.48,2,0.913,2768,0.638,0,1
E01,7048.81,1,0.492,1338,0.989,0,1
E99,3199.23,2,0.525,3407,0.166,1,0
E02,319.71,2,0.437,1571,0.495,0,0
E03,5124.75,1,0.536,2025,0.919,1,1
E01,2929.12,2,0.617,2290,0.931,1,1
E02,2969.23,1,0.875,2516,0.078,1,1
E03,9278.67,2,0.776,1824,0.81,0,0
E02,1614.39,0,0.611,1307,0.274,1,1
E01,9348.9,2,0.811,2895,0.752,0,0
E01,5087.69,0,0.878,2578,0.384,1,1
E99,8398.96,2,0.247,198,0.261,0,0
E01,2907.52,1,0.674,2251,0.492,0,0
E03,6375.81,0,0.235,3242,0.215,1,0
E99,5610.23,2,0.446,2016,0.449,0,0
E01,9249.24,0,0.81,3333,0.421,0,1
E01,1875.05,1,0.833,1405,0.955,1,1
E03,2125.24,2,0.907,879,0.56,1,0
E01,9494.75,0,0.599,1796,0.705,1,1
E02,1069.85,1,0.267,363,0.214,1,0
E03,6383.36,1,0.301,233,0.987,1,1
E02,699.58,2,0.395,2059,0.518,1,0
E02,862.21,1,0.498,107,0.121,0,0
E03,6011.77,0,0.621,231,0.623,0,1
E02,5558.54,0,0.717,1639,0.349,1,1
E01,5772.96,0,0.33,827,0.326,0,0
E02,4789.16,2,0.351,647,0.348,1,0
E99,7449.36,2,0.338,1827,0.473,1,0
E03,9922.67,1,0.804,1180,0.32,1,0
E02,2830.23,2,0.442,2210,0.782,1,1
E01,3302.05,2,0.333,1532,0.218,0,0
E01,3298.19,2,0.545,700,0.183,0,0
E01,7656.36,0,0.398,2535,0.148,1,0
E01,3545.35,0,0.495,3357,0.436,0,1
E99,6799.7,2,0.859,2617,0.156,1,0
E01,4514.29,1,0.467,653,0.074,1,0
E03,6117.27,0,0.34,2007,0.327,0,0
E01,8307.25,1,0.386,554,0.971,1,1
E01,5189.18,1,0.227,94,0.06,1,1
E02,4804.21,2,0.921,585,0.11,0,1
E01,2743.05,1,0.758,2914,0.598,0,1
E03,5207.46,0,0.571,3346,0.518,0,0
E99,2697.88,2,0.649,2150,0.148,1,0
E99,8451.35,1,0.403,3163,0.891,0,0
E01,3949.75,0,0.523,1475,0.684,0,1
E03,1378.17,0,0.456,119,0.515,0,0
E01,2475.68,1,0.86,3255,0.561,1,0
E99,5392.36,2,0.795,2616,0.798,0,0
E02,9171.25,2,0.427,2372,0.142,1,0
E01,3075.56,0,0.81,265,0.927,1,1
E01,2717.42,1,0.275,3465,0.156,0,0
E01,4124.94,2,0.362,272,0.481,0,1
E01,9680.77,1,0.285,56,0.283,1,0
E99,8467.67,0,0.391,274,0.675,0,1
E03,1581.71,2,0.381,3387,0.839,0,0
E99,6176.16,2,0.92,2986,0.63,0,1
E01,7939.46,1,0.462,408,0.261,0,0
E02,7703.3,2,0.484,1539,0.783,0,1
E01,4939.57,1,0.28,1902,0.936,1,0
E02,7345.13,0,0.253,2005,0.201,1,0
E01,5877.51,2,0.376,727,0.288,1,0
E01,2094.31,0,0.308,111,0.548,1,1
E02,654.93,0,0.476,112,0.745,0,1
E01,3758.05,1,0.349,3243,0.169,1,0
E02,713.2,0,0.343,2238,0.098,0,0
E03,4010.63,1,0.718,3535,0.583,0,0
E01,8305.9,1,0.954,3097,0.799,0,1
E99,8458.51,2,0.21,847,0.33,0,0
E02,437.33,0,0.764,324,0.598,1,1
E03,788.4,1,0.727,2363,0.805,1,1
E03,6731.68,1,0.668,810,0.077,1,0
E03,5049.99,0,0.754,2444,0.366,0,0
E03,1578.65,1,0.607,3483,0.335,0,0
E99,8074.74,2,0.942,3478,0.73,0,1
E03,2243.31,2,0.327,905,0.676,1,0
E01,873.68,0,0.579,1742,0.827,1,1
E01,7520.12,2,0.722,2546,0.566,1,0
E03,6120.45,1,0.927,857,0.264,0,0
E01,4004.98,0,0.59,2027,0.457,0,1
E01,6957.99,2,0.982,1297,0.422,0,1
E01,9122.67,1,0.725,2066,0.678,0,1
E02,438.41,2,0.759,2302,0.947,0,0
E01,6314.03,0,0.855,3155,0.48,0,1
E03,2259.86,0,0.787,1701,0.651,0,1
E03,4793.96,2,0.618,1034,0.217,0,0
E03,4297.41,0,0.818,286,0.59,1,1
E01,3960.8,1,0.229,2518,0.735,0,0
E02,1984.53,1,0.946,2906,0.768,1,0
E02,8046.23,2,0.859,1478,0.965,0,0
E02,3857.25,1,0.71,3111,0.978,0,0
E03,8883.24,2,0.255,1707,0.535,1,0
E01,3611.22,2,0.436,1722,0.859,0,0
E99,8413.16,2,0.403,168,0.743,0,0
E01,5490.22,1,0.406,1884,0.543,0,0
E03,3917.69,0,0.738,2141,0.078,0,0
E02,7069.92,0,0.901,1770,0.968,1,0
E01,7887.88,1,0.745,1936,0.957,1,1
E03,4878.64,1,0.511,1907,0.537,1,0
E01,4311.66,0,0.975,2517,0.374,0,0
E03,5816.45,2,0.89,370,0.155,0,1
E02,5893.12,1,0.748,1910,0.102,0,0
E01,4312.24,2,0.518,1561,0.805,1,1
E01,7600.86,1,0.747,1248,0.435,0,0
E03,4057.24,1,0.526,1612,0.579,1,0
E01,4584.68,0,0.324,2445,0.333,1,0
E99,6092.65,0,0.695,3591,0.627,1,0
E03,9869.8,1,0.758,796,0.763,1,0
E03,2680.79,1,0.479,176,0.889,1,0
E01,2396.33,2,0.943,1258,0.516,1,0
E03,1851.18,1,0.883,1124,0.332,0,1
E99,6925.5,0,0.666,250,0.122,1,0
E01,4546.04,2,0.248,1786,0.853,0,0
E01,3947.2,1,0.214,1865,0.852,0,1
E01,2120.49,2,0.712,3050,0.382,0,0
E02,8922.27,2,0.851,2515,0.245,1,0
E03,4487.41,2,0.6,1660,0.683,0,0
E02,6116.16,0,0.219,2367,0.761,1,1
E02,1214.04,1,0.316,1048,0.729,0,0
E01,1168.92,0,0.369,564,0.117,0,1
E01,766.81,2,0.702,1927,0.975,1,1
E01,3736.73,2,0.589,1789,0.562,1,1
E99,4781.58,0,0.282,1069,0.622,1,0
E03,2521.32,1,0.601,3238,0.093,1,0
E02,3561.81,1,0.896,1974,0.061,1,1
E03,161.97,1,0.551,2043,0.169,0,0
E01,3575.78,1,0.32,2483,0.418,1,1
E01,1279.8,2,0.662,1045,0.938,0,1
E01,1371.01,2,0.944,1911,0.734,0,0
E99,144.61,1,0.293,3227,0.989,1,1
E03,6994.17,2,0.325,2195,0.689,0,0
E03,9319.71,0,0.653,3066,0.144,0,1
E01,6253.3,0,0.472,140,0.703,0,0
E01,1052.4,0,0.916,2593,0.653,0,1
E03,9897.53,2,0.77,2372,0.883,1,1
E02,9758.29,0,0.318,3231,0.562,1,0
E99,4735.52,2,0.897,3490,0.281,1,0
E03,1167.91,2,0.714,501,0.739,0,0
E02,7235.32,2,0.595,1770,0.758,1,1
E03,9618.54,2,0.405,3357,0.533,1,0
E99,7809.13,1,0.72,2889,0.139,1,0
E02,6279.61,2,0.919,365,0.439,0,1
E03,6147.24,2,0.231,1976,0.84,0,0
E99,9781.39,2,0.5,1255,0.335,0,0
E01,823.88,2,0.949,2534,0.738,0,1
E99,1580.6,2,0.506,1846,0.288,1,0
E01,8325.03,1,0.229,1116,0.359,0,1
E03,1536.62,2,0.281,1502,0.367,1,0
E03,3894.64,1,0.753,3480,0.177,1,0
E03,2886.84,1,0.76,1317,0.38,1,0
E02,2510.1,2,0.292,775,0.73,0,0
E03,354.65,0,0.375,405,0.427,1,0
E01,5705.89,2,0.651,573,0.332,0,0
E01,4072.27,0,0.749,192,0.709,1,1
E01,5560.74,1,0.325,164,0.535,1,0
E02,3114.63,0,0.565,1920,0.46,1,1
E02,9420.46,2,0.65,1948,0.798,0,0
E01,5954.34,2,0.24,2864,0.409,1,0
E99,9615.95,0,0.379,2228,0.562,0,0
E02,3565.06,0,0.935,690,0.08,0,1
E02,122.67,1,0.904,2338,0.369,0,0
E02,7834.53,2,0.458,1597,0.273,1,0
E01,8291.05,0,0.894,620,0.883,0,0
E03,681.16,2,0.706,2340,0.07,1,1
E02,6291.16,1,0.985,2345,0.708,1,1
E01,6644.08,1,0.973,1523,0.761,1,1
E99,1542.77,1,0.694,595,0.363,1,0
E03,5569.99,0,0.574,107,0.292,1,0
E03,2507.67,1,0.314,2718,0.205,0,1
E99,262.87,0,0.624,561,0.31,1,0
E99,8682.42,1,0.519,991,0.909,1,0
E01,4967.78,0,0.716,2432,0.091,1,1
E03,7838.82,0,0.272,1519,0.479,0,0
E03,7256.64,1,0.868,2955,0.299,0,0
E01,9937.68,0,0.974,1322,0.704,1,1
E01,4435.74,0,0.367,3211,0.364,1,0
E01,4332.75,2,0.706,1324,0.375,0,0
E03,2889.38,0,0.842,298,0.105,1,1
E03,6288.96,0,0.644,2595,0.906,0,1
E03,4912.51,2,0.948,2376,0.54,1,0
E01,7314.74,0,0.609,3591,0.115,0,0
E01,3629.47,2,0.416,358,0.757,1,0
E02,1395.36,0,0.577,1898,0.783,1,1
E02,8638.11,0,0.59,2555,0.483,1,1
E99,8297.66,0,0.403,1444,0.97,0,1
E99,3574.9,2,0.83,944,0.262,1,0
E99,6934.48,0,0.694,1058,0.844,0,1
E99,4974.79,0,0.496,39,0.846,1,1
E99,7633.62,2,0.537,2248,0.54,0,0
E02,3962.31,1,0.497,2802,0.558,1,0
E01,5402.83,1,0.558,1624,0.156,1,0
E01,672.38,0,0.622,142,0.175,0,1
E02,1831.61,1,0.465,2782,0.447,0,1
E01,7839.48,1,0.855,3269,0.913,0,0
E01,3877.5,1,0.943,2184,0.252,1,1
E99,447.54,1,0.618,314,0.497,1,0
E01,1759.6,0,0.769,1483,0.11,0,1
E99,4174.82,2,0.944,2048,0.331,1,0
E03,7207.34,2,0.354,3430,0.4,0,0
E03,3698.5,0,0.352,1797,0.955,0,0
E03,7477.34,2,0.258,41,0.231,0,0
E01,8594.8,0,0.554,2535,0.145,0,1
E03,3477.25,0,0.465,2482,0.101,0,0
E01,8023.72,2,0.648,848,0.541,1,1
E99,1356.12,0,0.561,1479,0.538,0,0
E01,4211.31,0,0.352,155,0.234,0,1
E01,1065.87,1,0.513,438,0.283,0,0
E03,620.03,0,0.223,1120,0.35,1,0
E03,738.82,0,0.63,334,0.059,0,1
E02,1137.05,0,0.417,994,0.818,1,1
E03,8373.69,0,0.29,2337,0.776,0,0
E01,5482.4,2,0.253,1378,0.351,0,0
E03,9479.14,2,0.772,532,0.59,1,0
E01,5426.2,2,0.398,2248,0.358,1,0
E01,6324.24,1,0.727,3082,0.075,0,0
E01,1926.39,1,0.852,2126,0.604,1,1
E01,5451.75,0,0.6,1120,0.728,0,1
E01,3914.5,2,0.306,2904,0.364,1,0
E02,9321.21,2,0.692,1238,0.277,1,0
E01,9345.82,1,0.257,55,0.298,1,0
E01,2065.14,0,0.854,2376,0.378,1,1
E02,6239.3,2,0.809,2587,0.49,0,1
E01,6417.94,0,0.522,793,0.76,1,1
E03,5669.1,0,0.415,1357,0.237,1,0
E99,1330.86,2,0.768,26,0.714,0,0
E02,6574.75,2,0.654,1692,0.957,1,1
E99,8010.94,1,0.316,1605,0.219,1,0
E01,3517.74,0,0.807,930,0.527,0,1
E01,5194.06,1,0.467,1900,0.39,0,1
E03,1251.65,2,0.915,2444,0.614,1,0
E03,9313.82,2,0.864,1605,0.878,0,0
E03,1184.42,0,0.421,2864,0.883,1,1
E01,2162.93,1,0.404,1649,0.466,0,0
E03,3054.94,0,0.518,1474,0.762,1,0
E02,8275.32,2,0.844,2396,0.531,1,1
E01,7036.49,2,0.305,617,0.776,0,1
E01,169.44,1,0.453,3044,0.881,0,0
E99,1917.26,0,0.727,2178,0.719,1,0
E01,7526.5,1,0.227,1316,0.107,0,0
E03,4097.96,0,0.245,844,0.281,1,0
E03,359.51,2,0.81,2844,0.789,0,0
E03,9642.78,2,0.618,51,0.068,1,0
E03,1597.21,0,0.646,226,0.537,0,1
E99,5153.62,2,0.399,2188,0.624,0,0
E01,2558.33,2,0.625,1729,0.821,0,0
E01,7400.95,2,0.636,619,0.808,1,1
E02,7789.59,0,0.531,1354,0.119,0,0
E02,4032.48,0,0.972,2818,0.689,1,1
E01,6618.65,1,0.239,1677,0.793,1,1
E01,9099.83,0,0.532,1901,0.149,1,0
E01,8166.61,2,0.886,330,0.506,0,0
E01,4207.49,1,0.365,2596,0.66,0,0
E01,4470.61,1,0.948,500,0.372,1,1
E99,8880.09,0,0.54,841,0.398,1,0
E01,440.29,0,0.325,1057,0.147,0,1
E99,325.83,2,0.274,1551,0.778,0,0
E99,2137.37,1,0.462,985,0.273,0,0
E01,8293.45,0,0.936,2936,0.459,1,1
E03,1616.81,2,0.951,1386,0.535,0,1
E03,2924.26,0,0.651,129,0.132,1,0
E03,6327.78,2,0.295,1646,0.455,0,0
E01,1924.0,1,0.565,444,0.193,1,0
E01,3100.85,1,0.534,796,0.269,0,0
E01,4722.44,0,0.385,2129,0.385,0,0
E03,2358.28,0,0.261,2229,0.51,0,0
E99,9924.9,1,0.505,2400,0.458,1,0
E03,1718.12,1,0.497,1353,0.117,0,0
E03,8514.38,1,0.763,3016,0.379,0,1
E99,4753.99,1,0.515,217,0.087,1,0
E03,1378.32,1,0.211,1365,0.286,1,0
E01,1273.01,0,0.216,878,0.13,1,0
E99,5052.93,1,0.75,149,0.207,0,0
E02,3599.85,2,0.729,2016,0.522,0,0
E01,2422.56,2,0.328,205,0.922,0,0
E02,9593.5,1,0.893,2185,0.233,0,1
E99,4687.46,1,0.73,3077,0.737,1,1
E01,9295.23,1,0.323,2878,0.091,0,0
E02,1723.6,2,0.43,2452,0.366,0,1
E01,1916.31,1,0.979,884,0.427,1,1
E01,6000.67,2,0.526,2353,0.152,0,0
E01,2771.77,0,0.389,2024,0.649,0,1
E03,1930.88,1,0.619,1779,0.187,0,0
E99,1037.39,1,0.364,1714,0.803,0,0
E01,855.08,1,0.833,511,0.606,0,0
E01,7556.37,1,0.835,3054,0.747,1,1
E01,2893.42,0,0.841,3011,0.204,0,0
E01,9786.35,1,0.694,2628,0.348,1,0
E02,1912.9,1,0.755,1972,0.713,0,1
E03,3609.02,1,0.457,476,0.476,0,1
E03,3811.6,1,0.903,2284,0.644,1,1
E02,5051.51,1,0.315,3451,0.439,1,0
E02,8719.3,1,0.404,478,0.682,0,1
E01,8364.23,1,0.994,1279,0.653,0,1
E01,198.57,0,0.968,3261,0.332,1,1
E99,4151.63,2,0.606,3436,0.879,0,0
E03,8296.57,2,0.599,1605,0.738,0,0
E99,101.96,1,0.293,1027,0.114,1,0
E99,5383.03,2,0.728,1033,0.085,1,1
E03,2668.81,1,0.225,1688,0.723,1,0
E99,4186.41,0,0.451,1150,0.644,1,1
E02,4261.02,2,0.535,1982,0.919,0,0
E01,3978.37,0,0.915,287,0.685,1,1
E01,8930.31,1,0.975,229,0.246,0,0
E01,5410.99,1,0.979,18,0.09,1,1
E01,9047.09,1,0.839,2576,0.55,0,1
E02,7294.75,0,0.432,3325,0.517,1,0
E03,3576.09,2,0.236,377,0.931,1,0
E03,4986.28,1,0.54,3293,0.716,1,1
E02,3959.6,1,0.438,591,0.896,0,1
E01,8302.89,1,0.724,174,0.761,0,0
E03,1957.22,2,0.497,1045,0.671,1,0
E02,9370.48,1,0.913,1053,0.579,0,0
E01,5846.2,1,0.499,3458,0.595,1,0
E01,6156.4,2,0.502,405,0.527,1,0
E01,5216.33,1,0.807,3503,0.839,1,1
E01,5589.52,0,0.672,3102,0.271,1,0
E03,6709.99,0,0.404,1762,0.91,1,1
E03,6584.85,0,0.741,2423,0.576,1,0
E03,2220.06,0,0.65,1920,0.461,0,1
E01,5866.16,0,0.283,3276,0.248,0,1
E03,3610.8,1,0.574,763,0.309,0,0
E03,6406.6,1,0.935,3440,0.599,1,0
E01,5523.56,0,0.369,1505,0.193,0,1
E03,1878.83,1,0.532,3355,0.053,0,0
E02,7373.87,1,0.421,3543,0.294,1,1
E02,4624.43,0,0.63,3053,0.336,0,0
E01,5559.27,0,0.98,2847,0.935,1,1
E02,6759.16,2,0.448,1565,0.597,0,0
E01,6563.43,0,0.866,2510,0.431,0,0
E01,7514.4,0,0.871,881,0.974,0,1
E01,2146.84,1,0.408,1003,0.395,0,0
E99,1192.87,0,0.818,2669,0.951,0,1
E01,6724.88,1,0.99,2747,0.935,0,1
E02,2436.25,2,0.963,942,0.699,0,1
E01,1234.59,1,0.685,3479,0.544,0,1
E99,1399.25,0,0.321,2455,0.822,1,0
E02,3196.72,2,0.295,3556,0.354,1,0
E99,9918.69,0,0.413,1724,0.396,1,0
E01,1656.88,0,0.681,2159,0.244,1,0
E01,3055.51,0,0.509,2348,0.29,0,0
E02,9215.27,0,0.759,579,0.178,1,1
E01,9636.75,2,0.83,1007,0.85,1,1
E03,2365.55,2,0.344,3470,0.051,0,0
E99,8816.48,1,0.924,2425,0.449,1,1
E02,1475.29,2,0.248,1949,0.392,1,0
E99,7639.21,2,0.412,10,0.414,0,0
E02,228.78,1,0.852,138,0.843,0,1
E01,4125.53,2,0.347,2004,0.822,1,1
E02,2548.62,1,0.376,294,0.674,1,0
E01,7069.68,2,0.981,513,0.698,0,1
E03,258.96,2,0.93,2078,0.805,1,1
E01,4702.53,2,0.85,3459,0.412,1,0
E01,6997.62,1,0.339,3007,0.474,1,1
E02,562.38,1,0.404,1676,0.28,0,1
E01,8984.26,0,0.388,3389,0.274,0,1
E01,3675.85,1,0.351,2181,0.929,1,1
E03,1736.13,0,0.976,3400,0.765,0,0
E01,2332.1,1,0.333,856,0.476,0,1
E02,3455.17,0,0.797,2083,0.087,1,0
E01,2063.91,1,0.241,3320,0.748,1,1
E01,5154.73,2,0.635,3533,0.942,1,0
E01,6366.02,0,0.257,3096,0.921,0,0
E03,4390.96,1,0.249,539,0.721,1,0
E99,4327.62,0,0.384,2228,0.659,0,0
E01,7838.83,0,0.94,341,0.164,0,1
E99,3080.07,0,0.711,1378,0.131,1,0
E02,6265.41,0,0.721,109,0.299,0,1
E03,8939.92,1,0.438,2733,0.58,1,0
E03,2292.99,0,0.779,2787,0.908,0,0
E03,6237.02,2,0.745,333,0.869,0,1
E03,9484.92,2,0.569,3299,0.338,1,0
E02,5344.97,0,0.746,3021,0.394,0,1
E02,9771.29,2,0.894,3023,0.342,0,1
E01,3169.46,1,0.968,1610,0.548,0,0
E01,5686.51,1,0.997,3382,0.81,0,0
E03,3179.25,2,0.591,3539,0.786,0,0
E01,136.82,2,0.226,1973,0.883,0,1
E01,9973.35,0,0.383,1363,0.54,1,1
E01,2476.59,0,0.357,2747,0.669,0,0
E01,9733.71,1,0.44,159,0.947,1,1
E03,6565.02,1,0.488,1212,0.685,0,1
E03,9048.94,2,0.735,16,0.207,0,0
E02,9675.31,1,0.621,2759,0.357,1,1
E01,5721.51,1,0.72,155,0.121,1,1
E02,9996.94,0,0.977,2711,0.154,1,1
E02,7696.57,1,0.239,2036,0.512,1,1
E03,5285.76,1,0.212,1568,0.744,0,0
E02,6583.94,1,0.732,2271,0.228,0,1
E02,2023.29,2,0.637,158,0.351,1,1
E02,209.22,1,0.586,2920,0.366,0,0
E99,2642.21,0,0.883,959,0.84,1,1
E03,4406.21,2,0.327,3033,0.223,0,0
E02,2357.72,1,0.659,3186,0.082,1,0
E02,5188.96,1,0.946,1983,0.636,0,1
E01,6613.65,2,0.557,2114,0.545,1,0
E99,6592.36,1,0.664,3324,0.053,0,0
E01,8948.27,2,0.256,1458,0.769,1,1
E01,9666.56,2,0.479,1432,0.448,0,0
E99,8917.88,1,0.233,3410,0.565,0,0
E03,6239.73,2,0.658,1454,0.681,0,0
E01,2137.07,0,0.672,1319,0.098,0,0
E01,9440.17,2,0.961,22,0.212,1,1
E01,1831.12,2,0.711,1181,0.485,0,0
E02,1599.13,0,0.202,899,0.212,1,1
E01,3243.94,0,0.867,2774,0.16,0,1
E99,5778.7,0,0.464,1801,0.355,0,0
E99,6846.58,0,0.771,1279,0.451,1,1
E02,231.6,2,0.411,3361,0.849,0,0
E03,7802.42,0,0.808,1606,0.609,1,0
E01,1832.69,0,0.942,1497,0.924,1,1
E01,3035.2,1,0.263,2601,0.48,1,0
E03,3288.66,1,0.635,940,0.494,1,1
E01,3391.22,1,0.632,1549,0.343,1,0
E01,7627.64,1,0.429,2541,0.127,0,0
E01,505.35,2,0.473,1160,0.212,1,0
E01,2045.53,1,0.741,1546,0.114,0,0
E02,320.96,1,0.434,56,0.711,1,0
E03,7805.16,0,0.225,2859,0.378,1,1
E03,9838.85,2,0.815,3098,0.08,0,0
E03,6629.52,0,0.7,2406,0.757,1,0
E03,5942.38,1,0.4,1896,0.29,1,0
E02,9089.86,2,0.969,3216,0.89,0,1
E03,2624.04,1,0.919,3064,0.824,1,1
E02,757.98,1,0.972,1688,0.336,0,1
E01,5148.7,0,0.61,2224,0.272,0,1
E99,2677.45,2,0.388,3379,0.983,0,0
E01,4565.71,0,0.339,723,0.82,0,0
E01,4617.37,2,0.959,2801,0.921,1,1
E01,3256.44,1,0.913,1308,0.066,1,1
E02,4914.61,1,0.793,335,0.612,0,1
E02,3863.5,2,0.608,1502,0.301,0,0
E02,1219.29,2,0.508,1865,0.402,1,0
E99,8680.58,0,0.763,2663,0.136,1,0
E01,7042.61,1,0.208,546,0.753,1,0
E02,508.96,1,0.619,1973,0.544,1,0
E01,1246.29,0,0.743,2381,0.795,0,0
E03,1055.49,1,0.803,2291,0.159,0,1
E01,711.26,0,0.561,2997,0.987,1,1
E01,684.66,1,0.796,2711,0.378,0,1
E02,1655.41,0,0.277,1675,0.944,0,1
E03,8493.91,0,0.387,986,0.686,1,0
E03,8299.51,2,0.316,3170,0.152,1,0
E02,7853.15,0,0.472,3175,0.785,0,1
E03,6185.59,0,0.475,467,0.577,1,0
E02,7262.59,0,0.499,1632,0.227,1,0
E01,7410.96,0,0.573,2707,0.226,1,1
E01,8904.2,2,0.549,2380,0.946,1,0
E01,7350.2,2,0.592,3149,0.989,1,1
E01,7390.95,2,0.802,786,0.592,1,1
E02,8060.4,2,0.314,3388,0.226,1,0
E02,5607.91,0,0.481,840,0.37,0,0
E02,2208.99,1,0.2,345,0.249,0,0
E02,936.97,0,0.223,2646,0.621,1,0
E03,4248.53,0,0.685,3340,0.426,1,1
E03,1007.69,1,0.901,1262,0.405,1,0
E01,1776.11,2,0.445,576,0.803,1,1
E01,336.02,0,0.522,3153,0.956,1,1
E02,3072.04,0,0.368,343,0.235,1,1
E02,9702.98,2,0.314,2393,0.44,0,0
E01,3851.42,0,0.907,456,0.554,1,1
E01,2484.84,1,0.658,2395,0.281,0,0
E03,4094.15,0,0.764,410,0.428,0,1
E03,3083.25,2,0.906,1369,0.102,1,0
E01,6771.38,1,0.671,1674,0.089,1,1
E02,6381.22,0,0.344,3249,0.789,0,0
E99,370.69,0,0.771,2560,0.369,0,0
E01,5162.1,2,0.798,3400,0.715,1,1
E99,458.38,2,0.531,1944,0.128,0,0
E01,6805.9,2,0.693,929,0.68,1,1
E02,9364.5,0,0.588,1529,0.664,0,0
E02,9084.13,2,0.466,1852,0.822,1,1
E01,2136.55,1,0.738,2030,0.242,0,1
E99,7452.19,2,0.398,3265,0.568,0,0
E02,7951.35,1,0.462,3229,0.897,1,0
E99,8657.24,1,0.525,365,0.257,1,0
E01,2670.03,1,0.692,2858,0.167,0,0
E99,4563.26,0,0.882,1071,0.374,1,0
E99,2292.89,2,0.692,2115,0.957,1,0
E02,340.66,1,0.781,3435,0.198,1,1
E01,6624.23,0,0.434,3176,0.162,1,0
E03,4371.49,2,0.67,1746,0.988,0,0
E02,2556.36,0,0.283,165,0.42,1,0
E99,8486.33,2,0.571,3425,0.19,0,0
E02,5007.24,0,0.752,3266,0.575,0,1
E01,9947.11,1,0.344,1369,0.063,1,0
E01,7954.24,1,0.922,495,0.45,0,0
E03,8705.19,2,0.534,1899,0.084,1,0
E99,7755.99,0,0.737,2886,0.581,0,0
E01,1148.66,0,0.576,1635,0.637,1,1
E03,743.79,0,0.786,76,0.053,0,0
E99,9159.28,0,0.667,1646,0.532,0,0
E01,1468.15,1,0.298,1853,0.938,0,1
E01,3973.14,1,0.94,3303,0.424,0,0
E03,6138.12,2,0.728,2907,0.947,1,0
E03,2197.79,1,0.578,2501,0.956,0,0
E01,2330.32,1,0.741,1457,0.276,1,1
E03,4715.79,0,0.409,3404,0.593,1,0
E02,3672.86,0,0.815,834,0.83,0,1
E99,6798.1,2,0.529,1186,0.717,1,0
E99,843.25,1,0.844,3046,0.765,0,0
E03,4938.71,1,0.419,3578,0.295,0,0
E02,1825.17,1,0.832,2933,0.913,0,1
E01,6106.58,1,0.925,2547,0.272,0,0
E02,1250.51,2,0.985,3375,0.656,0,0
E01,2056.56,0,0.821,473,0.882,0,1
E03,8058.5,1,0.763,2409,0.388,0,1
E01,2428.15,0,0.616,1487,0.569,0,1
E02,7396.95,0,0.285,2153,0.699,0,0
E01,2803.32,2,0.648,895,0.923,0,1
E01,2426.77,2,0.651,1760,0.471,1,1
E01,3061.63,2,0.252,848,0.617,1,1
E03,8821.23,0,0.753,2316,0.183,1,0
E03,4031.94,0,0.319,3346,0.111,0,0
E01,2513.23,1,0.677,212,0.07,1,1
E99,5412.73,2,0.578,3455,0.498,0,0
E99,3917.85,2,0.9,2373,0.563,0,0
E01,7922.96,2,0.386,51,0.131,1,0
E03,9905.41,2,0.337,2085,0.22,0,0
E02,5313.09,2,0.641,497,0.3,1,1
E01,4572.31,0,0.568,2889,0.888,1,1
E02,3496.05,1,0.329,1000,0.143,1,1
E01,9736.05,1,0.691,207,0.51,1,1
E99,4884.5,1,0.925,3051,0.792,0,0
E99,1862.17,2,0.792,1932,0.868,1,0
E03,9695.24,2,0.368,2200,0.702,0,0
E02,9612.73,1,0.391,2993,0.3,1,1
E02,4413.68,1,0.646,2035,0.164,0,0
E99,3547.04,2,0.742,2867,0.198,0,0
E01,6836.33,0,0.983,2154,0.774,0,1
E01,8306.35,0,0.284,101,0.329,0,0
E02,5035.47,1,0.637,3422,0.368,1,1
E01,3375.05,0,0.99,3454,0.215,0,1
E01,3083.8,1,0.289,993,0.459,1,1
E01,3333.33,1,0.978,2342,0.364,1,1
E02,1268.53,1,0.57,444,0.386,0,0
E01,7808.34,1,0.774,1026,0.082,0,0
E01,1139.1,2,0.54,2188,0.485,1,0
E01,4043.31,0,0.873,1252,0.155,1,1
E02,8365.94,1,0.927,3487,0.554,1,0
E99,4100.65,2,0.333,283,0.679,0,1
E01,3018.14,0,0.798,2556,0.563,1,1
E03,9487.71,1,0.217,2206,0.188,0,0
E03,1352.78,2,0.421,3211,0.63,0,0
E01,8860.05,1,0.642,2912,0.438,1,0
E03,714.56,0,0.683,3226,0.388,1,0
E03,4193.94,0,0.492,2858,0.19,0,0
E02,6354.04,0,0.416,790,0.985,0,1
E01,3763.38,0,0.337,1529,0.419,0,1
E01,5392.6,2,0.392,2468,0.479,0,0
E99,2119.62,0,0.304,3596,0.139,1,0
E03,5733.44,2,0.409,3104,0.685,0,0
E99,1432.13,2,0.857,2339,0.316,0,0
E99,7981.35,2,0.43,365,0.746,1,0
E01,5879.52,2,0.926,1515,0.113,0,1
E03,4871.13,1,0.396,2345,0.329,1,0
E02,641.2,2,0.594,2778,0.751,1,0
E03,5047.77,1,0.334,979,0.422,0,0
E01,5679.34,0,0.214,1682,0.082,0,0
E01,2730.11,2,0.7,2958,0.792,0,1
E03,6808.14,2,0.47,3001,0.958,0,1
E03,859.97,2,0.476,804,0.404,1,0
E03,2166.02,1,0.526,914,0.634,0,0
E01,7401.73,0,0.822,1344,0.4,1,1
E01,1557.5,1,0.52,2318,0.572,0,0
E99,2530.93,2,0.269,2436,0.744,1,0
E02,6543.47,2,0.423,2733,0.645,1,0
E02,7315.53,1,0.661,2001,0.346,1,1
E02,609.74,2,0.995,3304,0.233,1,1
E02,1353.24,0,0.315,432,0.562,1,1
E02,4516.57,1,0.459,1889,0.67,1,0
E02,5968.67,0,0.588,811,0.59,0,1
E03,4592.43,2,0.956,1940,0.17,0,0
E99,6505.99,0,0.287,3189,0.384,0,0
E99,7584.33,1,0.835,3187,0.75,0,1
E02,9500.48,2,0.778,3559,0.188,1,0
E02,3563.82,0,0.445,1763,0.88,0,1
E03,1714.74,1,0.819,2498,0.489,0,0
E03,2714.43,0,0.66,1717,0.794,1,1
E02,1566.83,2,0.337,36,0.37,0,0
E03,4003.03,2,0.429,1020,0.388,0,0
E03,8738.42,0,0.463,2676,0.959,1,0
E03,3535.89,1,0.458,195,0.583,0,0
E03,1573.34,2,0.797,2314,0.146,0,0
E01,5274.07,0,0.728,1651,0.95,1,1
E02,9920.24,1,0.856,1483,0.402,1,1
E02,1962.99,0,0.609,2648,0.718,1,1
E01,7800.96,2,0.48,821,0.171,0,0
E99,8251.25,1,0.254,933,0.854,0,0
E03,4073.25,1,0.836,597,0.952,1,0
E01,6233.56,2,0.26,391,0.41,1,1
E03,4380.5,2,0.441,301,0.186,0,0
E03,2697.04,0,0.735,375,0.574,1,0
E03,4318.58,1,0.811,2301,0.202,1,0
E02,1043.37,0,0.255,1080,0.466,0,0
E99,7098.87,1,0.686,1214,0.635,0,0
E02,8309.01,2,0.31,2711,0.181,1,0
E02,3143.26,2,0.806,1865,0.941,0,1
E01,5708.12,2,0.784,279,0.713,0,0
E03,2398.27,1,0.798,1891,0.39,0,0
E03,1361.86,2,0.251,2380,0.441,1,0
E02,6669.82,2,0.648,2186,0.847,0,0
E02,1427.67,1,0.393,3125,0.497,1,1
E03,7841.59,0,0.597,2140,0.978,1,0
E03,2790.37,0,0.992,2925,0.108,1,0
E01,8203.28,1,0.272,1869,0.305,0,0
E99,3748.2,2,0.675,2292,0.537,1,0
E03,3751.54,2,0.332,559,0.178,1,0
E99,7530.67,0,0.608,3572,0.385,1,0
E99,5151.63,2,0.617,98,0.539,0,0
E99,2089.68,2,0.565,3485,0.295,0,0
E03,8519.04,1,0.712,2074,0.205,1,0
E03,3467.52,1,0.979,1215,0.302,1,0
E01,1117.49,1,0.844,1524,0.128,1,1
E02,4218.41,2,0.967,276,0.234,1,0
E03,5782.22,2,0.352,1477,0.107,0,0
E02,6137.86,0,0.995,256,0.945,0,1
E99,8372.52,1,0.444,1548,0.201,0,0
E01,5459.93,0,0.227,491,0.051,1,0
E02,2314.73,2,0.549,409,0.95,0,1
E02,2690.5,1,0.397,2565,0.763,1,1
E02,1098.32,0,0.81,646,0.301,0,0
E01,7385.65,0,0.27,1207,0.876,0,1
E01,1148.82,0,0.638,2384,0.869,0,1
E03,6097.55,1,0.432,1817,0.747,1,0
E02,6009.78,2,0.365,1850,0.607,1,1
E01,7876.49,0,0.901,1591,0.6,0,1
E01,838.83,1,0.612,2195,0.961,0,0
E02,2108.82,1,0.46,2350,0.487,1,1
E01,9104.67,1,0.797,466,0.81,1,1
E03,5765.14,2,0.883,3467,0.156,1,0
E03,4631.13,0,0.554,2931,0.709,1,1
E01,7502.0,1,0.346,1527,0.98,0,1
E02,9035.05,2,0.995,1342,0.059,0,0
E01,2703.8,2,0.487,2613,0.292,1,1
E01,9024.61,1,0.364,2207,0.788,1,1
E99,1176.08,1,0.283,2890,0.74,1,0
E02,9779.06,2,0.299,1676,0.74,1,0
E99,1732.03,1,0.954,1588,0.974,1,0
E01,2735.74,1,0.957,1686,0.14,0,1
E01,1056.28,1,0.606,1064,0.685,0,1
E02,8056.4,1,0.754,2803,0.653,1,1
E02,9843.9,2,0.866,2866,0.243,0,0
E99,3040.07,0,0.646,398,0.25,1,0
E01,3323.56,0,0.734,337,0.661,1,1
E99,2861.9,1,0.974,270,0.665,1,0
E99,1632.8,2,0.338,1186,0.614,0,0
E02,7895.7,0,0.311,364,0.484,1,0
E01,701.13,2,0.802,2051,0.696,0,1
E02,9680.96,0,0.763,3583,0.353,0,1
E01,9280.42,1,0.349,2537,0.272,1,0
E03,1272.55,1,0.442,3337,0.61,0,0
E02,5342.29,0,0.748,535,0.63,1,1
E99,9929.23,2,0.595,2522,0.814,1,1
E03,8540.93,0,0.915,2623,0.441,0,1
E02,7179.82,1,0.87,1611,0.768,0,0
E03,322.36,1,0.59,2684,0.913,0,0
E02,776.94,1,0.733,307,0.45,1,1
E99,7960.77,0,0.715,2216,0.56,1,1
E01,3826.8,1,0.274,2955,0.906,0,1
E99,6717.48,1,0.54,1416,0.332,1,0
E03,7417.9,1,0.552,682,0.729,0,0
E99,4279.62,2,0.918,37,0.593,0,0
E02,1519.48,2,0.908,982,0.439,1,0
E03,3928.28,0,0.246,2956,0.862,0,0
E01,8723.38,2,0.876,3027,0.197,1,0
E03,3377.75,2,0.689,2221,0.083,0,0
E01,720.23,2,0.213,927,0.245,1,1
E01,9595.4,2,0.505,936,0.874,1,1
E02,6838.7,0,0.91,3040,0.373,1,0
E01,5454.48,1,0.487,2101,0.693,1,0
E02,8308.16,1,0.741,2829,0.267,0,1
E03,4170.49,2,0.653,1333,0.511,0,0
E01,9852.65,2,0.672,3014,0.541,1,1
E03,8589.97,0,0.585,1695,0.281,0,0
E01,2877.39,2,0.586,2427,0.414,0,0
E03,3773.38,2,0.922,3064,0.296,1,0
E03,2829.86,1,0.531,1268,0.145,1,0
E02,6627.47,1,0.353,2836,0.456,1,0
E03,6429.39,1,0.536,2351,0.58,1,0
E99,5272.81,2,0.786,1790,0.135,1,0
E03,9661.82,2,0.58,2984,0.386,1,0
E02,4775.53,1,0.786,1584,0.485,0,1
E02,7858.85,2,0.392,2698,0.927,0,0
E03,6615.14,0,0.666,275,0.624,0,1
E01,5230.03,1,0.891,3103,0.936,1,1
E03,516.74,1,0.623,3472,0.543,1,0
E01,6609.2,0,0.709,3540,0.805,0,1
E03,6461.69,1,0.743,3039,0.14,1,0
E01,1336.25,2,0.792,2484,0.581,1,0
E01,7979.56,2,0.48,2668,0.382,0,1
E99,4723.24,2,0.701,3341,0.735,1,0
E99,3309.05,0,0.533,2628,0.875,0,0
E99,8257.2,0,0.513,979,0.72,1,0
E99,3499.37,1,0.58,575,0.133,1,0
E02,6256.32,0,0.526,3504,0.634,1,1
E01,6217.36,0,0.221,501,0.749,1,1
E01,622.78,1,0.794,3277,0.078,1,1
E02,4286.05,2,0.667,3369,0.21,0,0
E01,2305.51,2,0.31,149,0.689,0,1
E99,2075.75,0,0.409,2906,0.346,1,0
E01,6584.12,2,0.689,2126,0.108,1,1
E01,212.96,1,0.614,1403,0.886,0,0
E01,9693.88,0,0.779,1811,0.945,1,1
E01,4014.37,1,0.591,1543,0.401,1,0
E01,3058.15,0,0.876,2936,0.983,1,1
E03,9207.75,2,0.262,1482,0.855,0,0
E01,4918.05,2,0.691,455,0.573,1,0
E03,6181.82,2,0.497,1429,0.752,0,1
E99,6988.92,0,0.445,1899,0.93,0,0
E03,8726.97,1,0.955,1621,0.734,1,0
E03,1384.45,1,0.891,1805,0.367,0,1
E02,908.37,2,0.347,3553,0.231,0,0
E01,9937.74,1,0.246,1424,0.456,1,1
E01,187.95,1,0.894,2944,0.225,1,1
E99,7111.13,1,0.335,3571,0.07,0,0
E03,6149.55,0,0.943,2990,0.479,1,1
E01,5570.26,2,0.422,1942,0.36,1,1
E02,7879.7,2,0.529,3562,0.14,1,0
E03,9925.48,0,0.236,1488,0.869,1,0
E03,564.17,1,0.63,1006,0.166,0,0
E02,6183.85,2,0.351,3083,0.643,1,0
E99,7196.1,0,0.545,3307,0.585,0,0
E03,3128.8,1,0.936,501,0.97,1,1
E03,8939.33,1,0.402,1150,0.289,1,0
E01,4624.23,1,0.708,1035,0.271,1,1
E01,1728.34,1,0.362,2951,0.64,1,0
E99,8558.64,2,0.688,1004,0.575,0,0
E02,9434.96,0,0.431,2388,0.813,1,1
E02,1085.2,0,0.745,3361,0.213,0,1
E02,7541.64,1,0.816,3275,0.333,0,1
E01,2228.64,2,0.905,3169,0.055,1,0
E03,166.55,1,0.935,1905,0.728,0,0
E01,2680.08,0,0.393,2184,0.356,1,0
E03,8563.61,0,0.303,2611,0.272,0,0
E02,1497.72,2,0.239,1151,0.619,1,1
E01,1393.62,0,0.776,1804,0.287,0,1
E01,7416.57,0,0.35,1685,0.103,0,1
E03,4122.96,1,0.84,2882,0.272,0,0
E01,1570.01,1,0.972,2056,0.849,0,1
E01,2377.0,0,0.318,1603,0.61,0,1
E03,7966.56,0,0.427,1944,0.493,0,0
E02,6270.36,0,0.619,620,0.512,0,1
E02,7633.19,1,0.544,922,0.987,0,1
E01,1067.96,2,0.541,2882,0.08,0,1
E99,4635.23,0,0.374,470,0.202,1,0
E01,7991.35,1,0.911,2457,0.864,1,1
E01,2731.35,0,0.745,3267,0.553,1,1
E01,1774.97,2,0.323,2461,0.985,1,1
E01,3879.66,0,0.204,2307,0.693,0,0
E01,3400.46,0,0.81,2582,0.73,0,0
E01,1936.18,0,0.213,523,0.595,0,0
E01,9544.05,1,0.904,494,0.066,0,0
E02,4882.67,2,0.624,3563,0.904,0,0
E99,6119.96,0,0.944,1536,0.542,0,1
E01,1298.96,1,0.817,1481,0.059,0,0
E01,6139.35,0,0.915,571,0.247,0,0
E99,5597.69,0,0.795,2638,0.379,1,0
E99,9326.1,0,0.661,123,0.319,1,1
E03,4181.94,2,0.338,636,0.076,1,0
E01,7842.41,1,0.782,809,0.313,0,1
E02,3111.39,1,0.674,3358,0.893,1,1
E01,5831.51,0,0.564,3420,0.604,1,1
E01,9277.01,0,0.647,286,0.357,0,0
E02,6288.21,2,0.386,502,0.133,1,0
E02,7140.47,1,0.524,3441,0.756,0,0
E02,8772.25,0,0.299,2284,0.725,0,0
E03,9261.7,1,0.528,2617,0.052,1,0
E01,2161.92,1,0.574,2043,0.984,0,1
E01,2038.8,1,0.886,818,0.3,1,0
E03,5549.71,1,0.622,2629,0.297,1,1
E99,9955.61,2,0.927,652,0.333,0,0
E01,4952.51,0,0.974,105,0.954,1,1
E02,3375.96,1,0.239,3013,0.841,0,0
E01,5418.89,2,0.678,1368,0.649,0,0
E01,737.52,2,0.439,144,0.515,1,0
E03,1854.35,2,0.881,1564,0.357,1,0
E01,1574.31,2,0.595,412,0.365,1,0
E02,376.36,0,0.262,1696,0.356,0,0
E02,7249.9,2,0.372,2422,0.861,0,1
E01,3322.2,0,0.739,1217,0.69,1,1
E01,1768.51,1,0.264,279,0.432,1,1
E01,5171.21,1,0.503,3205,0.984,0,0
E99,3302.1,2,0.897,1948,0.217,1,1
E03,3990.88,2,0.223,84,0.122,0,0
E02,3223.76,2,0.757,2067,0.396,0,0
E01,139.44,0,0.74,3325,0.973,1,1
E03,6914.46,2,0.457,65,0.073,1,0
E01,1195.84,2,0.29,2832,0.126,1,0
E02,2269.51,0,0.282,1358,0.371,0,1
E03,1984.14,1,0.975,2547,0.978,1,1
E02,3380.54,0,0.742,103,0.373,0,0
E01,1685.96,1,0.501,3265,0.687,0,1
E01,3534.83,0,0.867,3480,0.862,1,1
E01,2508.32,1,0.283,1980,0.68,0,0
E02,706.03,0,0.302,775,0.134,0,0
E99,8718.57,2,0.358,545,0.19,1,0
E01,3125.25,2,0.811,2483,0.293,1,0
E02,1043.29,2,0.527,2856,0.798,0,1
E03,5263.11,2,0.714,2425,0.804,1,0
E01,1320.43,1,0.386,1776,0.21,1,1
E01,7753.62,0,0.822,2780,0.406,0,1
E01,709.62,1,0.841,2654,0.181,0,1
E03,4699.9,1,0.531,1207,0.495,0,1
E02,9443.88,0,0.367,2796,0.392,0,1
E03,1673.79,0,0.704,664,0.983,0,0
E99,2093.55,0,0.405,2953,0.415,1,0
E03,6044.6,2,0.319,1910,0.097,0,0
E99,9800.56,0,0.693,2690,0.539,1,0
E03,3919.77,2,0.61,2499,0.903,1,0
E99,6521.59,2,0.827,346,0.397,0,0
E03,1607.94,0,0.434,2719,0.819,0,0
E03,6449.83,0,0.38,2822,0.442,0,0
E03,2601.35,1,0.712,177,0.584,0,0
E99,6171.55,0,0.761,814,0.522,0,0
E02,977.75,2,0.531,2709,0.872,1,0
E03,5297.19,2,0.554,1299,0.584,0,0
E02,2450.31,1,0.299,405,0.406,1,0
E99,6848.92,0,0.576,3076,0.771,1,0
E02,7501.93,2,0.969,1889,0.097,1,0
E03,8496.61,1,0.291,1419,0.306,1,0
E03,9924.71,1,0.654,1999,0.319,0,0
E99,4647.61,2,0.215,1439,0.585,1,0
E01,6738.88,0,0.46,458,0.834,1,0
E03,282.39,1,0.809,2022,0.571,0,0
E03,9060.36,2,0.654,3470,0.481,0,0
E99,6195.86,2,0.265,3426,0.111,1,0
E99,4271.32,0,0.561,2297,0.962,1,1
E02,4399.7,0,0.263,586,0.328,1,1
E02,7604.16,2,0.499,806,0.172,1,1
E01,8351.35,1,0.815,1136,0.833,1,1
E99,8098.25,2,0.407,184,0.887,1,0
E01,5154.79,2,0.563,504,0.331,0,0
E03,3774.35,0,0.6,2790,0.566,1,0
E03,9460.84,0,0.883,1545,0.786,0,0
E02,6378.58,1,0.297,3028,0.07,1,0
E01,5482.17,0,0.64,222,0.978,0,1
E01,6023.36,2,0.225,327,0.355,1,0
E99,6335.68,0,0.275,2483,0.501,1,0
E02,7159.42,2,0.377,927,0.098,0,0
E01,5576.53,2,0.776,814,0.094,1,0
E03,8766.02,1,0.233,2312,0.155,1,0
E01,8611.17,0,0.956,3287,0.352,0,0
E99,4478.35,2,0.542,1508,0.916,1,0
E01,1768.51,1,0.871,2745,0.535,1,1
E01,5808.89,0,0.378,1233,0.356,1,1
E01,6245.32,1,0.47,3020,0.474,0,0
E02,5281.46,2,0.782,1528,0.299,0,0
E02,8916.72,2,0.503,546,0.637,1,0
E03,1020.9,2,0.606,1819,0.527,1,0
E02,2945.44,1,0.847,1053,0.406,0,1
E01,8671.32,0,0.721,665,0.695,1,1
E01,9400.19,2,0.869,662,0.418,1,1
E01,4316.66,2,0.269,1397,0.808,0,0
E99,2007.18,1,0.686,36,0.613,0,0
E01,4261.26,2,0.681,252,0.24,0,1
E99,4616.05,1,0.686,2122,0.203,0,0
E01,5243.74,2,0.671,22,0.291,0,1
E01,2816.1,2,0.779,2780,0.913,0,1
E01,3195.01,1,0.875,3510,0.824,1,1
E01,6590.32,0,0.384,662,0.964,1,1
E03,6255.76,2,0.284,198,0.75,0,0
E02,6654.81,2,0.259,758,0.91,1,1
E01,3835.12,2,0.327,157,0.384,0,1
E03,3430.92,2,0.725,969,0.633,1,0
E03,3580.23,1,0.533,3203,0.418,1,0
E99,9516.65,2,0.48,2951,0.863,1,0
E99,4012.93,0,0.928,3513,0.987,0,0
E03,6100.71,1,0.92,2922,0.751,0,0
E03,5276.15,2,0.631,3040,0.785,0,0
E03,8774.6,2,0.567,2132,0.878,0,0
E02,3754.26,1,0.416,503,0.14,0,0
E03,4398.03,1,0.568,2767,0.503,1,0
E01,8443.66,1,0.529,2302,0.739,1,1
E03,1693.48,2,0.206,3463,0.619,0,0
E99,5983.52,2,0.807,2509,0.558,1,0
E01,4059.09,0,0.551,1964,0.413,1,1
E03,9859.34,0,0.378,2778,0.257,1,0
E99,7241.7,2,0.733,2362,0.917,0,1
E01,204.51,2,0.558,407,0.74,1,1
E02,8410.79,0,0.451,2201,0.627,1,0
E99,7061.48,1,0.385,1407,0.13,0,0
E99,5653.51,1,0.247,586,0.155,0,0
E01,2437.67,0,0.602,994,0.456,0,0
E01,1578.23,1,0.5,3005,0.168,1,1
E03,6321.16,2,0.232,2356,0.19,1,0
E01,4455.41,0,0.85,210,0.126,0,1
E01,8630.04,2,0.847,1237,0.326,0,0
E01,2697.5,0,0.592,2468,0.06,1,1
E01,6411.45,0,0.871,1832,0.738,0,1
E02,2563.55,1,0.585,2794,0.613,0,0
E03,6399.54,2,0.335,2255,0.527,0,0
E03,578.61,2,0.614,134,0.978,0,0
E03,3977.9,2,0.45,3117,0.503,1,0
E02,1809.59,2,0.562,2053,0.867,1,0
E01,6098.75,2,0.977,3315,0.228,0,0
E01,3235.61,1,0.484,793,0.299,1,1
E01,7738.17,0,0.373,2496,0.359,1,0
E01,1234.48,2,0.303,106,0.981,0,0
E01,5606.51,0,0.907,563,0.903,1,1
E01,5977.41,1,0.212,3178,0.472,0,0
E01,318.83,2,0.926,3200,0.844,0,1
E03,456.26,0,0.249,3435,0.269,1,0
E03,3151.58,2,0.802,737,0.607,0,0
E99,6129.85,0,0.435,3211,0.202,1,0
E03,9630.04,0,0.4,192,0.591,0,0
E02,998.76,1,0.344,1442,0.259,1,0
E01,7061.31,1,0.308,1574,0.601,0,0
E02,6957.89,1,0.253,2853,0.453,1,0
E01,6727.8,0,0.324,2465,0.575,0,1
E02,5209.86,0,0.671,1293,0.202,1,0
E02,9671.58,1,0.656,538,0.526,1,1
E02,5067.57,0,0.425,1315,0.347,1,0
E01,8399.14,1,0.744,1078,0.185,1,0
E03,2698.95,2,0.816,2412,0.52,0,0
E03,8082.45,0,0.984,289,0.18,0,0
E03,9965.8,0,0.552,1481,0.452,1,0
E03,9109.85,1,0.5,2225,0.354,1,0
E02,3110.31,0,0.979,2327,0.56,1,1
E01,8476.96,1,0.954,2549,0.505,0,1
E03,1043.05,1,0.942,1031,0.177,0,0
E02,6809.3,1,0.687,1871,0.312,1,1
E01,3487.25,1,0.694,355,0.573,0,1
E01,6620.83,2,0.942,1600,0.834,1,1
E99,4181.27,0,0.584,3535,0.106,1,0
E03,189.43,0,0.371,3051,0.135,1,0
E02,2389.64,2,0.988,2241,0.799,0,1
E03,519.62,0,0.874,1509,0.369,1,1
E02,4329.97,1,0.245,3242,0.291,0,0
E02,8416.71,1,0.29,1590,0.266,0,0
E01,7406.17,1,0.906,2748,0.962,1,1
E02,7910.23,1,0.441,2078,0.53,1,1
E03,8091.28,0,0.757,77,0.201,1,1
E01,3782.2,0,0.294,2534,0.432,1,0
E03,5109.65,0,0.336,3216,0.295,1,0
E01,5133.67,2,0.798,2797,0.209,1,0
E03,1220.76,2,0.983,2213,0.97,1,0
E03,6021.61,0,0.602,147,0.468,1,0
E03,7229.78,0,0.234,84,0.7,1,1
E03,6148.58,0,0.387,3064,0.895,0,0
E99,7485.06,2,0.37,1710,0.243,1,0
E02,1277.02,2,0.948,1625,0.17,1,1
E03,7637.95,1,0.535,2307,0.295,1,1
E03,2160.59,2,0.958,3261,0.72,1,0
E01,8780.59,0,0.888,1572,0.409,0,0
E01,2524.82,1,0.561,1931,0.51,1,1
E02,4970.72,2,0.22,2011,0.069,0,0
E01,4923.94,0,0.978,1713,0.054,1,1
E02,2761.62,1,0.208,2363,0.433,1,0
E02,3680.92,1,0.885,704,0.191,1,1
E03,1937.41,0,0.531,1343,0.794,1,0
E01,5744.0,0,0.441,1691,0.944,1,1
E03,9138.98,2,0.527,1870,0.92,0,0
E02,3234.41,1,0.486,1775,0.488,0,0
E03,5129.82,0,0.751,1507,0.32,0,0
E01,8632.62,2,0.658,3220,0.505,1,1
E02,4579.74,1,0.406,2882,0.148,1,0
E01,8329.48,1,0.622,3193,0.937,0,0
E03,4519.27,1,0.524,2141,0.681,0,0
E01,4458.4,1,0.937,1751,0.319,1,0
E99,1656.68,2,0.914,1551,0.764,1,1
E01,1337.29,2,0.694,3123,0.28,0,0
E02,6153.82,1,0.972,2397,0.756,0,1
E01,8290.6,0,0.5,3075,0.428,0,0
E03,1440.52,0,0.27,3060,0.862,1,0
E02,9109.93,0,0.238,3414,0.98,1,0
E02,3652.91,0,0.867,1963,0.351,1,1
E01,4310.05,2,0.507,1302,0.568,1,0
E01,8955.09,1,0.888,3271,0.274,1,1
E01,8973.33,0,0.567,764,0.802,0,1
E99,5296.1,2,0.209,1163,0.512,1,0
E02,2839.97,0,0.623,3398,0.975,1,1
E01,1802.2,1,0.676,2570,0.884,0,1
E99,2788.64,0,0.561,2105,0.306,0,0
E01,7828.21,1,0.87,1909,0.162,1,1
E02,3313.45,1,0.715,1680,0.633,1,1
E03,6976.16,2,0.492,3226,0.349,0,0
E99,2032.49,1,0.775,1481,0.288,0,0
E03,4837.19,1,0.456,1726,0.562,0,0
E02,3585.85,1,0.871,306,0.556,0,1
E99,5085.76,1,0.424,413,0.555,1,0
E01,5742.46,1,0.733,735,0.327,0,1
E99,9910.26,2,0.532,1079,0.196,1,0
E03,9008.96,1,0.281,1050,0.223,0,0
E99,6989.08,2,0.704,2400,0.727,1,1
E01,1622.06,0,0.506,1985,0.49,1,0
E01,9198.38,2,0.707,16,0.491,0,0
E03,8936.6,2,0.632,1860,0.968,0,1
E02,8878.36,2,0.233,296,0.913,0,0
E02,4842.27,2,0.364,1954,0.111,1,0
E99,1790.0,1,0.76,181,0.8,1,1
E03,7568.59,1,0.574,276,0.283,1,0
E01,3946.3,0,0.573,2974,0.729,1,1
E02,3511.23,1,0.202,36,0.213,0,1
E01,3968.74,0,0.442,3500,0.187,1,0
E01,5634.8,2,0.736,1667,0.933,1,1
E01,3401.84,2,0.91,2974,0.575,0,0
E03,6930.21,0,0.659,697,0.379,1,0
E03,6512.47,2,0.633,1681,0.888,1,0
E02,5137.74,0,0.576,3210,0.322,0,0
E02,634.33,2,0.743,278,0.11,0,0
E03,9371.77,2,0.839,1551,0.421,1,1
E03,4175.79,2,0.377,443,0.715,0,0
E99,4549.59,0,0.771,1267,0.672,0,0
E02,4614.72,0,0.395,3494,0.495,0,0
E03,3713.78,0,0.225,1958,0.53,0,0
E02,6778.42,2,0.26,1202,0.548,1,0
E02,237.79,1,0.237,2263,0.402,0,0
E99,8747.73,0,0.424,1014,0.128,0,0
E02,1114.15,1,0.302,296,0.198,0,0
E02,9997.17,1,0.268,2035,0.731,1,0
E01,6318.02,1,0.318,2669,0.811,0,0
E02,755.84,1,0.231,644,0.422,1,1
E02,5668.13,0,0.475,496,0.36,0,0
E03,3379.95,1,0.858,2152,0.621,0,0
E02,9535.13,2,0.643,1392,0.07,1,0
E01,7579.16,2,0.252,3368,0.585,0,0
E99,5119.45,0,0.5,1285,0.491,1,0
E01,4354.8,1,0.544,1412,0.465,1,1
E99,9959.1,2,0.338,2049,0.051,0,0
E01,6707.1,1,0.498,3520,0.936,0,0
E02,5187.9,0,0.469,2482,0.213,0,1
E02,4039.65,1,0.595,2398,0.156,1,0
E03,3313.37,0,0.758,2883,0.413,0,0
E01,7083.65,1,0.583,2937,0.782,0,1
E99,5920.07,1,0.259,1898,0.769,0,0
E02,8497.03,0,0.244,1032,0.531,0,0
E02,5580.25,0,0.91,560,0.566,1,1
E02,5865.08,2,0.756,2042,0.478,0,1
E01,4825.83,1,0.726,2505,0.074,1,0
E02,7649.95,1,0.931,1319,0.311,0,0
E01,4208.42,0,0.633,1724,0.416,0,0
E01,8534.2,0,0.259,1603,0.571,1,1
E03,3337.74,1,0.772,2120,0.669,1,1
E02,6956.99,1,0.33,2947,0.978,1,1
E01,8940.41,0,0.733,1597,0.527,0,1
E01,7713.83,2,0.521,1869,0.682,1,0
E01,3491.82,1,0.223,1499,0.953,0,1
E01,7092.76,0,0.244,1087,0.312,1,0
E03,2149.15,0,0.514,2525,0.477,1,0
E01,675.83,2,0.676,2220,0.728,0,0
E99,7934.68,1,0.337,1887,0.581,1,0
E01,8099.29,1,0.285,1061,0.89,0,1
E01,327.02,0,0.501,3124,0.582,1,0
E99,9483.17,2,0.843,2897,0.917,0,0
E01,4514.41,2,0.827,2676,0.19,1,0
E02,9062.19,0,0.747,2936,0.805,1,1
E99,7902.93,2,0.54,1715,0.25,0,0
E99,9016.47,1,0.554,2261,0.096,1,0
E03,8350.42,0,0.381,771,0.155,1,1
E01,9742.55,2,0.31,2818,0.596,0,0
E02,6328.1,0,0.213,64,0.323,1,0
E99,2349.86,2,0.888,1831,0.185,0,0
E99,3956.67,0,0.597,740,0.641,0,0
E01,7543.6,0,0.202,2144,0.509,1,0
E02,1654.0,0,0.623,1013,0.408,1,1
E01,9305.44,0,0.407,3471,0.554,1,0
E01,2132.26,1,0.542,426,0.86,0,0
E03,8772.15,2,0.738,2960,0.731,1,1
E01,4888.87,1,0.848,2409,0.515,1,0
E01,8422.14,1,0.76,3585,0.823,0,1
E01,9587.13,2,0.917,1174,0.861,1,1
E02,4279.26,1,0.388,2538,0.404,1,0
E01,6996.38,2,0.729,109,0.191,0,1
E02,2344.5,1,0.912,2437,0.158,0,1
E01,8027.78,0,0.447,1573,0.651,0,0
E99,8217.26,0,0.84,2615,0.93,0,0
E01,3022.93,0,0.952,2823,0.086,1,1
E02,338.99,2,0.715,1752,0.517,0,1
E01,4368.93,0,0.331,1223,0.233,0,0
E01,1783.01,2,0.409,2567,0.55,1,0
E01,8203.66,0,0.744,3248,0.855,1,1
E01,2684.86,0,0.893,1294,0.79,0,1
E01,9442.56,1,0.219,3070,0.963,0,0
E02,9720.91,0,0.461,1598,0.505,0,0
E03,9097.48,0,0.387,3201,0.674,1,1
E01,6036.18,2,0.538,2336,0.895,0,0
E02,2747.54,0,0.815,2404,0.706,0,0
E02,8091.86,1,0.602,2477,0.956,0,1
E01,7045.79,0,0.615,2903,0.281,1,1
E02,9773.97,0,0.687,3100,0.177,0,0
E01,3834.79,2,0.613,1400,0.19,1,0
E01,681.8,1,0.751,2685,0.851,1,1
E02,9984.02,0,0.286,2495,0.1,1,0
E99,8398.81,2,0.218,2130,0.811,0,0
E99,2292.75,2,0.861,806,0.486,1,0
E99,7283.72,1,0.583,1676,0.7,1,1
E02,106.83,1,0.439,737,0.751,1,0
E01,5622.31,2,0.563,492,0.449,1,0
E01,3692.1,1,0.72,3397,0.187,1,0
E01,3875.2,1,0.297,2606,0.63,1,0
E01,2520.75,1,0.619,1976,0.949,0,1
E01,2820.97,2,0.289,1591,0.074,0,0
E02,4601.22,1,0.888,258,0.263,0,1
E01,2556.64,1,0.65,1264,0.872,0,1
E01,4717.76,1,0.849,711,0.116,1,1
E03,5815.74,0,0.777,1937,0.06,1,0
E02,7140.0,1,0.852,1661,0.875,0,0
E99,6803.74,0,0.473,3468,0.772,0,0
E01,2495.69,1,0.312,3045,0.289,1,0
E02,487.98,0,0.913,2163,0.958,1,1
E01,8343.55,0,0.908,3225,0.72,0,1
E02,8735.9,1,0.907,1186,0.162,0,1
E01,9791.01,0,0.991,409,0.483,0,1
E01,9601.14,0,0.677,2018,0.863,0,1
E03,6374.76,2,0.61,224,0.678,1,1
E01,8953.29,2,0.838,3394,0.601,1,1
E01,4535.28,1,0.288,438,0.442,1,0
E99,7894.62,2,0.826,3083,0.283,0,0
E01,9557.81,2,0.85,2417,0.627,0,0
E02,7983.16,2,0.662,889,0.195,0,0
E02,4216.08,2,0.51,1918,0.811,1,1
E01,3839.82,0,0.725,1958,0.247,1,1
E02,2986.27,1,0.932,2656,0.163,1,1
E01,3733.93,2,0.326,1537,0.118,0,0
E03,8223.71,2,0.449,2136,0.816,0,0
E01,7044.85,1,0.737,1496,0.49,0,0
E01,2573.8,1,0.867,346,0.425,1,1
E01,7144.2,0,0.722,2559,0.54,1,0
E99,3856.02,1,0.673,928,0.602,1,0
E03,5621.95,1,0.269,1004,0.878,0,0
E99,3766.66,1,0.547,1194,0.373,0,0
E03,5264.13,1,0.912,2040,0.226,1,0
E03,7325.06,0,0.489,2547,0.867,1,1
E02,7338.19,2,0.505,2933,0.502,1,1
E99,7556.51,0,0.486,2149,0.595,1,0
E02,3971.28,1,0.49,1432,0.199,0,1
E02,6935.9,1,0.524,3408,0.86,1,1
E03,2463.25,0,0.819,1710,0.932,1,1
E02,4826.54,0,0.564,524,0.471,0,0
E01,5872.76,1,0.686,2886,0.069,1,1
E02,6896.17,0,0.554,3379,0.075,0,0
E01,9128.76,2,0.899,1047,0.334,1,1
E03,3117.21,2,0.343,793,0.512,0,0
E02,8468.33,1,0.298,1267,0.457,1,1
E03,3180.13,1,0.526,1237,0.585,1,0
E02,5563.9,2,0.979,693,0.292,0,0
E03,8298.19,0,0.76,125,0.247,1,1
E01,7259.18,1,0.693,676,0.966,0,1
E99,8642.41,0,0.512,1068,0.314,1,1
E02,8167.32,0,0.436,679,0.94,0,1
E01,2835.84,2,0.965,719,0.587,0,1
E01,9930.07,0,0.542,3395,0.116,0,1
E01,9376.28,2,0.769,782,0.609,1,0
E02,4358.73,2,0.848,2957,0.976,1,0
E03,567.37,1,0.726,2060,0.839,1,1
E99,3104.62,2,0.386,1570,0.335,0,0
E03,8377.91,0,0.43,2811,0.14,1,0
E02,9513.62,0,0.218,61,0.483,1,0
E02,8333.55,1,0.976,2682,0.143,1,1
E03,4027.76,2,0.868,1498,0.33,0,1
E03,659.71,0,0.523,2985,0.913,1,0
E01,5224.07,0,0.914,3464,0.664,1,1
E99,3826.19,2,0.323,2633,0.786,0,0
E02,1317.43,1,0.234,412,0.558,1,1
E03,1147.95,1,0.308,3515,0.208,1,0
E99,1615.07,1,0.907,2735,0.191,1,1
E03,2137.65,2,0.328,67,0.77,1,0
E01,7562.49,2,0.255,685,0.454,0,0
E02,3878.86,1,0.348,3556,0.52,0,0
E01,4425.69,0,0.532,3012,0.218,1,0
E03,6023.98,2,0.597,1475,0.39,1,0
E01,9605.32,0,0.389,3443,0.174,1,1
E03,7589.04,1,0.845,1720,0.242,1,0
E99,6492.55,2,0.968,3122,0.886,0,0
E01,7463.94,1,0.433,2078,0.724,1,1
E02,7221.0,2,0.945,2377,0.851,0,0
E03,6933.47,1,0.854,31,0.872,1,1
E02,5014.43,2,0.909,3492,0.604,1,1
E01,5711.79,1,0.248,654,0.336,1,1
E01,4668.77,0,0.867,768,0.513,1,1
E02,4010.09,2,0.669,1606,0.068,0,0
E03,2780.6,1,0.231,2719,0.818,1,1
E02,3616.61,1,0.803,2770,0.804,0,0
E01,4342.44,1,0.393,2256,0.528,0,1
E02,5835.86,2,0.838,3132,0.405,0,0
E02,5048.76,2,0.701,2497,0.212,0,0
E01,1168.69,1,0.594,532,0.121,1,1
E03,3465.74,0,0.219,2821,0.355,0,0
E01,3824.32,0,0.912,947,0.931,0,0
E02,7098.57,0,0.318,1871,0.115,0,0
E99,3395.63,0,0.864,2186,0.942,1,1
E02,178.76,1,0.751,1412,0.547,0,1
E03,934.93,0,0.256,1300,0.464,1,1
E01,5020.28,1,0.634,965,0.166,0,0
E01,1966.11,2,0.969,1073,0.117,0,1
E01,4996.76,1,0.938,3549,0.562,0,1
E03,5784.63,0,0.317,1380,0.613,0,0
E03,9341.04,1,0.339,1702,0.458,0,1
E01,6590.24,1,0.323,2526,0.32,1,0
E01,407.3,1,0.805,895,0.062,1,1
E01,3869.23,0,0.329,715,0.301,0,0
E02,7955.22,0,0.252,757,0.722,1,1
E03,2679.57,2,0.512,223,0.62,0,0
E03,9257.23,0,0.974,1625,0.199,1,0
E99,5337.21,2,0.447,13,0.796,0,0
E01,1015.23,0,0.779,1363,0.19,1,1
E03,2492.54,2,0.315,1896,0.798,0,1
E02,9072.36,0,0.697,929,0.532,1,1
E01,9915.45,0,0.665,900,0.724,0,1
E99,8643.86,1,0.923,2162,0.128,1,1
E01,3274.7,1,0.773,2022,0.747,0,0
E03,7711.31,0,0.297,2839,0.728,0,0
E03,2300.05,0,0.524,3171,0.215,0,0
E99,3906.77,2,0.2,894,0.179,1,0
E02,7001.96,2,0.393,1057,0.754,0,0
E01,9692.12,1,0.977,1888,0.441,0,1
E03,4448.06,0,0.565,661,0.659,1,0
E03,5008.78,0,0.894,2621,0.059,0,1
E02,2279.67,2,0.219,6,0.223,0,0
E03,4091.91,2,0.904,1323,0.751,0,1
E01,723.88,2,0.912,3532,0.237,0,1
E02,8600.0,2,0.723,2642,0.125,1,1
E99,331.01,2,0.293,1861,0.215,1,0
E01,6866.89,1,0.901,14,0.832,0,1
E02,2804.89,2,0.92,2887,0.376,1,1
E99,4813.48,1,0.361,1605,0.548,0,0
E03,2887.43,1,0.952,3089,0.593,1,0
E99,4060.7,1,0.905,2821,0.4,1,0
E02,5513.1,0,0.364,3582,0.138,1,0
E99,6444.84,1,0.515,425,0.291,0,0
E01,9408.83,1,0.469,3094,0.198,0,1
E02,3388.79,1,0.599,2562,0.905,1,1
E02,5890.09,0,0.911,1059,0.746,1,1
E03,9027.05,2,0.899,3040,0.824,1,1
E99,2973.29,2,0.341,2032,0.814,1,1
E03,8663.99,0,0.641,2375,0.052,1,0
E03,9579.8,1,0.627,3465,0.754,0,0
E02,8490.19,1,0.56,2062,0.503,0,1
E02,5741.62,2,0.772,2280,0.778,0,0
E02,7248.94,2,0.717,3115,0.952,1,1
E01,4862.55,2,0.42,2768,0.386,0,1
E02,6012.83,1,0.479,2308,0.618,0,1
E99,9747.29,0,0.911,3264,0.336,1,0
E03,2586.09,2,0.461,3277,0.89,0,1
E03,7946.22,0,0.555,2209,0.289,0,1
E02,5111.71,1,0.978,355,0.38,1,0
E02,1851.05,1,0.886,2493,0.885,1,1
E01,6471.0,1,0.759,1198,0.145,0,1
E02,7945.03,0,0.443,2118,0.514,1,1
E02,5730.68,2,0.703,1358,0.596,1,0
E01,8390.58,2,0.714,1219,0.594,1,0
E01,3722.1,1,0.529,3508,0.163,1,0
E03,9146.31,2,0.229,896,0.087,0,0
E02,6518.37,2,0.493,578,0.442,1,0
E02,8051.28,2,0.607,2281,0.477,0,0
E01,2802.55,2,0.96,2320,0.936,0,0
E02,4516.67,1,0.782,3532,0.76,0,0
E02,9105.21,1,0.286,207,0.613,0,0
E02,603.87,2,0.441,3298,0.248,1,0
E02,4099.42,1,0.617,3022,0.897,0,1
E01,7825.15,1,0.561,756,0.232,1,1
E99,7463.77,1,0.204,2947,0.941,1,0
E01,8531.07,2,0.948,3034,0.939,1,1
E02,7419.96,2,0.923,414,0.969,1,0
E01,9476.21,2,0.939,76,0.316,0,1
E02,5032.77,0,0.543,2379,0.179,1,1
E01,6280.47,2,0.867,2122,0.641,1,1
E99,8492.29,0,0.767,3107,0.447,1,0
E02,7046.74,0,0.609,3349,0.415,0,1
E03,1110.36,0,0.262,375,0.573,0,0
E01,3733.26,2,0.334,3453,0.698,1,1
E01,5570.65,2,0.391,3071,0.362,1,0
E02,7571.7,0,0.917,2171,0.365,0,1
E02,5481.32,0,0.732,1300,0.624,1,0
E02,7797.74,1,0.986,2271,0.117,1,1
E99,8392.33,0,0.653,2033,0.708,1,0
E03,2724.77,1,0.268,1404,0.801,1,0
E99,6199.37,2,0.582,282,0.877,0,0
E01,5615.39,0,0.289,2605,0.759,1,0
E03,2350.44,0,0.921,1100,0.526,0,0
E02,4949.79,0,0.423,885,0.871,0,1
E03,5530.83,2,0.358,1351,0.512,1,0
E99,8191.66,0,0.609,122,0.79,1,1
E03,4663.79,0,0.846,1410,0.11,0,1
E99,901.07,2,0.608,3007,0.716,0,0
E03,4924.23,0,0.231,2633,0.129,1,0
E01,8395.71,1,0.794,218,0.076,0,0
E03,5755.43,0,0.227,1188,0.522,1,0
E02,3256.77,2,0.684,2393,0.162,0,1
E99,9217.61,2,0.694,3352,0.356,0,0
E03,1640.95,2,0.367,1573,0.778,0,0
E01,3336.09,1,0.557,3557,0.567,1,1
E01,4427.63,1,0.205,156,0.739,0,1
E01,7405.98,2,0.427,3277,0.787,1,0
E02,8373.89,2,0.695,576,0.501,1,1
E01,679.75,0,0.427,2625,0.977,0,0
E03,7941.15,1,0.238,363,0.24,1,0
E02,7233.23,1,0.739,3561,0.13,0,0
E03,8957.06,0,0.794,772,0.349,0,1
E01,9014.39,1,0.89,1325,0.767,1,1
E02,7797.5,2,0.9,2287,0.14,0,1
E01,1983.01,0,0.597,181,0.489,0,1
E99,3207.33,2,0.526,2054,0.587,0,0
E01,9369.57,2,0.669,1052,0.809,0,1
E01,6021.92,0,0.834,1559,0.845,1,1
E01,5433.73,0,0.58,1199,0.275,0,0
E03,9165.52,2,0.996,3035,0.308,1,0
E01,8754.57,2,0.71,1644,0.693,0,1
E03,7302.21,0,0.446,2711,0.858,1,0
E03,8834.3,0,0.835,150,0.208,0,1
E03,1226.97,2,0.321,2458,0.729,1,0
E01,7599.69,0,0.949,1380,0.273,1,1
E01,9659.84,1,0.472,2156,0.22,1,1
E02,584.87,2,0.748,3047,0.367,0,0
E01,2308.15,0,0.7,2506,0.797,0,0
E03,7960.29,0,0.277,1273,0.748,1,1
E02,5248.47,2,0.777,816,0.5,0,0
E02,957.52,2,0.449,3194,0.721,1,1
E01,2752.78,1,0.505,936,0.431,1,1
E02,3308.19,0,0.277,128,0.248,1,1
E01,3278.52,0,0.848,1073,0.842,0,1
E03,8788.96,2,0.888,39,0.101,0,0
E01,6654.16,2,0.307,2668,0.897,0,0
E99,7375.68,2,0.85,3202,0.792,0,0
E03,234.34,2,0.918,1556,0.73,1,1
E01,4332.37,1,0.278,2210,0.585,0,1
E01,3246.42,1,0.998,3454,0.811,1,0
E01,8534.06,1,0.204,3330,0.077,0,0
E01,9543.31,2,0.874,145,0.606,0,1
E01,4291.07,0,0.647,249,0.295,1,1
E99,9733.3,0,0.966,1380,0.651,1,0
E03,242.16,2,0.47,1005,0.684,0,0
E01,3324.62,0,0.489,557,0.252,0,0
E02,7771.82,0,0.872,545,0.196,0,0
E01,3664.99,2,0.769,2938,0.602,0,1
E99,9217.53,1,0.68,698,0.934,0,0
E01,2262.8,0,0.716,1727,0.674,0,1
E03,7977.1,1,0.746,162,0.505,1,1
E03,2096.85,1,0.238,2232,0.929,1,0
E01,2051.34,1,0.294,2668,0.82,1,1
E01,4512.92,2,0.345,2153,0.739,0,0
E02,9454.91,2,0.341,1026,0.461,1,1
E99,5896.0,2,0.874,285,0.512,1,1
E02,6386.83,1,0.516,1441,0.299,0,0
E03,196.35,1,0.592,2821,0.818,0,0
E03,660.49,0,0.272,431,0.318,0,0
E03,762.65,1,0.896,2959,0.712,0,0
E02,8214.46,2,0.208,3287,0.872,0,1
E02,2444.84,2,0.267,2187,0.569,0,0
E03,3355.5,0,0.85,3039,0.197,1,0
E01,6138.53,2,0.304,1012,0.073,1,1
E99,5881.15,1,0.835,2236,0.683,1,1
E01,4164.24,0,0.48,2607,0.261,1,1
E01,142.57,2,0.821,2574,0.087,1,1
E03,4551.07,1,0.24,2522,0.373,0,1
E01,7414.94,1,0.473,699,0.597,1,1
E01,2428.87,0,0.585,3285,0.568,1,0
E01,7112.74,0,0.701,2455,0.207,0,1
E02,250.01,0,0.869,423,0.618,0,1
E03,9089.28,0,0.396,2302,0.436,0,0
E01,9505.39,0,0.727,3275,0.499,0,1
E01,124.37,1,0.321,86,0.872,1,1
E02,4632.4,1,0.836,3193,0.124,0,0
E99,4196.84,2,0.947,1189,0.546,0,0
E01,8434.65,2,0.238,1071,0.213,0,0
E99,5453.14,1,0.264,1755,0.222,0,0
E99,6152.52,2,0.83,2578,0.624,1,0
E01,2104.81,1,0.904,371,0.68,0,1
E03,862.94,1,0.719,950,0.62,1,0
E03,6954.08,0,0.569,2907,0.918,1,0
E02,6244.69,1,0.815,847,0.797,1,1
E02,8340.05,0,0.44,1258,0.237,1,0
E03,8462.37,0,0.993,2309,0.648,1,1
E03,6347.25,2,0.878,902,0.633,1,1
E03,5429.78,0,0.91,181,0.658,1,1
E99,9148.68,1,0.884,1899,0.453,0,0
E02,8032.51,0,0.946,348,0.941,0,1
E03,8836.01,1,0.252,1391,0.486,1,1
E99,9958.82,2,0.927,2376,0.792,0,0
E01,4094.71,1,0.399,2662,0.502,1,0
E01,7197.65,0,0.487,3426,0.79,0,0
E02,6911.87,0,0.496,3138,0.422,1,1
E99,1824.01,2,0.386,123,0.051,0,0
E01,6401.83,0,0.551,1752,0.52,0,0
E03,4338.08,0,0.604,83,0.565,0,1
E01,4561.29,2,0.319,2884,0.159,0,0
E02,1883.37,1,0.488,270,0.675,0,0
E03,7472.92,2,0.479,2798,0.853,1,0
E01,7009.62,2,0.74,6,0.866,1,1
E99,5369.67,1,0.665,400,0.404,0,0
E01,1651.52,2,0.773,3341,0.435,0,0
E99,5612.96,0,0.827,670,0.857,0,1
E01,1091.32,0,0.734,1707,0.988,1,1
E99,3459.78,0,0.393,1873,0.099,0,0
E03,3786.34,2,0.602,2491,0.108,0,0
E01,8845.91,1,0.573,3366,0.101,0,0
E01,4214.06,0,0.259,1499,0.485,0,0
E01,6024.85,0,0.916,2172,0.787,1,1
E02,8760.31,2,0.273,3590,0.138,0,0
E03,4315.02,2,0.981,390,0.698,1,1
E02,8848.66,0,0.225,1728,0.211,1,1
E02,1450.97,1,0.784,1093,0.081,0,0
E02,3711.95,1,0.43,3381,0.61,1,0
E02,1037.8,0,0.924,2214,0.608,1,1
E03,5653.2,2,0.859,2338,0.316,1,0
E02,9577.09,2,0.22,675,0.353,1,0
E03,6603.82,2,0.218,3411,0.383,1,0
E99,6298.15,2,0.683,243,0.923,1,1
E02,2853.77,2,0.32,1783,0.864,0,0
E01,9317.96,1,0.211,2518,0.546,0,1
E01,4768.19,0,0.974,3164,0.956,1,1
E02,2743.32,0,0.706,984,0.597,0,1
E01,9878.23,2,0.209,1202,0.145,1,0
E99,4288.93,1,0.592,137,0.508,1,0
E03,3777.84,0,0.326,2380,0.891,1,0
E02,446.12,2,0.844,709,0.673,1,0
E03,1865.12,0,0.223,2222,0.946,0,0
E01,8110.99,0,0.497,306,0.549,0,1
E03,4878.68,0,0.39,1753,0.907,1,1
E01,9553.26,2,0.985,1723,0.771,0,0
E03,930.47,0,0.262,1805,0.823,1,1
E99,6197.84,2,0.776,1111,0.982,0,1
E03,7227.84,0,0.582,613,0.334,0,0
E99,6249.71,0,0.853,2793,0.64,1,1
E02,5345.79,2,0.371,3261,0.291,0,0
E03,5825.15,0,0.884,997,0.853,0,1
E02,6926.54,0,0.96,1635,0.601,0,1
E03,8646.31,0,0.37,393,0.215,0,0
E01,3429.81,1,0.394,546,0.446,1,1
E01,4650.58,0,0.971,1269,0.221,0,1
E02,6395.5,0,0.547,2535,0.48,1,1
E01,3210.74,1,0.868,2422,0.123,0,0
E03,1869.95,2,0.874,2618,0.957,1,1
E03,9665.07,0,0.449,321,0.611,1,1
E99,2027.82,0,0.343,163,0.981,0,0
E01,2404.06,0,0.493,991,0.213,1,1
E99,6224.99,0,0.674,1198,0.411,0,0
E01,865.95,0,0.598,1850,0.925,1,1
E02,437.07,1,0.789,2103,0.7,0,1
E03,733.73,0,0.639,677,0.116,1,0
E01,1320.31,2,0.844,2957,0.88,1,1
E01,4349.05,0,0.283,2688,0.228,0,1
E01,8309.68,2,0.551,1118,0.296,0,1
E02,3485.52,2,0.213,2325,0.738,1,0
E03,4332.56,1,0.297,1079,0.718,1,0
E01,6042.49,0,0.465,219,0.671,0,1
E01,3091.23,2,0.921,2651,0.055,0,0
E02,4382.12,2,0.504,311,0.284,0,0
E01,3924.49,1,0.419,789,0.374,0,0
E03,3484.65,0,0.737,1091,0.426,0,0
E99,3945.09,2,0.763,3225,0.119,0,0
E03,210.07,1,0.585,2110,0.685,0,0
E99,8873.98,0,0.431,2845,0.888,0,0
E02,9775.73,2,0.441,3269,0.98,1,1
E03,8638.71,0,0.348,3215,0.8,1,1
E01,156.85,1,0.49,2193,0.24,0,0
E01,7533.77,0,0.335,1274,0.531,1,0
E03,5773.69,1,0.714,1453,0.911,0,0
E01,1032.33,2,0.916,597,0.113,1,1
E99,9335.31,0,0.403,2119,0.265,0,0
E03,7784.55,0,0.394,2106,0.299,0,0
E99,1538.43,2,0.919,3500,0.623,1,1
E01,9644.01,0,0.654,684,0.944,1,0
E02,1349.37,0,0.784,2724,0.504,0,1
E03,4601.33,1,0.911,958,0.58,0,1
E01,1673.86,0,0.732,284,0.651,0,1
E02,1586.89,2,0.794,1442,0.85,0,1
E03,9681.28,0,0.51,3469,0.319,0,0
E99,5764.02,1,0.951,1666,0.639,1,0
E03,2665.83,2,0.763,670,0.92,1,1
E01,7786.35,2,0.257,1161,0.933,0,0
E02,8764.92,0,0.676,2501,0.41,0,0
E02,9184.28,0,0.276,1025,0.155,1,1
E01,9336.55,0,0.618,834,0.919,1,1
E02,9065.26,2,0.271,888,0.916,1,0
E01,6425.43,0,0.702,296,0.141,0,1
E01,3490.42,0,0.565,2484,0.126,1,0
E02,9263.12,1,0.642,1154,0.224,0,0
E01,1312.72,0,0.719,1101,0.658,0,0
E02,1771.12,0,0.4,1182,0.334,0,0
E01,4394.89,1,0.456,2500,0.276,0,0
E03,2908.28,2,0.586,3146,0.802,1,0
E01,6195.75,0,0.653,2674,0.279,1,1
E99,9062.49,2,0.939,2044,0.953,1,0
E01,4961.21,1,0.482,2571,0.462,0,0
E02,5583.32,1,0.673,817,0.447,0,1
E01,4289.02,2,0.938,3292,0.937,1,0
E01,7104.93,1,0.774,2205,0.163,0,1
E02,1096.82,0,0.463,3436,0.158,1,1
E03,581.04,0,0.532,965,0.458,1,0
E99,6449.25,0,0.903,529,0.602,0,0
E01,5395.3,1,0.55,2573,0.528,1,1
E01,4132.84,0,0.402,1154,0.948,0,1
E03,3406.53,0,0.618,748,0.984,0,0
E02,612.89,0,0.349,2835,0.088,0,0
E01,6837.51,0,0.666,1919,0.206,0,0
E03,4272.53,2,0.993,2814,0.57,0,0
E02,4508.15,0,0.975,877,0.943,0,1
E03,8945.1,1,0.691,256,0.313,1,1
E02,7401.72,0,0.909,1475,0.395,0,1
E02,2272.49,0,0.852,3463,0.267,1,0
E01,6605.95,0,0.961,2109,0.959,1,1
E03,1409.33,0,0.898,3082,0.195,1,0
E01,2021.23,0,0.92,3035,0.581,0,1
E03,7170.08,2,0.384,3237,0.072,0,0
E03,1346.32,1,0.326,1652,0.616,0,1
E03,2873.92,2,0.235,736,0.419,0,0
E01,8990.8,2,0.727,3239,0.582,1,1
E01,7409.32,2,0.947,1803,0.125,0,0
E02,9301.65,0,0.995,1152,0.136,1,1
E02,8830.15,0,0.882,1586,0.137,1,1
E99,3194.54,1,0.865,2817,0.835,1,0
E02,6360.54,1,0.615,1297,0.731,1,0
E99,3849.09,2,0.562,2993,0.171,0,0
E01,7001.33,0,0.712,819,0.347,0,0
E02,3549.72,0,0.218,1144,0.46,1,0
E01,113.04,2,0.835,503,0.143,1,0
E03,1029.99,1,0.726,3136,0.84,1,0
E01,7733.02,1,0.336,3133,0.391,0,0
E01,931.65,0,0.709,746,0.68,1,1
E03,6034.28,2,0.68,1910,0.653,1,0
E02,8592.01,2,0.83,2849,0.909,0,0
E01,7436.9,0,0.87,2163,0.747,1,1
E01,4193.04,0,0.403,2323,0.082,0,0
E02,2165.18,2,0.852,942,0.196,1,0
E01,9233.12,2,0.346,106,0.468,0,0
E01,5707.36,0,0.515,3366,0.137,1,1
E03,4113.66,2,0.594,3287,0.418,0,0
E01,9426.37,2,0.844,3371,0.969,1,1
E02,2228.68,0,0.921,156,0.243,1,1
E02,4478.59,0,0.214,2417,0.712,0,1
E01,1175.59,0,0.79,904,0.294,0,0
E01,1336.31,2,0.902,1154,0.082,1,1
E01,4046.1,2,0.963,1486,0.143,1,1
E01,7026.64,0,0.414,839,0.148,1,0
E01,3455.05,0,0.338,2141,0.331,1,0
E99,6927.02,1,0.599,2143,0.953,0,0
E03,8071.39,2,0.921,3341,0.633,0,1
E02,8788.02,2,0.452,2998,0.166,1,1
E02,542.72,0,0.604,2528,0.116,0,0
E02,7759.94,1,0.996,3481,0.963,1,0
E03,1556.71,0,0.565,1542,0.211,0,0
E01,7012.8,0,0.703,246,0.304,0,0
E01,3779.46,1,0.996,3165,0.841,1,1
E01,7107.15,1,0.494,1203,0.572,0,0
E01,2216.86,1,0.418,1607,0.263,0,0
E01,6485.41,0,0.426,1408,0.675,0,1
E99,1342.59,1,0.694,3280,0.399,1,0
E99,1780.48,1,0.33,1329,0.597,0,0
E01,6183.17,0,0.332,2462,0.141,1,0
E02,3434.04,0,0.408,2404,0.877,1,0
E02,7067.4,1,0.633,2001,0.61,1,1
E02,6883.08,0,0.875,1970,0.054,1,0
E02,6254.18,0,0.623,260,0.576,0,1
E01,7332.35,0,0.826,3209,0.39,0,1
E03,7959.96,1,0.966,1201,0.901,0,0
E99,9123.09,0,0.792,801,0.18,1,0
E03,897.11,0,0.714,790,0.364,1,1
E03,5758.34,0,0.207,1438,0.769,0,0
E02,7512.89,2,0.559,2246,0.262,0,0
E01,2247.72,2,0.414,1948,0.344,1,1
E01,2709.85,1,0.61,3006,0.775,1,1
E02,2742.95,0,0.961,2940,0.72,1,1
E01,5766.1,1,0.456,1208,0.388,0,1
E03,3725.09,2,0.329,2963,0.489,0,0
E02,6694.34,2,0.861,2454,0.569,0,0
E02,6141.37,2,0.992,3093,0.885,0,0
E01,6605.41,0,0.824,2,0.672,0,1
E99,2597.94,1,0.311,1869,0.607,1,0
E01,7696.98,0,0.641,2252,0.812,1,1
E01,6673.95,2,0.524,870,0.336,0,0
E01,1393.43,0,0.707,2359,0.467,1,1
E03,2081.71,1,0.735,2614,0.695,1,1
E99,3079.55,0,0.846,500,0.43,0,1
E01,9366.81,1,0.392,3436,0.5,0,0
E99,3330.86,2,0.972,3404,0.201,0,0
E01,296.8,0,0.372,1027,0.623,0,1
E03,1502.09,0,0.299,719,0.652,0,0
E01,418.5,1,0.863,714,0.855,1,1
E02,4088.11,1,0.571,132,0.13,1,1
E03,7991.82,0,0.592,81,0.896,0,0
E02,4559.31,0,0.455,1125,0.131,0,0
E01,8406.04,1,0.237,2399,0.751,1,1
E03,570.54,1,0.355,2452,0.604,0,0
E99,4750.26,0,0.809,1962,0.432,1,1
E02,7892.05,1,0.38,2340,0.918,0,0
E03,6779.75,1,0.994,485,0.479,1,0
E03,8542.97,0,0.829,3581,0.073,1,1
E01,2810.96,1,0.879,719,0.539,0,0
E99,5058.42,1,0.899,1321,0.551,0,0
E01,6801.1,0,0.775,2384,0.75,1,1
E03,1768.05,2,0.573,459,0.387,1,0
E01,8176.49,0,0.934,1570,0.119,1,1
E01,3183.55,1,0.541,3362,0.378,1,1
E02,1023.74,2,0.277,840,0.616,0,0
E02,7680.44,2,0.677,2230,0.562,1,1
E99,7079.68,0,0.284,2181,0.846,0,0
E99,8848.43,1,0.724,278,0.304,0,0
E01,8931.54,0,0.998,190,0.585,0,1
E01,2857.41,2,0.74,527,0.967,0,1
E02,6449.49,0,0.368,59,0.345,0,0
E02,9991.32,2,0.31,1914,0.46,1,0
E02,2513.68,2,0.485,939,0.985,1,1
E99,4781.48,1,0.317,2154,0.186,1,0
E03,9110.65,2,0.656,1042,0.589,1,0
E01,1120.49,1,0.826,1261,0.398,0,0
E02,9289.67,1,0.727,376,0.093,1,1
E03,4932.74,0,0.694,2863,0.765,0,0
E02,8941.1,2,0.548,414,0.237,1,0
E01,6251.58,0,0.338,3286,0.889,1,0
E02,6747.21,1,0.71,604,0.443,1,0
E02,7752.56,2,0.535,3566,0.186,1,0
E01,764.65,2,0.444,2608,0.281,0,0
E03,6314.91,2,0.727,2964,0.833,0,0
E01,9246.98,1,0.503,2902,0.401,0,1
E02,9565.62,2,0.335,1604,0.291,1,0
E02,9686.38,2,0.587,654,0.284,1,1
E99,6493.75,0,0.431,2435,0.598,1,0
E01,6369.54,1,0.787,2364,0.291,0,0
E01,5569.4,1,0.238,2906,0.929,0,1
E01,6114.78,0,0.882,841,0.096,1,1
E02,6159.97,2,0.569,2948,0.197,0,1
E01,519.84,0,0.213,3168,0.453,1,1
E03,979.83,0,0.307,2632,0.246,0,0
E01,6232.22,0,0.956,968,0.782,0,1
E01,3210.74,0,0.63,889,0.912,0,1
E02,3084.11,1,0.815,468,0.614,0,1
E03,2015.06,2,0.906,2986,0.853,0,1
E99,8030.59,2,0.456,1581,0.803,0,0
E03,9646.85,2,0.638,1104,0.199,1,1
E02,6314.8,2,0.72,556,0.123,0,0
E03,9459.66,1,0.873,1779,0.641,1,0
E03,8850.45,2,0.536,714,0.974,1,0
E01,2257.48,0,0.961,3009,0.832,1,1
E02,1619.91,1,0.686,1221,0.629,1,0
E03,2194.71,0,0.899,1605,0.154,0,0
E01,1052.47,2,0.267,2378,0.783,0,0
E03,5870.5,2,0.571,2517,0.692,1,1
E02,2898.24,2,0.343,421,0.928,1,0
E02,9137.88,0,0.93,275,0.717,1,1
E01,6172.74,0,0.388,1023,0.147,1,1
E03,3660.14,2,0.77,2688,0.623,1,0
E99,9847.94,1,0.25,3090,0.43,0,0
E01,9536.63,1,0.361,3500,0.446,0,0
E02,7808.29,1,0.456,986,0.645,0,1
E01,7937.67,2,0.825,2749,0.896,1,1
E01,9774.97,0,0.401,607,0.764,0,0
E99,6044.52,1,0.854,682,0.071,1,1
E02,8812.2,0,0.831,1921,0.188,1,1
E02,741.79,2,0.994,352,0.391,1,1
E01,5585.22,0,0.742,120,0.694,1,1
E99,5074.91,0,0.71,3582,0.646,1,1
E01,473.47,0,0.681,2894,0.523,1,1
E03,960.82,2,0.288,2433,0.454,0,0
E01,316.21,0,0.611,801,0.792,1,1
E01,3010.75,2,0.881,275,0.14,1,1
E03,629.76,2,0.217,479,0.609,1,0
E01,4289.28,2,0.301,1517,0.81,1,1
E03,8146.19,1,0.68,2909,0.306,0,0
E01,6176.92,1,0.878,2137,0.24,0,0
E03,6770.52,2,0.446,3034,0.683,0,1
E03,411.92,0,0.897,3272,0.215,0,0
E03,8411.31,0,0.47,2645,0.509,1,0
E01,1547.28,0,0.572,360,0.917,0,0
E03,3096.24,2,0.962,845,0.107,0,0
E99,5216.26,0,0.534,1215,0.905,1,0
E01,9306.93,2,0.68,1897,0.229,1,0
E01,9981.68,2,0.948,2854,0.503,1,0
E03,7848.34,2,0.412,3488,0.174,0,0
E01,7320.21,1,0.274,3539,0.717,0,1
E03,5324.06,1,0.966,1720,0.988,0,0
E03,6689.71,2,0.648,3569,0.334,0,0
E01,1529.8,1,0.973,3418,0.919,1,1
E02,2765.04,2,0.893,600,0.736,1,0
E02,9847.96,1,0.676,2435,0.957,1,1
E01,9798.19,2,0.577,1580,0.681,0,0
E99,3297.43,1,0.584,3042,0.691,1,0
E01,2486.38,0,0.333,3125,0.937,0,0
E02,2372.23,2,0.563,693,0.734,0,0
E03,4900.16,1,0.857,2173,0.847,1,1
E01,2315.29,0,0.991,3336,0.317,0,1
E03,6520.12,0,0.968,2402,0.209,1,0
E01,840.72,0,0.97,3072,0.652,1,1
E02,1126.4,1,0.215,2604,0.287,1,0
E01,2841.65,2,0.613,2826,0.454,1,0
E03,7796.69,0,0.36,3050,0.854,0,0
E03,3300.57,0,0.692,3388,0.643,0,0
E03,4761.09,2,0.957,714,0.937,0,1
E99,6600.56,2,0.901,2840,0.383,0,0
E03,7906.55,1,0.893,1382,0.314,1,1
E03,3140.38,0,0.493,2076,0.251,1,0
E02,7336.6,2,0.601,2366,0.968,1,1
E99,2932.07,1,0.426,2335,0.454,1,0
E03,6480.22,0,0.643,709,0.915,0,0
E99,4563.71,0,0.443,2955,0.374,0,1
E01,9273.62,0,0.847,2574,0.32,0,0
E02,9822.72,1,0.572,2697,0.775,1,0
E03,7763.82,2,0.76,2219,0.631,1,0
E01,9163.1,2,0.898,2130,0.543,0,0
E01,1451.39,2,0.44,999,0.464,0,1
E99,6579.19,2,0.698,2153,0.488,0,0
E02,2063.84,2,0.877,1011,0.834,1,1
E01,2841.99,0,0.961,3169,0.194,0,1
E01,5275.95,1,0.33,181,0.098,1,1
E02,7445.67,1,0.745,36,0.056,0,0
E03,7242.79,2,0.548,2623,0.515,1,0
E99,8707.65,2,0.428,2584,0.819,1,0
E99,5636.82,2,0.326,2014,0.681,0,0
E03,9270.79,0,0.668,2036,0.981,0,0
E03,8890.1,1,0.467,126,0.623,1,1
E01,8505.67,0,0.734,3018,0.529,0,1
E99,2372.25,0,0.425,3050,0.597,1,0
E01,5361.34,1,0.2,740,0.879,0,1
E01,7388.74,1,0.814,57,0.064,1,1
E99,9763.41,2,0.329,1891,0.489,0,0
E99,215.31,2,0.402,910,0.436,0,0
E01,3338.43,1,0.388,460,0.946,0,1
E03,3489.27,1,0.474,406,0.226,1,0
E02,2956.49,0,0.588,2374,0.074,0,0
E01,8192.5,0,0.85,1293,0.644,1,1
E01,546.21,2,0.72,2749,0.638,0,0
E01,3658.4,2,0.317,1132,0.35,0,0
E02,7145.68,2,0.347,2245,0.557,1,0
E02,4126.72,0,0.878,980,0.611,0,0
E02,1526.23,1,0.4,1997,0.382,0,0
E01,6147.44,0,0.375,2516,0.445,1,1
E99,5273.84,2,0.203,1236,0.183,0,0
E03,9820.2,1,0.819,3196,0.775,1,0
E99,7510.41,2,0.791,2303,0.416,1,0
E01,9863.14,1,0.478,726,0.657,1,0
E03,1944.89,1,0.206,3238,0.451,0,1
E03,7639.79,1,0.828,1795,0.203,1,0
E01,5561.22,2,0.279,2597,0.709,0,1
E01,7153.84,0,0.568,1245,0.442,1,1
E01,4728.76,1,0.872,83,0.224,0,0
E01,2202.67,1,0.395,2028,0.927,0,1
E02,552.79,0,0.504,1831,0.89,0,1
E01,8399.05,2,0.729,2606,0.734,0,1
E01,8166.6,2,0.739,2651,0.591,0,0
E03,1709.14,0,0.57,2478,0.638,0,1
E01,6487.29,2,0.547,1815,0.389,0,1
E01,7403.56,2,0.536,22,0.297,0,0
E03,5620.49,0,0.589,2129,0.607,0,0
E01,3240.57,1,0.477,3419,0.746,0,0
E01,8821.36,1,0.405,3281,0.515,0,0
E01,6460.16,0,0.453,293,0.892,0,1
E01,7230.15,2,0.582,3146,0.415,0,0
E02,6555.93,2,0.506,520,0.404,0,0
E01,7240.76,0,0.668,293,0.45,1,1
E01,1536.16,0,0.705,96,0.712,0,0
E99,9233.68,2,0.997,1838,0.076,1,0
E99,2929.53,2,0.692,637,0.383,0,0
E01,8381.86,0,0.788,2240,0.748,1,1
E01,8944.5,1,0.278,1681,0.571,1,0
E02,6547.11,1,0.808,3067,0.341,0,1
E03,6023.18,0,0.607,758,0.667,0,0
E03,1179.58,2,0.893,956,0.897,1,1
E01,4418.59,0,0.977,1863,0.525,1,1
E01,6155.28,2,0.384,504,0.745,1,0
E02,910.51,0,0.943,1650,0.237,0,0
E99,1203.47,2,0.737,2150,0.495,0,0
E99,9935.46,0,0.791,2222,0.324,1,0
E01,3389.12,2,0.578,1683,0.983,1,1
E02,3562.35,1,0.484,364,0.256,1,1
E01,2590.14,1,0.84,928,0.941,1,1
E03,6495.6,0,0.218,258,0.434,0,0
E99,4783.45,2,0.632,3394,0.518,0,0
E02,7925.27,1,0.259,2093,0.542,0,1
E01,5173.7,0,0.404,1143,0.277,0,1
E02,252.62,1,0.78,1087,0.275,0,1
E02,4878.61,1,0.804,199,0.403,0,1
E03,646.35,2,0.911,1703,0.75,1,0
E01,8285.19,1,0.772,212,0.709,1,1
E99,1225.22,0,0.74,2526,0.988,0,0
E01,2247.84,1,0.956,724,0.133,1,0
E01,4653.66,1,0.63,361,0.764,0,0
E01,2032.32,1,0.723,421,0.233,1,0
E01,5438.28,1,0.894,103,0.53,0,1
E01,4660.91,1,0.811,1421,0.235,0,0
E03,9529.97,0,0.816,212,0.93,0,1
E01,974.9,0,0.629,290,0.527,0,1
E01,5809.65,2,0.622,789,0.491,0,0
E01,7231.96,0,0.719,2020,0.339,1,1
E01,1363.51,2,0.76,793,0.472,1,0
E99,6400.98,1,0.637,1470,0.154,1,1
E99,8655.97,1,0.348,1546,0.693,1,0
E01,7896.8,0,0.399,2152,0.586,1,1
E03,9358.19,0,0.594,168,0.144,0,0
E03,7233.8,2,0.363,3561,0.146,1,0
E99,4000.47,2,0.539,334,0.325,1,0
E01,9212.47,0,0.318,3570,0.495,1,1
E01,2331.03,2,0.317,1027,0.259,1,0
E02,5878.65,2,0.875,1501,0.173,1,1
E99,7680.01,0,0.634,241,0.141,1,0
E03,8735.58,0,0.824,1322,0.337,1,1
E02,9173.77,0,0.209,3236,0.642,1,1
E01,941.26,2,0.429,2453,0.688,1,1
E03,7287.99,2,0.214,2243,0.316,1,0
E99,2120.63,2,0.203,1324,0.464,1,0
E02,7813.28,0,0.226,3333,0.641,0,0
E03,7036.83,2,0.617,2802,0.388,1,0
E02,1895.39,2,0.273,908,0.97,1,1
E02,8345.02,2,0.839,2166,0.701,1,1
E02,4671.71,1,0.613,1427,0.594,1,1
E03,5484.18,2,0.396,718,0.518,1,0
E99,9716.9,2,0.871,2361,0.512,1,0
E02,6600.59,0,0.608,1493,0.324,1,1
E01,5926.78,1,0.481,353,0.123,0,1
E02,265.95,1,0.654,3109,0.838,0,0
E01,2072.23,1,0.738,2182,0.901,0,1
E01,363.0,1,0.647,1992,0.966,1,0
E01,3399.79,2,0.946,3598,0.43,1,1
E02,3510.63,2,0.483,2555,0.94,1,0
E01,5350.27,1,0.528,3525,0.71,1,1
E01,6928.71,2,0.887,2555,0.447,0,0
E03,1875.52,2,0.71,610,0.913,0,0
E01,6056.38,0,0.973,1736,0.96,0,1
E03,9178.07,2,0.834,1833,0.552,1,1
E99,1931.58,2,0.61,1064,0.783,0,1
E02,6624.97,2,0.708,1114,0.78,1,1
E01,551.33,1,0.525,2147,0.622,1,0
E01,5358.36,0,0.302,1482,0.447,0,1
E02,7441.24,2,0.526,407,0.176,1,0
E02,437.01,1,0.425,2093,0.988,1,1
E01,3403.29,1,0.742,2150,0.117,0,1
E02,8791.77,2,0.735,2940,0.177,0,0
E02,2332.25,1,0.95,370,0.402,1,1
E01,7256.46,0,0.264,1646,0.425,0,0
E03,6161.16,2,0.574,3246,0.301,1,0
E01,1720.51,0,0.519,954,0.123,0,0
E01,7442.9,0,0.622,2678,0.895,1,1
E03,5367.6,2,0.296,1237,0.532,1,1
E01,1209.06,2,0.593,653,0.962,1,1
E03,9498.78,1,0.726,2559,0.875,0,0
E02,4970.42,2,0.451,2824,0.514,1,0
E01,7476.3,0,0.72,3293,0.415,1,0
E99,2255.23,0,0.413,2613,0.29,0,0
E01,1458.11,0,0.495,1104,0.983,1,1
E01,7438.94,1,0.926,2622,0.619,0,1
E99,6770.86,1,0.22,117,0.84,1,1
E03,2813.67,0,0.418,1207,0.976,0,0
E03,7488.21,2,0.949,767,0.261,1,0
E01,5099.42,1,0.318,1882,0.919,0,1
E01,3551.11,1,0.518,2485,0.797,1,1
E03,7890.23,2,0.563,2109,0.477,1,0
E01,6206.15,1,0.722,652,0.942,0,1
E01,5121.96,0,0.689,1357,0.605,1,1
E03,7753.76,2,0.701,326,0.42,1,0
E01,5493.8,0,0.952,2017,0.2,0,1
E01,9391.49,0,0.514,2675,0.734,1,1
E01,8198.75,1,0.592,879,0.778,1,1
E02,3646.06,1,0.971,1900,0.244,1,0
E03,4702.7,0,0.303,3149,0.4,0,0
E99,9577.6,2,0.959,412,0.102,1,0
E01,8962.52,0,0.959,3457,0.574,0,0
E01,1992.74,2,0.963,1195,0.614,0,0
E02,2815.61,1,0.254,1176,0.847,0,0
E02,3707.76,0,0.662,2571,0.075,0,1
E02,8810.51,1,0.871,1233,0.162,0,1
E99,9281.43,0,0.451,1462,0.08,0,0
E02,8043.17,2,0.672,779,0.938,1,0
E02,2829.51,1,0.405,486,0.532,0,0
E99,8881.94,1,0.304,3113,0.281,0,0
E01,425.52,2,0.882,351,0.068,1,1
E99,4285.75,1,0.985,588,0.141,0,0
E02,3838.52,1,0.256,2969,0.727,0,0
E02,5398.87,1,0.297,2876,0.501,0,0
E99,5650.34,1,0.671,777,0.74,1,0
E02,2331.5,0,0.269,2996,0.299,1,0
E02,2125.1,2,0.705,2610,0.463,1,0
E01,8055.31,1,0.776,1139,0.636,0,1
E03,854.35,1,0.532,286,0.25,0,0
E02,4983.53,2,0.805,2796,0.32,1,0
E01,1997.3,1,0.291,2450,0.183,0,0
E03,3263.72,2,0.441,1631,0.719,1,0
E03,2845.21,0,0.846,987,0.597,1,0
E02,7114.37,0,0.271,1255,0.468,1,1
E01,4614.6,1,0.428,983,0.583,0,1
E02,3064.47,1,0.697,3216,0.21,0,1
E01,8330.38,2,0.398,734,0.814,0,0
E01,949.37,1,0.585,1633,0.76,1,1
E02,7686.97,2,0.87,2307,0.221,0,0
E01,2558.3,0,0.416,199,0.883,1,1
E01,9188.39,1,0.549,1807,0.42,1,0
E03,155.03,2,0.215,2284,0.486,0,0
E01,5610.97,1,0.767,1900,0.549,1,1
E99,6260.42,0,0.484,2369,0.795,0,1
E99,5815.27,2,0.888,1757,0.204,1,0
E02,8168.65,2,0.271,2285,0.299,0,0
E99,1210.42,0,0.826,3519,0.93,1,1
E99,4214.0,1,0.851,1297,0.932,1,0
E01,8650.99,2,0.821,1285,0.81,0,0
E03,8898.48,0,0.788,2443,0.208,1,1
E01,5033.61,0,0.39,323,0.609,1,1
E03,5623.87,2,0.533,1048,0.469,0,0
E02,7662.69,2,0.509,600,0.126,0,0
E01,7818.14,0,0.393,1672,0.121,0,0
E01,8892.0,1,0.593,438,0.855,0,1
E99,8454.19,2,0.758,780,0.135,0,1
E01,4202.79,2,0.583,1530,0.305,1,0
E01,6532.56,2,0.98,2208,0.192,1,1
E01,4884.03,0,0.767,1549,0.591,1,1
E02,1267.82,1,0.554,2917,0.764,0,1
E03,8234.64,2,0.523,2879,0.299,1,0
E03,6057.46,0,0.667,352,0.785,0,1
E02,674.25,0,0.545,2503,0.214,0,0
E01,6801.0,1,0.378,98,0.385,1,1
E01,2902.7,2,0.617,625,0.278,1,1
E02,785.73,1,0.738,2740,0.477,0,1
E03,6105.23,1,0.487,2098,0.972,1,0
E03,7348.87,1,0.427,1163,0.743,1,1
E02,5221.11,2,0.374,553,0.243,1,1
E02,155.92,1,0.49,1166,0.958,1,1
E02,5811.14,0,0.395,2805,0.69,1,1
E02,165.43,1,0.81,2033,0.477,1,1
E02,9271.44,0,0.711,469,0.911,1,0
E03,2746.32,2,0.43,1752,0.767,1,0
E02,8722.97,2,0.993,725,0.735,1,1
E99,219.88,2,0.717,438,0.239,0,0
E02,1062.44,0,0.314,312,0.17,1,1
E01,4568.94,2,0.863,2737,0.864,1,1
E01,7610.21,0,0.803,577,0.689,1,1
E02,9431.36,0,0.6,635,0.818,1,1
E02,5258.84,0,0.387,3118,0.77,1,1
E02,3619.06,1,0.849,2973,0.899,0,1
E03,541.09,0,0.3,1808,0.403,0,0
E01,5878.72,1,0.534,2751,0.379,1,1
E03,3862.43,0,0.854,83,0.273,0,0
E03,9100.42,2,0.841,602,0.149,1,1
E02,4852.59,1,0.704,1273,0.504,0,0
E02,7677.93,2,0.206,2729,0.518,1,0
E01,8497.28,0,0.466,327,0.158,0,0
E02,1072.95,2,0.883,2379,0.617,0,0
E03,4464.38,1,0.777,253,0.392,1,1
E99,8947.8,0,0.848,3534,0.479,0,1
E02,4302.11,2,0.25,752,0.529,0,0
E01,5695.03,2,0.953,2562,0.342,0,1
E03,8743.73,2,0.383,2241,0.694,1,0
E03,2402.68,2,0.466,1405,0.529,1,0
E01,8956.36,2,0.872,2747,0.465,0,1
E03,4030.58,0,0.525,2232,0.435,1,0
E01,5971.03,0,0.714,1622,0.072,1,1
E01,3347.59,0,0.642,2383,0.775,0,1
E01,5318.48,0,0.893,1033,0.959,0,1
E01,587.93,0,0.325,2684,0.173,1,1
E99,746.07,2,0.278,2522,0.322,1,0
E02,4205.76,1,0.706,1687,0.846,0,1
E01,3416.02,0,0.876,2369,0.716,1,0
E02,6196.34,1,0.938,2979,0.344,0,0
E02,475.31,0,0.52,2311,0.661,0,0
E01,1759.92,0,0.788,1033,0.912,0,1
E01,2174.96,0,0.513,996,0.256,1,1
E03,4460.87,1,0.455,3468,0.689,0,0
E01,2543.66,0,0.219,2910,0.813,1,1
E03,1462.86,2,0.4,1118,0.14,1,0
E01,6015.98,2,0.336,2580,0.928,0,0
E03,7464.33,2,0.415,136,0.952,0,0
E03,6884.15,2,0.431,2493,0.739,1,0
E01,2834.18,2,0.887,721,0.535,1,1
E01,8559.0,2,0.363,1121,0.618,0,0
E99,6157.04,2,0.855,3338,0.66,0,0
E02,6185.2,0,0.887,501,0.195,0,0
E03,2207.2,1,0.571,2844,0.327,0,0
E01,2497.91,0,0.78,1451,0.145,0,0
E01,4800.03,2,0.455,1582,0.398,0,0
E02,2454.43,0,0.214,1662,0.75,0,0
E99,6911.97,1,0.768,3258,0.882,1,0
E01,3154.69,1,0.685,1801,0.399,0,0
E03,1603.97,2,0.569,888,0.629,1,0
E03,1600.98,0,0.919,27,0.609,0,0
E01,1359.56,2,0.782,841,0.494,0,0
E01,4453.53,1,0.54,571,0.703,0,0
E01,130.1,2,0.243,465,0.192,0,0
E02,5469.49,1,0.901,3574,0.12,0,0
E03,3053.2,1,0.988,1593,0.377,1,0
E02,5569.54,0,0.708,3596,0.961,0,0
E01,9360.71,0,0.815,1851,0.946,0,1
E03,8703.57,1,0.605,790,0.645,1,0
E02,5806.66,0,0.389,523,0.594,1,1
E02,4238.9,2,0.93,2735,0.645,1,0
E02,7013.79,0,0.751,413,0.454,0,1
E01,9239.08,0,0.639,187,0.321,1,1
E03,4946.52,0,0.746,1406,0.055,0,0
E02,1083.15,2,0.609,1136,0.068,1,0
E02,7684.27,1,0.247,838,0.964,1,0
E01,203.74,0,0.728,1850,0.75,1,0
E02,7669.92,0,0.204,2067,0.699,0,0
E03,940.67,2,0.376,1563,0.844,1,0
E01,1155.5,2,0.325,1888,0.621,0,1
E99,7838.9,0,0.472,2406,0.678,0,0
E03,6926.26,1,0.927,585,0.793,1,1
E01,5662.84,0,0.264,1331,0.168,0,1
E03,8223.79,2,0.486,48,0.226,0,0
E02,8528.55,2,0.808,3487,0.573,1,0
E99,4629.37,1,0.89,2321,0.141,0,0
E01,9963.36,2,0.789,2890,0.67,0,1
E01,3640.04,0,0.972,2782,0.832,0,1
E02,1797.93,2,0.757,22,0.837,0,1
E01,8475.17,0,0.796,1758,0.354,1,1
E03,4214.15,2,0.538,3131,0.241,1,0
E02,8757.55,2,0.442,2072,0.951,1,1
E01,705.55,1,0.57,2152,0.908,1,1
E02,1199.42,0,0.814,3462,0.345,1,0
E99,498.7,2,0.72,2698,0.891,0,0
E03,6059.91,2,0.818,2763,0.878,1,0
E02,8335.46,2,0.702,2875,0.368,0,1
E01,4086.34,0,0.786,1202,0.391,1,1
E01,997.88,0,0.325,3504,0.926,0,1
E99,3797.34,1,0.459,3061,0.747,0,0
E03,3545.66,1,0.649,119,0.63,0,0
E02,6470.37,0,0.213,1975,0.946,1,0
E99,6556.3,0,0.93,891,0.863,0,1
E01,1119.93,1,0.392,1879,0.12,1,1
E03,4259.75,2,0.271,2910,0.519,0,0
E01,6460.89,0,0.731,2491,0.892,0,1
E01,2662.73,0,0.355,2879,0.154,1,1
E02,4130.09,2,0.65,1546,0.118,1,0
E02,6175.58,0,0.399,279,0.858,0,1
E99,4088.42,0,0.333,3170,0.781,0,0
E01,405.52,2,0.788,285,0.207,0,1
E03,2303.9,0,0.511,603,0.22,0,0
E03,7783.2,0,0.66,2601,0.833,0,0
E03,2560.19,0,0.373,1519,0.247,1,0
E99,8195.34,1,0.642,1715,0.185,0,0
E02,4722.39,2,0.537,234,0.903,0,0
E02,4781.92,2,0.241,616,0.807,1,0
E01,7728.11,1,0.781,2539,0.43,0,1
E01,3894.61,2,0.642,2038,0.638,0,1
E99,2460.96,1,0.942,973,0.455,0,1
E02,1139.82,2,0.846,1440,0.308,0,0
E01,6751.91,1,0.657,1532,0.978,1,0
E01,4752.43,0,0.234,3322,0.563,1,1
E02,8113.13,2,0.802,3191,0.649,1,0
E03,4630.98,2,0.639,1728,0.434,1,0
E01,4206.63,0,0.868,671,0.521,1,1
E03,3058.64,0,0.662,2043,0.32,1,1
E03,2074.34,2,0.202,9,0.454,1,0
E03,8321.33,0,0.852,2329,0.64,1,0
E01,1042.59,2,0.839,2081,0.813,1,0
E03,9031.06,2,0.28,3235,0.804,1,0
E01,366.4,0,0.747,1575,0.061,0,1
E02,5270.3,2,0.621,2023,0.553,1,0
E03,677.45,0,0.672,198,0.401,0,0
E03,7818.11,0,0.911,2968,0.621,0,1
E01,2193.82,1,0.4,1067,0.879,1,1
E99,5702.63,2,0.211,2726,0.779,1,0
E01,9172.82,0,0.367,861,0.361,1,0
E02,6527.66,0,0.932,1251,0.745,0,1
E99,1865.37,0,0.369,938,0.145,1,0
E02,7987.11,2,0.74,3235,0.17,0,0
E03,4470.65,1,0.832,2842,0.262,1,0
E02,230.45,0,0.851,2535,0.426,1,1
E03,4918.97,0,0.208,1097,0.53,0,0
E03,8143.6,2,0.208,2641,0.424,1,1
E03,4356.58,2,0.991,1763,0.64,1,0
E01,7608.44,2,0.622,2574,0.167,0,0
E03,7084.71,1,0.251,956,0.54,0,0
E01,4623.43,2,0.221,1942,0.306,0,0
E99,3300.5,1,0.849,3421,0.393,0,0
E01,7292.75,1,0.924,283,0.528,0,1
E01,3752.29,1,0.62,2787,0.175,1,1
E99,1783.86,1,0.497,2513,0.415,0,1
E01,3276.54,1,0.762,1524,0.765,1,1
E02,8780.71,1,0.218,3275,0.311,1,0
E03,2905.55,1,0.919,2617,0.769,0,0
E01,2426.11,2,0.405,1899,0.267,0,0
E01,1420.86,2,0.353,1134,0.759,1,1
E02,646.26,1,0.449,2471,0.233,1,0
E01,9769.25,1,0.251,296,0.944,1,0
E01,5414.09,2,0.512,926,0.195,1,0
E01,7323.48,1,0.772,1550,0.99,0,1
E02,7752.44,0,0.599,808,0.265,0,1
E01,3587.94,2,0.734,2032,0.718,0,1
E01,8009.17,2,0.371,3138,0.337,0,0
E03,9618.69,1,0.518,1258,0.127,0,0
E03,7443.44,2,0.616,1466,0.073,1,0
E01,7146.16,0,0.658,1446,0.188,0,1
E01,4379.11,2,0.349,2609,0.434,1,0
E99,8429.07,0,0.846,2572,0.595,0,1
E02,979.49,2,0.272,844,0.5,0,0
E02,7521.87,1,0.279,3223,0.643,0,0
E02,3683.74,1,0.4,2331,0.14,0,0
E01,5703.14,2,0.723,3218,0.686,0,0
E03,8940.34,0,0.262,3151,0.788,1,0
E99,6089.69,2,0.206,2072,0.267,0,0
E99,353.26,0,0.578,2533,0.794,1,0
E01,7253.79,2,0.477,2266,0.285,0,0
E01,9297.34,2,0.325,2194,0.467,0,0
E01,6455.92,0,0.725,1918,0.807,1,0
E01,8628.06,2,0.713,832,0.696,1,1
E01,8270.43,2,0.298,1337,0.524,0,0
E03,8626.79,1,0.384,2539,0.397,0,0
E01,3506.59,1,0.492,2657,0.58,0,1
E99,4794.22,0,0.992,1683,0.539,1,1
E01,8495.53,2,0.815,401,0.963,0,0
E01,9112.95,2,0.47,483,0.827,0,0
E99,1553.73,2,0.972,3218,0.159,1,0
E03,1897.17,0,0.564,454,0.438,1,1
E02,3533.61,1,0.504,1022,0.602,0,0
E02,7725.95,2,0.955,226,0.713,1,1
E01,8762.31,2,0.789,788,0.217,1,1
E01,5844.38,2,0.638,3022,0.831,1,1
E02,1221.35,1,0.681,987,0.642,0,1
E02,3107.11,2,0.978,3006,0.113,1,0
E03,8584.53,1,0.322,2922,0.106,0,0
E01,3540.79,2,0.478,2520,0.695,1,1
E03,1117.79,1,0.537,968,0.76,0,1
E03,3090.48,2,0.988,3589,0.342,1,1
E01,8086.39,0,0.267,2194,0.202,1,1
E01,4985.45,0,0.289,2771,0.257,0,0
E02,1798.57,0,0.548,1236,0.419,1,0
E03,3195.06,2,0.335,2387,0.644,0,0
E03,9540.45,2,0.748,2363,0.226,0,0
E03,4376.38,0,0.489,2150,0.794,1,1
E02,4471.83,1,0.877,2130,0.284,1,0
E01,1615.39,1,0.799,2531,0.811,1,1
E02,3115.09,2,0.577,3591,0.919,0,0
E01,8165.39,0,0.876,3129,0.204,1,1
E03,7883.37,1,0.281,1120,0.913,1,0
E01,4411.44,0,0.665,3200,0.713,1,1
E01,8947.16,2,0.684,1259,0.884,1,1
E02,3864.56,2,0.397,896,0.376,0,0
E02,8656.86,2,0.24,716,0.862,0,0
E03,412.5,2,0.628,2533,0.498,1,0
E02,3537.58,2,0.611,1670,0.228,1,0
E99,8565.18,2,0.723,2980,0.987,0,0
E03,9022.96,1,0.37,3014,0.941,1,0
E99,7588.6,0,0.344,1938,0.167,1,1
E03,6731.67,2,0.982,760,0.479,0,0
E03,8173.5,0,0.291,403,0.977,0,1
E03,7104.83,1,1.0,3461,0.566,0,0
E02,2616.79,2,0.776,1106,0.517,1,0
E01,4715.75,2,0.703,48,0.234,1,1
E02,6640.98,2,0.472,1429,0.444,0,0
E01,5919.25,1,0.894,2898,0.518,1,1
E01,8862.47,2,0.928,329,0.721,1,1
E99,4791.06,0,0.778,2490,0.473,1,0
E01,1862.08,0,0.768,1497,0.647,0,1
E02,2224.36,1,0.595,3259,0.145,1,1
E03,8475.96,0,0.262,1616,0.768,1,0
E01,186.34,1,0.999,1879,0.053,1,1
E99,8704.39,1,0.212,1645,0.654,0,0
E01,650.32,0,0.596,2451,0.827,0,1
E99,3977.42,2,0.494,256,0.771,0,0
E03,8021.74,1,0.821,178,0.188,1,0
E01,4135.39,2,0.789,2096,0.844,1,1
E01,8241.25,0,0.702,1420,0.124,0,1
E01,1092.96,2,0.26,603,0.112,0,0
E02,5164.27,2,0.389,2774,0.823,0,0
E01,5866.49,0,0.275,2698,0.222,1,0
E99,8919.6,1,0.983,393,0.47,1,1
E01,1026.85,1,0.302,663,0.93,1,1
E03,3452.15,0,0.974,2816,0.246,0,0
E01,6627.55,2,0.29,1721,0.784,0,1
E99,9801.31,2,0.89,1110,0.599,1,1
E01,8497.92,2,0.66,1905,0.431,1,0
E02,8480.3,1,0.865,1271,0.482,1,0
E02,5220.11,2,0.707,337,0.436,0,1
E01,5686.56,2,0.815,2330,0.828,1,0
E03,8599.94,2,0.785,2507,0.815,0,1
E01,8709.29,1,0.408,282,0.401,0,0
E02,8042.52,2,0.948,898,0.705,0,0
E02,8203.86,0,0.715,2249,0.55,0,1
E03,8808.34,1,0.362,2726,0.753,0,0
E01,1226.44,0,0.445,3289,0.097,1,1
E01,2997.13,1,0.626,2174,0.366,0,0
E01,9763.52,2,0.905,338,0.366,0,1
E01,5493.28,0,0.837,1270,0.611,1,1
E01,1846.99,2,0.442,911,0.245,0,1
E99,5080.25,0,0.751,3555,0.55,0,0
E02,6493.26,2,0.201,50,0.971,1,0
E03,8299.4,2,0.466,1352,0.091,0,0
E02,8140.55,0,0.872,1865,0.523,0,0
E01,587.49,0,0.321,1078,0.18,0,0
E02,4589.9,2,0.483,2631,0.597,0,0
E01,303.63,1,0.201,473,0.276,0,1
E01,8892.75,1,0.219,3335,0.898,0,0
E02,1821.67,0,0.317,1441,0.349,1,0
E02,6286.26,2,0.281,1325,0.951,1,0
E99,5749.12,0,0.592,3323,0.054,0,1
E01,6292.74,0,0.92,536,0.832,1,1
E02,5677.82,1,0.268,1689,0.296,1,1
E01,7184.33,2,0.896,105,0.24,1,0
E01,6298.49,1,0.735,1842,0.881,1,1
E03,993.97,2,0.335,1170,0.336,1,0
E01,3731.0,1,0.432,2665,0.599,1,1
E02,5511.28,0,0.355,1844,0.743,0,1
E02,3319.45,0,0.831,2251,0.444,0,1
E01,7627.28,2,0.78,3242,0.145,0,1
E99,3247.19,1,0.444,3421,0.917,0,0
E02,8303.97,1,0.243,780,0.659,0,0
E03,1552.66,1,0.335,1807,0.889,0,0
E02,7716.99,0,0.704,2812,0.772,1,0
E99,1916.31,1,0.272,459,0.778,1,1
E01,5327.35,0,0.629,1731,0.604,0,1
E02,3273.19,2,0.69,2006,0.056,1,0
E03,6409.61,2,0.75,3123,0.88,1,0
E01,2206.13,2,0.3,318,0.831,0,0
E02,7974.56,0,0.568,3107,0.733,0,0
E99,5778.48,0,0.571,857,0.875,1,1
E02,9577.0,0,0.868,3087,0.223,0,0
E03,7146.53,2,0.575,2357,0.315,0,0
E03,6113.22,2,0.525,1445,0.198,0,0
E03,8308.67,2,0.299,482,0.658,0,0
E99,2274.86,1,0.756,1247,0.462,0,1
E02,6364.15,0,0.696,2664,0.146,1,1
E01,3965.0,2,0.774,747,0.591,0,0
E01,7463.53,1,0.725,2411,0.369,1,1
E03,342.25,1,0.9,823,0.511,1,1
E03,4334.35,0,0.902,293,0.296,0,0
E02,6551.85,1,0.446,2218,0.201,0,0
E01,4660.33,2,0.346,2925,0.474,1,0
E01,2455.92,2,0.941,3463,0.263,1,0
E02,4697.06,0,0.77,1807,0.431,0,1
E03,8512.47,0,0.977,2181,0.409,1,0
E01,2147.71,2,0.598,2453,0.934,1,1
E03,3735.0,0,0.97,1484,0.226,0,0
E03,9904.32,1,0.298,131,0.319,1,0
E99,9136.89,1,0.672,873,0.794,0,0
E01,436.29,1,0.597,1365,0.328,1,1
E99,5350.29,2,0.202,2347,0.501,1,0
E03,747.59,2,0.354,1098,0.766,1,0
E03,9246.66,1,0.323,760,0.054,1,0
E01,4471.29,0,0.249,3258,0.949,1,1
E02,4242.53,2,0.959,337,0.485,1,1
E03,2802.17,2,0.972,2837,0.764,1,1
E01,5731.31,2,0.913,337,0.916,0,1
E02,1535.49,1,0.991,1154,0.874,1,1
E02,8009.65,1,0.865,3061,0.257,0,0
E02,4962.98,0,0.946,3030,0.572,0,0
E01,5707.98,1,0.358,1376,0.436,1,1
E02,8423.97,1,0.406,64,0.55,0,1
E01,1932.97,0,0.89,3385,0.783,0,1
E99,1834.31,1,0.584,3199,0.383,1,0
E99,4265.94,1,0.774,1788,0.499,0,1
E01,7882.67,2,0.65,103,0.622,0,1
E01,679.6,0,0.445,2489,0.304,1,1
E01,7972.19,0,0.428,2819,0.62,1,1
E02,5057.49,1,0.799,2977,0.19,1,0
E99,5661.46,2,0.626,2631,0.634,0,0
E02,5687.42,0,0.488,3148,0.185,1,0
E01,656.06,2,0.694,1837,0.779,0,0
E01,2572.73,2,0.536,586,0.232,1,1
E01,7577.44,0,0.58,2482,0.657,0,1
E03,4181.45,1,0.742,780,0.596,1,0
E03,5649.12,0,0.566,2268,0.45,1,0
E02,9454.2,1,0.96,541,0.657,0,1
E01,558.09,2,0.588,142,0.846,1,1
E99,4551.84,1,0.969,1604,0.163,0,0
E01,3676.61,1,0.878,2131,0.686,0,0
E03,1153.85,0,0.913,558,0.436,0,0
E99,9512.86,1,0.811,2825,0.683,1,1
E02,9618.45,1,0.684,2343,0.873,1,0
E99,3183.73,2,0.626,2881,0.664,0,0
E01,9472.49,2,0.641,1306,0.2,1,1
E03,448.22,0,0.361,2373,0.441,0,0
E01,9810.87,1,0.372,3470,0.566,1,0
E02,8375.73,1,0.227,656,0.169,0,0
E01,2221.87,1,0.796,2939,0.655,1,1
E01,6035.52,1,0.3,2264,0.72,0,1
E01,8003.16,2,0.666,2607,0.767,0,0
E01,3261.06,0,0.31,2253,0.163,0,0
E02,3602.14,0,0.253,2479,0.713,0,1
E02,6326.83,0,0.627,2807,0.394,1,1
E01,1556.23,2,0.898,143,0.249,1,1
E99,1270.29,0,0.485,115,0.543,0,1
E99,2573.07,0,0.935,302,0.588,1,1
E01,7438.47,1,0.208,3346,0.479,0,0
E02,3729.33,2,0.573,1556,0.84,1,1
E03,5122.85,2,0.317,3568,0.196,0,1
E03,2034.96,2,0.453,3293,0.433,0,0
E02,2021.65,2,0.219,1242,0.301,1,0
E03,6539.47,2,0.228,339,0.096,0,0
E01,1172.91,2,0.77,3034,0.369,0,0
E01,6711.62,0,0.724,1513,0.725,0,0
E03,4066.95,1,0.367,1073,0.542,1,1
E03,6745.58,1,0.921,2858,0.444,1,1
E03,3879.12,1,0.75,1735,0.496,0,0
E01,8475.92,2,0.469,1151,0.344,0,1
E01,650.01,2,0.526,1427,0.165,1,0
E01,8943.64,1,0.434,3345,0.605,1,1
E01,2759.75,0,0.864,1089,0.816,1,1
E01,521.17,1,0.595,3364,0.792,1,1
E02,5667.8,0,0.308,2121,0.269,0,0
E02,2321.11,1,0.361,206,0.458,1,1
E03,4646.11,0,0.437,407,0.569,0,0
E02,8042.91,0,0.523,2219,0.804,0,0
E01,7936.31,0,0.674,493,0.235,0,1
E03,6043.82,1,0.971,524,0.174,0,0
E01,9780.93,0,0.41,1666,0.926,0,1
E99,4691.14,0,0.463,1588,0.187,0,1
E01,489.95,0,0.219,3388,0.98,1,1
E02,8212.31,1,0.498,3232,0.613,0,1
E99,2290.81,1,0.74,3347,0.519,1,0
E02,1844.76,1,0.97,265,0.228,0,1
E03,793.1,1,0.792,2893,0.859,0,0
E03,3346.21,0,0.294,3374,0.212,0,0
E01,3328.97,2,0.912,2202,0.427,1,0
E03,3097.44,0,0.871,3580,0.095,1,0
E99,5972.61,0,0.351,2890,0.071,0,0
E99,7540.27,2,0.947,2413,0.736,1,1
E02,9383.89,1,0.771,1461,0.245,1,1
E01,1031.1,1,0.826,1283,0.615,1,1
E03,1588.78,1,0.567,1422,0.73,1,0
E02,5939.44,1,0.361,904,0.512,0,0
E01,1071.54,2,0.839,2083,0.667,0,0
E01,3770.57,2,0.582,1557,0.277,1,0
E01,6283.07,0,0.974,1071,0.819,1,1
E02,7827.4,1,0.323,648,0.244,0,0
E01,2254.23,2,0.484,1858,0.605,1,1
E01,6713.06,1,0.788,73,0.836,1,1
E01,6494.11,1,0.658,1345,0.796,0,1
E99,8610.2,1,0.547,226,0.098,1,0
E01,3206.1,1,0.761,1208,0.395,0,0
E01,7525.91,0,0.787,2389,0.851,0,1
E02,7544.8,2,0.662,2296,0.85,1,0
E01,2468.03,1,0.455,75,0.648,0,0
E99,6249.46,1,0.695,2549,0.152,1,0
E99,6784.1,0,0.636,1085,0.43,0,0
E02,2816.84,2,0.838,1713,0.953,1,1
E02,4572.82,2,0.723,2435,0.15,0,0
E02,4414.2,2,0.597,131,0.803,1,0
E01,7757.74,1,0.215,630,0.443,0,0
E01,106.84,1,0.334,595,0.75,1,0
E01,5060.16,0,0.469,1196,0.101,0,0
E01,1924.97,0,0.681,58,0.06,0,0
E02,6503.74,1,0.834,114,0.333,1,0
E01,6835.65,0,0.968,1844,0.868,0,1
E01,5061.15,0,0.68,405,0.689,0,0
E02,5466.09,2,0.783,1568,0.625,0,1
E02,3219.08,1,0.697,814,0.988,0,1
E01,3201.89,2,0.544,3583,0.376,0,0
E01,7476.66,2,0.688,455,0.849,1,0
E01,1404.14,0,0.521,1729,0.153,1,0
E01,7737.88,2,0.563,1699,0.21,1,0
E03,6584.63,1,0.929,2659,0.499,1,0
E99,8856.3,2,0.651,457,0.952,0,0
E02,2675.43,0,0.28,3471,0.711,1,1
E02,5111.17,1,0.619,1099,0.156,1,1
E03,486.0,1,0.963,126,0.948,1,1
E03,9133.82,1,0.28,2605,0.77,0,0
E01,6786.38,1,0.977,1952,0.742,1,0
E01,6266.46,0,0.99,2354,0.568,1,1
E02,7353.62,0,0.649,3281,0.42,1,1
E02,2914.86,1,0.466,1379,0.153,1,0
E01,6078.22,1,0.207,3268,0.633,0,1
E01,8029.13,1,0.212,3351,0.17,0,0
E01,993.92,1,0.51,1972,0.605,0,0
E01,9592.29,0,0.826,2834,0.557,0,1
E02,8929.68,2,0.954,122,0.611,1,0
E03,9633.89,0,0.324,2186,0.827,1,0
E02,8102.65,2,0.59,290,0.437,0,0
E01,3013.68,0,0.601,1572,0.46,1,0
E01,5857.4,2,0.504,2699,0.106,0,0
E03,1289.61,0,0.632,217,0.32,1,1
E02,7566.25,2,0.94,1463,0.126,1,0
E01,1621.03,0,0.551,1486,0.183,0,1
E01,8681.56,1,0.31,858,0.451,1,1
E03,2481.51,1,0.732,1963,0.433,0,1
E03,1688.08,0,0.225,2909,0.93,1,0
E99,801.95,1,0.952,3567,0.162,1,0
E03,7142.51,0,0.952,3262,0.19,0,1
E02,1943.42,1,0.274,3425,0.756,0,0
E02,2056.91,1,0.641,733,0.071,0,0
E01,1780.0,0,0.838,404,0.662,0,1
E03,3127.37,2,0.572,658,0.753,1,0
E02,9417.99,1,0.583,3525,0.641,0,0
E01,4917.55,2,0.976,787,0.321,1,0
E99,2682.69,2,0.384,2716,0.147,0,0
E02,1786.87,0,0.621,1461,0.985,0,1
E01,287.12,0,0.292,2455,0.858,0,1
E01,3713.43,2,0.442,2711,0.737,1,0
E99,1189.61,0,0.881,3252,0.226,1,1
E99,367.42,0,0.773,313,0.455,1,1
E02,1119.5,1,0.69,1170,0.717,0,0
E99,3253.36,2,0.291,426,0.145,1,0
E99,7533.55,0,0.881,1438,0.95,0,1
E03,763.16,1,0.438,1314,0.948,1,0
E99,6818.87,1,0.628,3135,0.191,1,0
E02,6243.37,1,0.387,2532,0.235,0,0
E03,8831.7,1,0.617,375,0.392,1,0
E02,1921.47,0,0.65,1604,0.474,1,1
E03,7963.25,1,0.472,2553,0.464,1,0
E01,8662.17,0,0.605,2667,0.697,1,0
E03,9767.19,2,0.525,2915,0.492,1,0
E99,8104.64,0,0.758,809,0.223,1,0
E01,1325.31,2,0.635,3186,0.295,0,0
E99,9476.58,0,0.902,3252,0.437,0,0
E02,8168.42,1,0.24,789,0.538,1,0
E01,2202.02,0,0.221,2376,0.918,1,1
E01,1735.45,1,0.351,2445,0.14,1,0
E03,9370.5,2,0.295,3166,0.806,1,0
E02,1641.42,2,0.621,309,0.342,0,0
E01,7793.32,2,0.36,837,0.733,0,1
E03,4112.07,1,0.213,3099,0.293,1,0
E01,7265.67,1,0.426,129,0.412,1,1
E02,1009.33,2,0.607,1734,0.467,1,1
E99,7278.08,2,0.771,1057,0.756,0,0
E03,5167.92,2,0.551,2247,0.206,1,0
E03,9013.75,0,0.97,1704,0.376,1,0
E02,1965.14,0,0.36,3065,0.547,1,1
E99,1182.63,0,0.611,279,0.668,1,1
E01,2042.58,0,0.403,1822,0.122,1,0
E01,877.9,2,0.845,1867,0.139,1,0
E01,9803.49,0,0.35,1831,0.725,0,1
E02,1316.28,2,0.969,279,0.394,0,0
E03,2088.42,2,0.773,1673,0.206,1,0
E03,8115.89,1,0.645,3170,0.297,0,0
E01,2542.87,0,0.626,2162,0.612,0,0
E01,2300.7,0,0.49,393,0.946,1,1
E03,6755.87,2,0.217,2582,0.738,1,0
E99,4047.78,2,0.932,3343,0.799,1,0
E01,8371.24,1,0.836,2898,0.622,0,1
E01,6418.87,1,0.308,337,0.399,0,0
E01,2953.33,2,0.298,108,0.954,0,0
E02,6019.44,2,0.446,635,0.126,1,1
E01,8677.97,2,0.811,1253,0.81,1,0
E01,3708.38,0,0.603,3330,0.293,1,1
E03,7391.06,0,0.723,1557,0.621,0,0
E01,4216.75,1,0.205,3492,0.973,0,1
E02,5476.43,1,0.939,356,0.842,1,1
E01,7363.63,1,0.333,2741,0.849,1,1
E99,699.22,1,0.455,2706,0.824,0,0
E02,4604.0,2,0.958,3454,0.477,0,0
E01,1042.61,2,0.786,1882,0.419,1,1
E01,7277.55,2,0.609,2180,0.537,0,0
E03,6117.28,2,0.89,7,0.318,1,0
E99,3336.6,1,0.249,3173,0.499,0,0
E01,855.19,1,0.261,2273,0.169,1,0
E01,9265.44,1,0.324,2523,0.889,1,1
E01,3218.54,2,0.412,1221,0.742,0,0
E03,2826.23,2,0.767,280,0.108,0,0
E99,1099.95,1,0.626,2616,0.67,1,0
E02,5815.8,2,0.541,2638,0.763,0,0
E01,2729.97,0,0.826,647,0.86,0,1
E03,8444.25,1,0.454,2968,0.359,1,0
E03,6859.39,2,0.268,5,0.643,1,1
E01,138.76,2,0.517,2350,0.31,0,1
E01,5700.18,1,0.813,313,0.848,1,1
E02,2395.16,0,0.579,2707,0.873,1,0
E03,252.13,2,0.982,1585,0.122,0,1
E03,6231.73,2,0.885,1179,0.318,0,0
E03,2128.65,1,0.833,2693,0.147,0,0
E03,9006.39,2,0.819,2892,0.425,1,0
E01,5776.47,1,0.665,2174,0.055,0,1
E01,2170.93,1,0.921,2640,0.786,0,1
E01,9793.36,0,0.672,54,0.456,1,1
E99,5509.77,1,0.498,2957,0.552,1,0
E02,1738.17,1,0.357,2130,0.748,0,1
E01,5220.7,1,0.85,566,0.72,1,1
E01,9597.56,0,0.497,1736,0.346,0,1
E03,4299.68,1,0.833,2257,0.786,1,1
E03,4310.92,2,0.986,2867,0.652,0,1
E03,4665.15,2,0.519,1865,0.255,1,0
E01,2873.03,0,0.473,924,0.077,1,1
E99,1701.66,1,0.336,916,0.761,0,0
E03,5831.38,0,0.58,2588,0.206,1,0
E03,8952.58,2,0.723,3104,0.156,1,0
E03,7383.72,1,0.45,2274,0.445,0,0
E99,1052.26,2,0.589,2876,0.916,1,1
E99,4068.4,1,0.63,2243,0.725,0,0
E02,152.43,0,0.42,1769,0.8,1,1
E02,3148.61,1,0.219,1460,0.304,0,0
E02,6726.83,1,0.372,1761,0.835,0,1
E03,2973.32,2,0.843,47,0.44,1,1
E03,8421.53,2,0.422,2083,0.971,0,0
E01,4826.1,2,0.211,676,0.586,1,0
E01,6724.76,2,0.54,3240,0.62,0,0
E99,8850.27,1,0.746,3039,0.91,1,1
E99,6859.82,1,0.802,1779,0.941,1,0
E99,8983.53,1,0.531,2221,0.067,1,0
E02,8099.85,1,0.657,136,0.269,0,0
E03,5713.94,0,0.796,2081,0.627,0,0
E03,3042.61,2,0.911,3060,0.053,1,0
E01,3051.61,1,0.712,1892,0.348,0,1
E01,8765.78,1,0.753,3098,0.235,1,0
E99,633.45,2,0.279,277,0.542,1,0
E01,9420.22,1,0.536,3509,0.611,1,0
E02,3337.89,1,0.911,1252,0.228,1,1
E03,7414.82,1,0.329,98,0.554,1,0
E03,3367.29,2,0.448,2229,0.423,0,0
E01,9537.68,0,0.742,2212,0.982,0,1
E03,461.09,0,0.922,452,0.111,0,0
E01,3597.86,0,0.247,1249,0.84,0,0
E03,8687.86,2,0.896,3315,0.99,0,0
E01,2813.16,0,0.376,681,0.559,0,0
E03,2828.63,2,0.889,262,0.69,1,0
E03,8997.64,2,0.911,2958,0.17,1,0
E01,8322.76,2,0.82,2447,0.38,1,0
E01,1147.13,0,0.939,1796,0.221,1,1
E03,5843.78,1,0.969,1085,0.598,0,0
E01,2311.61,1,0.94,3136,0.936,1,1
E01,2229.87,0,0.611,3109,0.078,1,1
E02,6192.5,0,0.571,3,0.515,1,1
E99,1326.28,2,0.284,2976,0.73,1,0
E02,4750.81,1,0.373,1702,0.455,0,1
E02,2632.64,1,0.722,1200,0.557,0,1
E99,8553.83,2,0.302,1254,0.476,1,0
E02,5589.49,1,0.954,1664,0.612,0,0
E02,2229.58,2,0.382,2065,0.114,0,0
E02,9272.01,0,0.27,3452,0.564,0,0
E01,8246.68,0,0.388,91,0.531,0,0
E01,2726.39,0,0.239,2188,0.221,1,0
E03,9614.4,1,0.333,237,0.553,1,0
E01,2750.62,2,0.67,22,0.485,0,0
E03,2997.17,1,0.431,1091,0.608,1,0
E01,3921.04,0,0.841,2798,0.58,1,1
E02,1731.57,0,0.524,1244,0.43,0,0
E01,6901.46,1,0.771,1301,0.784,1,0
E02,5617.64,0,0.767,3249,0.386,1,0
E03,8955.18,0,0.309,993,0.496,1,0
E02,2484.66,0,0.245,2764,0.451,1,0
E01,1785.29,1,0.874,2995,0.507,1,0
E01,3650.37,2,0.761,2332,0.802,0,0
E03,1546.48,2,0.34,3483,0.717,0,0
E01,9466.9,0,0.744,3541,0.09,1,1
E03,7202.72,2,0.464,224,0.515,1,0
E01,7982.3,1,0.245,613,0.167,0,0
E01,7505.63,1,0.383,1405,0.736,1,1
E03,2503.91,2,0.805,2398,0.977,1,1
E02,1492.5,0,0.513,1007,0.632,0,1
E01,4351.39,1,0.636,2294,0.407,0,0
E99,8307.29,0,0.309,3232,0.118,0,0
E01,3372.1,1,0.274,23,0.363,1,0
E02,194.67,0,0.391,3123,0.544,0,0
E02,6634.6,0,0.578,1750,0.878,0,1
E02,2080.62,1,0.878,3244,0.532,1,1
E03,5474.07,0,0.811,2449,0.975,1,0
E01,247.31,2,0.328,154,0.397,0,0
E99,5137.61,0,0.257,3248,0.05,0,0
E03,3996.72,0,0.38,181,0.641,1,0
E99,8816.08,1,0.882,901,0.256,1,0
E03,7245.96,1,0.613,1985,0.279,1,1
E99,456.68,1,0.846,3254,0.066,0,0
E03,7916.27,2,0.496,601,0.55,0,0
E02,7933.15,1,0.672,1937,0.283,1,1
E02,6667.75,1,0.676,406,0.985,0,1
E03,9300.04,2,0.701,1223,0.836,0,0
E02,8052.21,1,0.576,938,0.728,0,1
E03,2267.1,0,0.391,1540,0.383,0,0
E01,3877.3,1,0.543,2554,0.117,0,1
E03,3564.24,2,0.98,2594,0.679,1,1
E01,5098.59,0,0.418,2418,0.071,1,1
E99,9541.76,2,0.78,99,0.465,0,0
E01,6194.42,1,0.956,2826,0.1,0,1
E01,3198.1,0,0.653,2328,0.576,1,1
E03,9421.03,1,0.591,226,0.576,0,1
E03,7032.69,1,0.297,3408,0.549,1,0
E03,2734.2,2,0.803,2759,0.722,0,0
E99,9074.48,0,0.929,2490,0.264,1,1
E01,3507.71,0,0.985,1766,0.278,0,1
E03,5210.49,0,0.361,2861,0.441,0,0
E02,4844.31,1,0.936,1127,0.711,1,1
E02,9243.95,2,0.496,2609,0.16,1,1
E02,2730.07,2,0.695,2197,0.883,0,0
E01,3399.74,1,0.379,2197,0.287,0,0
E02,6635.59,1,0.399,2878,0.17,1,0
E03,8877.5,1,0.695,624,0.613,1,0
E01,1237.35,0,0.588,374,0.309,1,1
E99,2177.85,1,0.972,1999,0.434,1,1
E02,9485.54,2,0.412,2906,0.107,1,0
E01,7795.24,1,0.902,913,0.487,1,1
E03,3526.09,0,0.568,2050,0.335,0,1
E01,3640.58,0,0.308,3445,0.21,1,0
E01,4748.39,2,0.391,2232,0.413,0,1
E03,6770.62,2,0.805,284,0.774,0,1
E01,5654.31,0,0.861,3164,0.768,0,1
E01,7783.59,1,0.232,3513,0.389,1,0
E03,636.25,2,0.528,2556,0.966,0,0
E01,8208.5,0,0.595,2198,0.168,0,1
E03,674.71,0,0.692,2101,0.853,1,1
E03,8821.64,1,0.72,2244,0.97,0,1
E01,528.22,1,0.864,1210,0.589,1,1
E02,1365.54,1,0.419,2321,0.107,0,0
E01,1883.83,2,0.29,1837,0.916,1,0
E03,2308.2,2,0.349,2851,0.461,1,0
E01,4077.44,1,0.949,3011,0.212,1,1
E99,6589.27,0,0.637,2555,0.888,1,1
E01,8936.77,0,0.375,3584,0.451,0,0
E03,5292.58,0,0.829,1615,0.519,0,0
E01,5371.65,0,0.67,2722,0.587,0,0
E01,3261.12,1,0.494,1234,0.902,0,1
E02,8026.74,0,0.215,2844,0.524,1,1
E02,1193.81,1,0.826,963,0.885,1,0
E99,3080.92,0,0.774,2518,0.21,0,0
E01,1060.12,2,0.41,52,0.63,0,0
E01,2220.39,1,0.412,2761,0.544,0,1
E02,5907.32,2,0.417,1046,0.356,0,0
E02,1347.01,1,0.736,876,0.25,1,0
E99,1096.12,0,0.435,1203,0.116,0,0
E99,8276.52,2,0.448,1526,0.296,0,1
E99,1271.16,0,0.501,462,0.69,1,1
E01,6119.73,2,0.984,2002,0.312,1,1
E02,3584.91,2,0.568,446,0.734,1,0
E03,8974.03,2,0.502,1978,0.873,0,0
E01,7104.75,1,0.576,1328,0.703,0,1
E03,688.36,1,0.775,2150,0.807,1,1
E01,8965.13,1,0.907,545,0.589,1,1
E01,4197.6,1,0.993,3504,0.94,0,0
E99,3052.45,2,0.589,54,0.767,0,0
E01,6760.54,1,0.568,3079,0.353,1,0
E99,7207.94,0,0.464,1267,0.73,1,0
E01,3102.18,1,0.823,2980,0.682,0,0
E01,3581.4,2,0.724,2147,0.756,0,1
E01,1647.67,0,0.491,2989,0.35,0,1
E01,5975.09,1,0.615,1998,0.529,1,0
E02,9573.4,2,0.365,2856,0.878,1,0
E01,4224.58,0,0.755,2360,0.967,1,1
E03,9962.44,2,0.402,2445,0.388,1,0
E99,1846.5,2,0.48,2057,0.508,0,0
E02,7981.38,0,0.254,924,0.361,0,0
E01,9288.27,2,0.376,3056,0.725,0,0
E02,6911.74,1,0.356,3080,0.086,0,1
E03,1182.33,0,0.788,2603,0.947,1,1
E02,3332.76,0,0.756,1007,0.566,1,0
E01,948.09,0,0.631,1467,0.305,1,1
E02,6057.31,1,0.51,2609,0.085,1,0
E02,9981.67,0,0.912,673,0.577,0,1
E01,3810.07,1,0.907,400,0.601,1,1
E01,1713.16,2,0.682,1450,0.704,0,1
E99,2759.54,2,0.726,1970,0.544,0,0
E01,5750.94,2,0.837,3217,0.535,0,0
E01,5732.72,1,0.778,1148,0.336,0,0
E01,2375.23,2,0.38,779,0.232,1,0
E02,7531.98,1,0.603,2536,0.286,1,1
E02,971.32,0,0.322,3150,0.402,0,0
E01,6268.1,2,0.848,3079,0.777,1,0
E02,4314.42,0,0.723,2277,0.161,0,1
E03,1359.03,2,0.983,56,0.655,0,0
E01,6380.41,1,0.309,2350,0.086,1,1
E99,6763.19,2,0.608,412,0.091,0,0
E01,4456.2,0,0.779,2835,0.307,0,0
E01,8000.13,1,0.894,3331,0.386,0,1
E99,5142.23,1,0.883,2199,0.228,1,1
E03,2928.97,1,0.362,862,0.883,1,0
E01,9540.65,1,0.986,1075,0.336,1,0
E03,9446.04,1,0.985,2631,0.49,1,0
E02,1046.65,2,0.975,2736,0.984,1,1
E01,9466.2,2,0.691,2925,0.289,1,1
E03,7777.28,0,0.866,366,0.632,0,1
E03,1155.78,2,0.261,2666,0.752,1,0
E01,5241.32,1,0.404,3457,0.305,1,1
E03,446.02,1,0.274,116,0.104,1,0
E02,5929.68,0,0.604,1552,0.794,0,1
E01,9338.56,2,0.972,2647,0.322,1,0
E99,3745.28,2,0.719,1905,0.352,1,0
E02,5135.39,0,0.569,3461,0.44,0,0
E02,2352.85,2,0.834,2434,0.087,0,0
E02,5455.37,0,0.64,1328,0.85,0,1
E02,8045.49,2,0.566,2239,0.862,1,1
E01,2231.06,0,0.703,2557,0.869,1,1
E99,5579.52,1,0.609,2813,0.222,1,1
E03,3610.97,0,0.713,996,0.968,1,1
E03,7503.93,2,0.842,3297,0.672,1,1
E02,7050.18,1,0.57,3590,0.607,0,0
E01,7018.02,2,0.532,777,0.729,0,1
E01,3840.25,1,0.647,750,0.761,0,1
E02,6032.87,0,0.924,1385,0.441,0,1
E01,6545.74,2,0.538,1100,0.599,1,0
E03,6840.06,0,0.878,671,0.6,1,0
E99,5795.04,1,0.694,605,0.057,0,0
E01,8681.37,0,0.21,2555,0.059,1,0
E01,2563.11,0,0.581,3438,0.492,1,1
E03,652.49,1,0.368,345,0.575,1,0
E01,9628.78,2,0.32,2057,0.715,1,0
E99,701.26,0,0.388,1007,0.758,0,0
E02,9039.26,0,0.77,889,0.601,1,0
E01,6161.62,2,0.702,2059,0.317,1,0
E01,9195.53,0,0.629,485,0.632,1,1
E99,5693.04,0,0.596,300,0.294,0,0
E01,8227.99,2,0.511,3149,0.819,0,0
E03,7240.77,1,0.909,1606,0.448,0,0
E01,5298.61,0,0.946,226,0.891,0,1
E01,3696.9,2,0.812,3155,0.17,1,0
E99,128.3,1,0.431,2316,0.713,0,0
E01,2583.96,2,0.931,2658,0.454,1,1
E01,9522.49,1,0.855,2196,0.17,0,1
E02,2827.07,1,0.299,1706,0.575,0,0
E99,7543.34,1,0.473,2778,0.249,1,0
E01,5134.13,1,0.462,1241,0.325,0,1
E01,3154.29,1,0.784,2454,0.479,1,1
E99,9911.83,0,0.619,3176,0.392,0,0
E03,565.05,2,0.414,3011,0.415,1,0
E99,5862.56,2,0.385,1996,0.423,1,0
E03,4669.03,1,0.566,137,0.066,1,1
E03,857.61,2,0.733,56,0.395,1,1
E02,2219.55,1,0.607,1549,0.42,1,0
E01,6973.0,2,0.409,2386,0.607,1,1
E03,1172.45,2,0.696,292,0.502,1,0
E03,8030.15,2,0.999,1479,0.212,1,1
E99,6288.1,0,0.341,1459,0.603,0,0
E02,1098.49,0,0.623,1652,0.083,0,1
E01,2939.46,1,0.501,2019,0.363,0,1
E02,1458.06,2,0.375,1005,0.633,1,1
E03,7996.25,0,0.9,2137,0.637,0,1
E02,5376.3,0,0.966,1630,0.22,0,0
E03,128.02,0,0.48,3329,0.369,1,0
E02,5474.75,1,0.478,1169,0.48,0,1
E01,4879.76,2,0.273,3318,0.437,1,0
E02,6466.46,1,0.694,3463,0.694,0,0
E03,444.96,2,0.221,1115,0.746,1,1
E99,450.72,0,0.597,1467,0.088,1,1
E02,3558.74,0,0.322,2516,0.751,0,0
E02,6916.53,2,0.738,1651,0.876,1,1
E02,6698.93,1,0.943,2566,0.909,1,1
E02,2854.81,0,0.271,933,0.103,1,1
E01,2239.07,0,0.822,3445,0.881,1,1
E99,6862.94,2,0.864,2513,0.204,0,0
E99,368.42,2,0.341,303,0.368,0,0
E02,5612.15,2,0.938,876,0.409,0,0
E02,4298.58,1,0.697,2222,0.331,1,0
E01,2466.96,2,0.628,1055,0.327,1,1
E02,5250.95,2,0.737,1466,0.209,1,1
E02,2249.96,1,0.43,2327,0.669,0,0
E03,5686.78,0,0.22,1251,0.596,0,1
E01,1574.84,2,0.554,3254,0.627,1,1
E03,4116.36,1,0.795,2223,0.54,1,1
E01,5153.22,1,0.935,1510,0.258,0,1
E03,413.84,2,0.544,1007,0.601,1,0
E03,6146.1,0,0.411,1065,0.665,0,1
E01,7528.12,2,0.305,130,0.099,0,0
E02,9565.13,0,0.948,311,0.978,1,1
E03,2110.95,0,0.385,2800,0.595,0,0
E03,2166.08,1,0.929,2767,0.65,0,0
E01,3117.83,1,0.347,313,0.586,0,1
E02,8918.56,0,0.215,1989,0.699,0,0
E01,4127.89,2,0.379,1182,0.667,1,0
E03,3087.76,1,0.594,2511,0.801,1,1
E03,7437.69,2,0.479,2142,0.202,0,0
E01,476.1,2,0.926,2878,0.204,1,0
E03,5533.26,1,0.636,2245,0.256,0,0
E03,4556.88,1,0.294,720,0.956,0,0
E03,6286.1,1,0.7,2398,0.386,1,0
E01,7337.89,2,0.511,3005,0.347,1,1
E01,3317.39,2,0.743,3580,0.266,0,0
E02,6400.53,0,0.829,2533,0.503,0,0
E01,5290.85,1,0.988,1445,0.901,0,1
E02,1426.28,0,0.661,1833,0.684,0,1
E01,8829.09,0,0.493,495,0.226,1,0
E01,7570.44,2,0.547,2293,0.837,1,0
E03,9224.38,1,0.522,497,0.939,1,0
E01,7232.01,2,0.56,937,0.72,0,0
E03,2523.58,2,0.224,1837,0.608,1,1
E01,4362.21,0,0.398,1723,0.681,1,1
E02,3930.0,1,0.99,1382,0.742,0,1
E02,454.64,0,0.942,2330,0.858,0,1
E03,4164.43,0,0.239,3287,0.669,0,0
E03,3521.14,0,0.984,3322,0.55,1,0
E02,138.85,1,0.834,1839,0.222,1,1
E03,8486.52,0,0.202,1986,0.402,1,0
E01,1524.36,1,0.931,1627,0.13,1,1
E02,5059.43,0,0.968,3229,0.735,1,1
E01,7868.31,2,0.703,3104,0.983,1,1
E02,6084.37,2,0.831,196,0.14,1,1
E01,1776.58,1,0.466,2866,0.464,0,1
E99,6220.29,0,0.658,108,0.708,1,0
E02,7600.21,2,0.785,2570,0.078,1,1
E02,8562.17,1,0.649,1219,0.463,1,0
E02,3254.67,1,0.444,1898,0.797,1,1
E01,435.82,0,0.719,2818,0.326,0,0
E01,6118.69,0,0.871,845,0.67,1,1
E99,2335.11,1,0.869,479,0.621,1,0
E03,7830.86,1,0.306,2043,0.708,0,1
E01,6830.83,2,0.556,3016,0.276,1,0
E03,7754.55,0,0.231,417,0.208,0,1
E02,9678.56,0,0.706,1395,0.066,0,1
E01,5887.02,2,0.394,1932,0.502,0,0
E02,9052.7,2,0.944,819,0.226,0,0
E01,6454.74,2,0.695,3065,0.662,1,1
E01,1899.27,0,0.52,2154,0.566,0,0
E03,8013.15,0,0.785,1854,0.834,1,1
E01,6967.62,2,0.366,500,0.804,0,0
E99,9781.6,1,0.273,247,0.39,0,0
E03,2509.98,1,0.27,596,0.328,0,0
E03,3397.94,2,0.666,113,0.127,1,1
E03,8232.76,0,0.911,1925,0.761,1,1
E99,722.61,0,0.378,3097,0.516,1,0
E02,6368.68,2,0.808,2729,0.366,1,0
E02,5401.21,2,0.23,808,0.711,0,0
E02,1771.34,1,0.483,706,0.308,0,1
E99,1734.7,0,0.723,1892,0.499,1,1
E01,8120.96,0,0.861,2799,0.46,1,1
E02,252.91,0,0.955,2796,0.304,0,1
E03,7493.73,1,0.706,1879,0.793,1,0
E02,7353.41,1,0.57,912,0.715,1,1
E99,6531.83,1,0.249,1739,0.538,0,0
E02,4154.22,0,0.421,2655,0.7,1,0
E01,380.37,2,0.938,3166,0.134,1,0
E02,8037.59,2,0.666,271,0.454,1,1
E02,1344.5,0,0.474,2787,0.614,0,0
E01,2879.8,2,0.399,2695,0.42,0,0
E01,9473.15,1,0.291,768,0.721,1,1
E01,3088.42,2,0.801,231,0.541,0,1
E03,2625.88,0,0.53,1112,0.41,1,0
E99,9736.37,2,0.949,998,0.44,0,0
E02,950.73,2,0.564,408,0.723,0,0
E01,1690.83,2,0.855,924,0.112,0,1
E02,4439.34,2,0.304,704,0.838,1,1
E99,7897.96,2,0.321,3209,0.104,1,1
E03,8855.15,2,0.419,310,0.175,1,0
E01,7580.79,2,0.353,1924,0.812,1,0
E01,9764.13,1,0.981,1175,0.402,0,1
E99,266.78,2,0.847,3035,0.482,0,0
E99,6233.11,2,0.479,1708,0.4,1,0
E01,1251.83,1,0.616,2096,0.137,1,0
E03,9112.59,1,0.627,1426,0.622,0,0
E01,9359.54,1,0.686,2905,0.698,0,0
E01,3099.98,1,0.283,2404,0.229,0,0
E03,8294.31,1,0.479,1985,0.757,0,0
E02,6339.73,0,0.269,1427,0.144,1,0
E02,1094.84,1,0.935,1620,0.778,0,1
E99,6067.4,2,0.523,910,0.709,1,0
E03,9762.96,0,0.782,2369,0.907,1,1
E01,3150.13,2,0.937,1063,0.815,1,1
E03,111.29,1,0.448,1031,0.844,0,1
E03,9770.24,0,0.27,1679,0.95,0,1
E02,4198.44,1,0.469,3307,0.844,0,1
E99,4366.23,2,0.737,1582,0.799,1,0
E03,7154.86,0,0.6,3269,0.234,0,0
E01,6083.42,2,0.26,1896,0.76,1,1
E01,3089.67,2,0.256,262,0.645,0,0
E03,1089.78,0,0.76,2102,0.954,1,0
E99,8290.89,2,0.789,3300,0.727,0,1
E01,4885.43,1,0.288,3176,0.294,0,0
E01,6757.5,1,0.836,655,0.204,0,1
E03,8619.0,0,0.476,965,0.314,1,0
E01,275.45,2,0.255,2452,0.501,1,0
E01,8607.91,0,0.467,1573,0.663,1,1
E99,7542.77,2,0.784,2963,0.252,0,0
E03,9473.54,1,0.725,1874,0.269,1,0
E99,2412.55,2,0.585,869,0.334,0,0
E03,3291.98,0,0.424,1195,0.809,1,1
E01,6648.64,0,0.534,406,0.393,1,0
E99,9265.35,1,0.505,1030,0.124,0,0
E01,9927.43,1,0.512,2722,0.562,0,0
E01,4225.7,1,0.592,800,0.056,1,1
E99,5438.37,1,0.564,1593,0.683,0,0
E03,1788.45,0,0.282,648,0.842,1,0
E99,6970.36,2,0.432,1752,0.206,1,0
E01,8389.97,1,0.303,3476,0.844,1,1
E99,8006.63,1,0.682,2742,0.688,0,0
E03,3523.85,2,0.538,2751,0.143,1,0
E03,9636.31,2,0.738,914,0.264,1,1
E99,1291.43,0,0.27,1107,0.264,1,1
E02,4990.3,2,0.476,350,0.243,1,1
E03,5590.51,0,0.344,3316,0.364,0,0
E03,5411.49,2,0.274,3447,0.903,1,0
E03,7603.12,2,0.819,1221,0.261,1,0
E99,6135.11,1,0.305,2519,0.921,0,0
E03,863.58,0,0.34,760,0.567,0,1
E01,1880.53,2,0.493,2348,0.536,1,1
E01,5369.17,1,0.434,343,0.683,1,1
E99,6976.02,2,0.936,1199,0.807,1,0
E99,5190.33,0,0.991,1416,0.95,1,1
E99,3619.53,1,0.538,3584,0.053,1,0
E01,606.23,0,0.361,1682,0.424,0,0
E02,7880.22,2,0.598,801,0.218,0,0
E03,5022.22,1,0.597,170,0.193,1,0
E03,5434.01,0,0.573,641,0.188,1,0
E01,4742.69,1,0.216,872,0.717,0,1
E03,2726.92,0,0.303,1146,0.098,1,0
E01,2836.1,1,0.313,491,0.837,0,0
E02,728.66,2,0.481,2660,0.757,0,0
E01,7105.23,1,0.665,1393,0.435,0,1
E01,2791.54,1,0.902,854,0.45,0,0
E01,3055.76,0,0.379,1893,0.688,1,0
E99,9935.65,1,0.817,1126,0.06,1,1
E03,3919.54,2,0.381,2462,0.414,0,0
E99,5155.9,2,0.226,1907,0.219,1,0
E02,3926.08,2,0.72,3356,0.22,0,0
E02,2972.89,1,0.372,2340,0.568,1,1
E02,157.92,0,0.936,1321,0.281,1,1
E03,8563.37,0,0.947,538,0.403,1,0
E02,4784.22,0,0.284,366,0.724,1,1
E03,7226.91,0,0.356,2357,0.633,0,1
E03,9590.7,2,0.368,119,0.36,1,0
E99,128.03,1,0.929,1372,0.097,0,0
E01,6782.89,2,0.262,74,0.075,1,1
E02,1274.54,0,0.801,1246,0.508,1,1
E01,4633.85,2,0.43,3180,0.446,1,0
E01,8483.14,0,0.666,285,0.799,1,1
E03,807.81,2,0.342,3508,0.127,0,0
E02,9897.17,2,0.845,3506,0.849,1,0
E03,5850.27,0,0.737,3109,0.25,0,0
E01,4010.44,0,0.217,2495,0.38,0,1
E99,293.15,1,0.39,643,0.858,0,0
E99,5909.55,1,0.573,360,0.837,1,0
E02,4999.42,1,0.625,3309,0.534,0,1
E99,2231.64,0,0.862,1319,0.127,1,0
E01,4955.43,1,0.51,1619,0.605,0,0
E03,226.61,1,0.941,289,0.766,0,1
E99,9994.83,1,0.355,216,0.297,1,0
E03,3387.93,1,0.886,1949,0.222,1,0
E03,4854.2,1,0.923,1460,0.517,1,0
E02,7869.3,1,0.701,2520,0.754,0,1
E03,7156.51,1,0.974,3003,0.525,1,1
E03,8896.73,1,0.528,204,0.275,0,0
E01,9419.12,0,0.759,3493,0.867,0,1
E01,1972.86,0,0.208,3319,0.87,1,1
E03,3964.96,1,0.42,2064,0.669,0,1
E03,6899.49,0,0.653,1347,0.12,0,0
E02,545.74,0,0.901,600,0.268,1,1
E99,7197.75,0,0.962,846,0.632,1,1
E03,148.35,1,0.664,2524,0.784,1,1
E02,9149.48,1,0.885,468,0.496,1,1
E02,7209.88,0,0.839,3475,0.336,0,1
E03,5698.44,0,0.819,525,0.881,0,0
E03,4346.12,1,0.289,2716,0.408,0,0
E02,9881.45,0,0.583,3059,0.911,1,0
E02,7391.47,2,0.589,1065,0.55,0,0
E03,8092.2,0,0.83,1728,0.627,0,0
E03,8271.31,1,0.669,2076,0.167,1,0
E03,316.56,2,0.856,2874,0.302,0,0
E01,641.38,0,0.965,185,0.966,0,1
E03,2063.81,1,0.644,818,0.726,0,1
E02,6586.65,1,0.833,540,0.498,0,1
E01,6277.1,1,0.648,1145,0.54,1,1
E03,3319.12,2,0.701,2423,0.133,0,0
E03,9732.69,1,0.581,1486,0.786,0,1
E02,1021.76,1,0.968,1772,0.117,1,1
E03,7789.53,1,0.854,1636,0.414,0,1
E01,4860.68,1,0.802,20,0.436,0,0
E01,4246.46,0,0.464,352,0.617,1,1
E02,353.09,2,0.588,818,0.441,1,0
E02,7305.22,1,0.89,162,0.953,1,1
E03,7738.6,0,0.949,2960,0.8,0,1
E03,3257.68,1,0.998,3585,0.952,1,0
E03,5217.93,0,0.788,1745,0.538,1,1
E01,6103.78,1,0.785,2399,0.334,0,1
E02,3739.69,0,0.275,203,0.972,0,1
E01,6194.26,0,0.801,198,0.126,1,1
E03,4397.86,0,0.477,2178,0.921,0,0
E01,8792.89,2,0.892,2781,0.14,1,0
E02,7213.28,0,0.209,3345,0.808,0,1
E03,1193.95,2,0.948,1300,0.783,0,1
E03,8016.07,1,0.587,1507,0.67,0,0
E01,3441.31,0,0.302,2867,0.786,0,1
E01,9362.13,2,0.681,507,0.133,1,0
E03,6073.38,2,0.754,3419,0.401,0,0
E02,373.02,0,0.824,1072,0.366,0,1
E01,7370.19,0,0.761,96,0.973,1,1
E99,1394.27,2,0.643,2845,0.494,0,0
E02,8784.95,0,0.266,3471,0.097,1,0
E02,9488.47,2,0.89,1734,0.294,0,0
E01,6983.03,0,0.987,597,0.843,0,1
E02,5375.44,2,0.822,545,0.888,0,1
E01,6060.42,2,0.228,1070,0.922,0,0
E01,4345.67,0,0.805,1922,0.185,1,0
E02,927.47,0,0.416,2257,0.697,1,1
E02,9295.55,0,0.97,2513,0.428,1,1
E99,3358.95,2,0.251,2577,0.741,1,0
E99,3197.19,1,0.274,867,0.825,0,0
E01,1994.12,1,0.345,613,0.296,1,0
E01,9924.84,1,0.803,3425,0.52,1,0
E03,9431.39,1,0.721,493,0.358,0,0
E99,3559.38,0,0.782,1835,0.479,0,0
E99,2674.05,1,0.483,1032,0.323,1,0
E01,8073.16,1,0.904,2632,0.369,1,1
E01,4283.84,0,0.557,1172,0.306,0,0
E01,9681.1,1,0.307,362,0.331,1,0
E03,9022.05,2,0.814,1146,0.593,0,0
E02,7618.57,1,0.624,362,0.614,1,0
E02,990.25,1,0.675,617,0.915,1,1
E02,7051.06,2,0.508,1702,0.417,1,0
E01,9873.82,1,0.769,3494,0.668,0,1
E03,3795.6,2,0.228,732,0.958,0,1
E01,8827.53,0,0.593,2873,0.488,1,0
E03,4140.6,2,0.542,1874,0.782,1,1
E03,9716.11,2,0.797,3528,0.962,0,0
E03,6570.55,2,0.413,1874,0.792,1,0
E01,1055.35,2,0.387,374,0.126,1,1
E03,4842.55,1,0.456,1477,0.232,0,1
E03,592.31,1,0.584,273,0.327,0,0
E01,4011.25,1,0.368,799,0.695,0,0
E01,9162.27,1,0.747,1929,0.681,0,1
E03,2398.8,2,0.465,3240,0.179,0,0
E01,9510.62,1,0.537,2212,0.472,0,0
E01,1089.24,2,0.646,1313,0.447,1,1
E01,6681.63,1,0.502,2286,0.698,1,1
E01,9660.29,1,0.761,880,0.295,1,0
E02,6576.12,0,0.725,336,0.274,1,1
E03,9000.14,2,0.805,2641,0.611,1,0
E01,9911.2,2,0.618,3037,0.128,1,1
E03,6454.25,0,0.494,2204,0.679,0,0
E01,7844.41,0,0.361,1763,0.463,1,0
E01,416.65,2,0.55,1649,0.554,0,0
E01,4330.37,0,0.898,1325,0.804,1,1
E03,2953.83,1,0.297,3491,0.22,1,0
E99,8259.43,0,0.372,1816,0.247,0,1
E02,6808.02,2,0.732,3138,0.897,0,0
E01,6182.7,0,0.66,146,0.747,0,1
E01,9322.43,1,0.933,1269,0.297,0,1
E01,979.79,1,0.223,775,0.727,1,0
E03,9543.03,1,0.903,420,0.48,0,0
E01,1097.57,2,0.78,3594,0.63,1,1
E99,3535.47,1,0.82,188,0.789,0,1
E02,6339.71,1,0.503,1989,0.092,0,0
E02,3480.61,0,0.446,783,0.625,1,1
E03,6857.11,1,0.212,283,0.368,0,0
E01,7776.64,0,0.83,3537,0.535,0,1
E03,8302.21,1,0.329,1054,0.392,1,0
E01,1875.5,2,0.381,1266,0.935,1,1
E03,1902.56,1,0.421,666,0.611,0,0
E02,617.91,0,0.896,2471,0.846,0,1
E01,4959.43,2,0.43,3328,0.291,0,0
E03,1461.58,2,0.541,1221,0.393,1,0
E01,3254.11,2,0.798,2902,0.79,1,1
E01,8420.3,0,0.914,1473,0.27,1,1
E03,9491.72,2,0.833,1969,0.99,1,1
E02,8238.55,1,0.628,2881,0.67,0,0
E99,106.42,2,0.202,3426,0.893,0,0
E03,5723.44,2,0.326,2192,0.148,0,0
E03,1749.94,2,0.403,1342,0.439,1,0
E01,3819.89,0,0.531,1688,0.366,1,1
E01,4336.4,1,0.49,3114,0.963,0,0
E99,9435.11,2,0.612,1272,0.186,1,0
E01,6374.01,1,0.53,1683,0.753,0,1
E02,2749.79,2,0.781,2791,0.643,1,0
E01,6463.67,2,0.242,3055,0.85,1,1
E01,9523.47,0,0.996,1608,0.969,0,1
E02,685.68,0,0.874,3242,0.808,1,1
E03,8178.28,1,0.468,3104,0.287,1,0
E03,2247.29,1,0.517,1667,0.834,1,1
E99,1615.77,1,0.971,999,0.545,1,1
E01,8998.78,2,0.949,641,0.664,0,1
E02,118.31,0,0.515,435,0.314,1,1
E01,7436.75,1,0.248,693,0.817,0,0
E03,963.56,0,0.99,248,0.468,1,1
E01,6218.15,0,0.723,1040,0.81,0,1
E02,6246.88,1,0.754,3569,0.452,1,0
E01,8641.48,1,0.42,803,0.63,0,1
E03,8243.8,1,0.855,1385,0.147,0,0
E03,6883.13,0,0.646,1398,0.137,0,0
E99,3867.42,2,0.576,1871,0.946,1,0
E01,1747.42,1,0.793,1824,0.733,0,0
E99,6393.26,1,0.498,2092,0.212,0,0
E01,5020.0,1,0.544,314,0.612,0,0
E01,871.63,1,0.722,1156,0.784,0,1
E01,9560.06,1,0.712,3274,0.613,1,1
E01,3212.75,0,0.977,3513,0.472,0,1
E02,121.19,1,0.65,9,0.835,0,1
E01,9026.73,1,0.457,2269,0.098,1,0
E02,5812.8,0,0.43,498,0.645,0,1
E03,7357.3,2,0.627,1928,0.495,0,0
E03,1611.4,1,0.296,31,0.659,0,1
E03,4105.6,0,0.67,2722,0.323,0,1
E02,6486.11,0,0.512,3551,0.203,1,0
E01,2584.55,0,0.482,444,0.966,0,1
E03,7044.84,1,0.354,1478,0.862,0,0
E01,2412.79,2,0.596,699,0.904,0,1
E01,2170.37,1,0.23,706,0.773,0,1
E01,215.08,1,0.686,2854,0.111,1,0
E03,2890.88,0,0.428,428,0.64,0,0
E02,2542.69,0,0.924,447,0.409,1,1
E03,7667.13,2,0.621,1334,0.364,0,0
E01,5740.13,0,0.824,1113,0.284,0,1
E02,1860.46,1,0.881,3513,0.22,1,1
E02,5724.46,1,0.903,1420,0.181,0,1
E01,2331.89,0,0.897,1975,0.164,0,1
E02,4312.47,2,0.38,372,0.719,0,0
E03,8893.26,1,0.443,1275,0.925,1,0
E02,7220.64,1,0.766,742,0.407,1,1
E01,6545.89,0,0.63,1312,0.15,1,1
E03,2886.69,2,0.687,1093,0.258,1,0
E01,1333.36,0,0.742,423,0.752,1,1
E01,7554.19,0,0.291,1997,0.378,0,1
E01,5722.11,2,0.335,1861,0.673,1,1
E02,6265.33,1,0.71,1867,0.243,0,0
E01,9753.62,2,0.7,1527,0.761,0,0
E03,3548.38,0,0.854,1890,0.666,0,0
E01,8027.4,2,0.755,2624,0.259,0,0
E03,5633.67,2,0.366,941,0.926,1,0
E01,2429.07,1,0.256,691,0.541,0,0
E03,623.59,0,0.513,2439,0.257,0,0
E03,6198.51,2,0.497,495,0.583,0,0
E02,3046.4,0,0.814,1265,0.44,0,0
E01,6985.24,2,0.737,2093,0.912,0,0
E02,7037.2,0,0.898,2104,0.341,1,0
E99,4609.06,0,0.603,2671,0.883,0,1
E99,5410.33,0,0.431,1698,0.748,1,0
E01,6302.81,0,0.603,1791,0.689,0,1
E03,4739.19,2,0.372,160,0.223,1,0
E01,8785.97,1,0.248,2844,0.131,1,1
E01,851.75,0,0.6,853,0.863,0,1
E03,9800.2,1,0.531,3028,0.586,0,0
E02,431.16,2,0.226,2320,0.957,1,0
E02,2160.15,1,0.777,3299,0.535,0,1
E03,7112.25,2,0.715,3150,0.606,1,0
E01,941.11,0,0.259,1362,0.987,1,0
E03,2695.51,1,0.768,1418,0.723,0,0
E02,1624.37,2,0.266,3255,0.388,1,1
E01,7263.36,2,0.614,3179,0.828,1,1
E02,5831.44,0,0.698,2552,0.328,0,1
E99,738.34,1,0.599,3324,0.544,1,0
E02,4655.33,2,0.798,2250,0.274,1,1
E01,2164.18,0,0.508,89,0.985,1,1
E03,9680.22,1,0.37,1994,0.928,0,0
E99,1168.39,1,0.589,1332,0.871,1,0
E99,6020.75,0,0.474,71,0.427,1,1
E02,4870.29,2,0.321,2001,0.735,1,0
E02,5823.04,2,0.577,2017,0.295,1,0
E02,9569.28,1,0.361,2635,0.417,0,0
E03,3478.69,1,0.576,2804,0.806,0,0
E99,7512.79,0,0.674,1161,0.103,0,0
E03,4529.92,2,0.826,3558,0.097,1,1
E02,6641.54,2,0.883,1590,0.671,1,1
E01,3720.01,2,0.735,1559,0.778,0,0
E02,2348.51,1,0.915,651,0.411,0,1
E01,927.8,0,0.646,3564,0.684,0,1
E01,1107.34,0,0.768,1419,0.899,0,1
E02,9598.36,0,0.816,616,0.144,0,1
E03,7905.72,0,0.86,3047,0.831,1,1
E99,2525.1,0,0.801,3449,0.597,1,0
E03,5338.56,1,0.922,771,0.447,1,1
E99,7170.9,0,0.578,2123,0.099,1,0
E03,3590.13,0,0.963,3258,0.411,0,0
E03,4455.88,2,0.52,2385,0.796,0,1
E01,7211.98,1,0.256,1572,0.559,0,0
E03,2351.8,2,0.346,2065,0.216,1,0
E01,5310.81,0,0.647,366,0.268,0,0
E01,2179.87,1,0.212,3538,0.847,1,0
E01,130.47,1,0.326,1847,0.457,0,0
E03,6933.61,2,0.499,160,0.14,0,0
E03,7101.92,1,0.699,1217,0.965,0,1
E99,9957.65,2,0.332,1478,0.288,1,0
E99,1892.05,2,0.66,3580,0.799,0,1
E99,7421.85,0,0.731,3150,0.062,1,0
E01,9484.88,0,0.811,1094,0.291,1,1
E99,6481.35,0,0.728,602,0.367,1,1
E03,9635.09,2,0.4,154,0.858,1,1
E99,9944.97,2,0.998,2050,0.753,0,0
E01,8036.08,1,0.911,1604,0.34,0,1
E01,9992.93,2,0.499,1885,0.79,1,0
E99,6295.66,2,0.223,982,0.811,0,0
E01,5020.85,0,0.623,2906,0.531,1,1
E02,9184.6,2,0.892,1860,0.527,1,1
E02,8326.46,1,0.858,3305,0.529,0,1
E01,1190.11,1,0.918,863,0.207,0,1
E01,3096.95,0,0.976,932,0.814,0,1
E99,2680.39,2,0.77,2110,0.722,1,0
E99,8567.09,1,0.33,2495,0.848,1,1
E99,2409.13,0,0.229,1063,0.817,1,0
E01,3110.04,1,0.321,1972,0.788,0,1
E01,5236.01,0,0.361,1840,0.784,0,0
E02,853.58,0,0.249,2386,0.938,1,1
E02,9616.17,1,0.563,2291,0.619,0,0
E01,4961.52,2,0.827,722,0.828,0,1
E03,1985.29,0,0.203,410,0.803,0,0
E99,2781.13,1,0.843,982,0.304,0,0
E02,8001.03,0,0.94,455,0.582,1,1
E02,6376.66,2,0.322,1979,0.736,1,0
E02,4699.8,2,0.217,1844,0.147,0,0
E01,3382.85,1,0.583,11,0.549,0,1
E01,9016.78,2,0.895,2969,0.053,0,0
E02,7748.39,1,0.789,2579,0.276,0,0
E02,7209.31,1,0.228,1679,0.507,1,0
E02,4515.4,0,0.739,582,0.339,0,0
E03,9813.49,2,0.854,580,0.775,1,0
E01,7129.7,0,0.417,3352,0.649,1,1
E01,4293.88,2,0.723,850,0.301,1,1
E01,9609.47,2,0.595,3098,0.066,0,1
E01,8967.68,2,0.365,2388,0.289,1,1
E02,7425.66,1,0.921,2244,0.538,1,1
E03,7693.26,1,0.378,3009,0.766,1,0
E99,4293.91,0,0.872,3207,0.617,1,1
E03,5122.77,0,0.761,974,0.102,1,0
E02,1996.32,2,0.377,3554,0.489,1,1
E01,5994.42,0,0.769,462,0.952,1,1
E02,3762.17,2,0.221,2790,0.9,0,1
E01,3539.64,2,0.389,1390,0.748,1,1
E99,9487.46,0,0.428,2256,0.317,0,0
E02,1731.36,2,0.911,3006,0.071,1,1
E01,8316.74,0,0.932,1617,0.479,1,1
E01,2886.54,0,0.417,294,0.402,1,1
E01,383.69,1,0.58,2929,0.685,0,1
E99,500.58,0,0.985,474,0.116,1,0
E01,4348.86,0,0.733,2536,0.918,1,1
E01,4599.16,1,0.256,1584,0.742,1,1
E01,3270.49,2,0.513,1702,0.963,1,1
E03,6720.92,0,0.537,944,0.863,1,1
E02,4904.89,1,0.445,1800,0.454,1,0
E03,833.72,1,0.616,674,0.673,0,0
E02,3545.9,0,0.789,824,0.845,1,1
E01,1109.43,0,0.753,1704,0.242,0,1
E99,722.87,1,0.481,2839,0.059,1,1
E01,2162.24,2,0.789,1849,0.339,0,1
E01,7035.7,0,0.627,3162,0.461,0,1
E02,6990.42,1,0.816,988,0.637,0,1
E01,8627.75,1,0.291,60,0.298,0,0
E01,7588.55,2,0.524,1109,0.466,0,0
E03,5401.41,0,0.516,403,0.66,1,1
E02,3194.86,2,0.481,1883,0.825,1,0
E01,157.53,2,0.758,3568,0.263,1,0
E01,6506.66,1,0.646,1759,0.802,0,1
E03,2968.16,2,0.509,642,0.933,0,0
E01,2575.99,0,0.629,2101,0.435,0,1
E01,9750.77,2,0.764,2651,0.569,0,0
E03,1824.98,0,0.74,3134,0.059,0,0
E03,421.1,0,0.809,1731,0.718,1,1
E99,9498.96,1,0.881,1528,0.87,0,1
E02,3129.47,1,0.792,1877,0.069,0,1
E01,3994.86,1,0.344,770,0.843,1,0
E02,901.26,2,0.877,391,0.19,0,0
E03,4100.25,1,0.466,2778,0.842,0,1
E01,9724.99,1,0.733,497,0.559,0,1
E02,6970.8,2,0.993,2480,0.398,0,1
E01,4790.87,1,0.436,2080,0.935,0,1
E03,3143.97,2,0.416,1697,0.626,1,0
E03,3723.84,2,0.346,1360,0.086,0,0
E02,6151.16,1,0.987,3541,0.77,1,1
E99,2619.06,2,0.542,2871,0.221,0,0
E99,1604.28,2,0.827,590,0.918,0,0
E01,6992.66,2,0.239,3499,0.206,0,0
E02,8707.75,1,0.344,467,0.508,1,1
E03,9025.24,1,0.251,2924,0.541,1,0
E01,8430.04,0,0.853,1536,0.58,1,1
E02,5352.94,1,0.285,1461,0.551,1,0
E01,7909.43,1,0.939,1815,0.463,0,1
E99,9270.92,1,0.731,1736,0.72,0,0
E02,331.29,0,0.928,454,0.196,0,1
E03,4179.77,1,0.527,564,0.79,0,0
E02,2120.84,1,0.621,2648,0.085,0,0
E01,9968.01,0,0.222,2504,0.842,0,1
E99,9302.7,1,0.573,1415,0.755,1,1
E01,8041.64,2,0.673,1611,0.798,1,1
E01,3029.21,0,0.28,1380,0.329,0,0
E02,9525.81,1,0.985,3086,0.849,0,1
E03,389.58,0,0.204,250,0.7,1,0
E01,1961.59,1,0.414,2347,0.96,1,1
E01,6207.05,1,0.692,1109,0.069,0,1
E01,7950.77,2,0.598,614,0.793,1,1
E01,8847.95,2,0.391,566,0.636,0,0
E01,3075.04,2,0.989,1480,0.98,1,1
E02,3968.97,0,0.351,523,0.466,1,0
E01,4602.79,0,0.655,2437,0.313,0,1
E01,367.04,1,0.293,1181,0.877,0,0
E03,8653.3,1,0.245,3088,0.356,1,0
E03,3445.69,0,0.59,525,0.711,0,0
E01,2072.86,1,0.844,1263,0.362,0,0
E01,4151.05,0,0.625,1377,0.939,1,1
E01,7134.58,0,0.435,2410,0.545,1,1
E99,8722.06,1,0.213,1066,0.351,1,0
E01,2232.23,0,0.952,625,0.823,1,1
E01,1808.87,0,0.37,1461,0.109,0,0
E02,9443.45,1,0.66,3257,0.138,1,1
E01,5553.84,2,0.212,2931,0.837,0,0
E01,3721.14,2,0.278,2071,0.354,1,1
E01,2073.26,0,0.336,3584,0.216,1,1
E03,9952.95,2,0.29,2767,0.602,1,0
E03,7219.92,1,0.625,2756,0.289,0,0
E03,2257.06,1,0.518,1429,0.978,0,1
E03,1003.47,2,0.841,1784,0.821,1,0
E01,2072.9,1,0.293,3386,0.886,1,0
E99,2552.65,2,0.545,3333,0.834,1,0
E03,1199.75,0,0.543,2592,0.883,0,0
E03,2373.55,0,0.385,351,0.368,1,1
E03,1256.12,2,0.277,554,0.683,0,0
E02,3839.54,0,0.209,1645,0.903,0,1
E01,4913.33,2,0.215,1981,0.695,0,0
E02,4607.32,1,0.519,2244,0.987,1,0
E01,8309.18,2,0.243,979,0.864,0,0
E02,2614.55,1,0.516,2808,0.117,1,0
E01,8882.23,1,0.55,3000,0.522,0,0
E01,9090.42,1,0.556,751,0.309,0,0
E99,9602.02,0,0.353,2818,0.873,0,0
E03,1891.73,2,0.599,543,0.931,0,0
E02,2532.94,1,0.514,1780,0.583,0,1
E01,6275.94,1,0.992,3160,0.105,0,0
E02,1494.83,1,0.236,1087,0.376,1,0
E99,947.65,2,0.243,2466,0.227,0,0
E03,829.6,1,0.86,3069,0.548,0,1
E03,6100.88,0,0.413,1767,0.976,0,0
E02,8066.31,0,0.347,3061,0.373,1,0
E01,2662.97,2,0.9,2296,0.74,0,0
E03,9341.99,0,0.626,1819,0.831,0,0
E99,7940.16,2,0.693,426,0.83,0,0
E02,866.86,1,0.206,2582,0.191,0,0
E02,4132.3,0,0.409,1119,0.273,0,0
E02,773.35,2,0.407,1028,0.26,1,1
E02,9160.42,2,0.809,3310,0.329,0,1
E99,7453.74,2,0.508,1256,0.094,1,0
E03,6896.8,1,0.662,1295,0.557,0,1
E02,6858.75,2,0.946,3398,0.746,0,1
E02,2923.31,0,0.988,1042,0.295,1,1
E02,9342.04,0,0.302,2650,0.651,0,0
E01,9235.49,1,0.645,1872,0.563,0,0
E02,7420.94,2,0.759,260,0.143,1,1
E03,4742.41,1,0.826,2094,0.275,0,0
E03,566.45,1,0.936,1648,0.277,1,1
E01,380.28,2,0.783,2612,0.509,0,1
E03,1467.53,0,0.752,1425,0.64,1,1
E03,5998.07,1,0.243,865,0.333,1,0
E01,8001.18,1,0.636,832,0.169,0,0
E03,9489.81,1,0.679,1901,0.303,1,0
E03,1836.08,0,0.757,3581,0.088,0,0
E03,2827.73,2,0.667,1623,0.754,0,0
E01,635.59,2,0.528,489,0.707,0,1
E01,9891.57,2,0.59,2960,0.68,0,1
E02,7831.06,2,0.974,1132,0.631,1,0
E01,4859.07,1,0.463,1528,0.33,1,0
E02,5798.1,0,0.828,3055,0.159,0,1
E03,5665.53,0,0.686,400,0.613,1,1
E01,2618.17,1,0.555,477,0.739,0,1
E02,1935.37,2,0.531,726,0.812,1,0
E99,3040.06,1,0.63,1354,0.733,1,1
E02,2546.82,2,0.84,3087,0.669,1,1
E02,5619.53,0,0.298,2283,0.825,0,1
E02,3151.21,0,0.929,2792,0.766,1,1
E01,7316.55,1,0.819,1213,0.938,0,1
E01,5722.6,1,0.479,1485,0.056,0,0
E03,5369.41,2,0.208,1472,0.188,1,0
E02,9517.81,1,0.284,409,0.595,1,0
E01,3291.85,2,0.316,1980,0.427,1,0
E01,6389.17,0,0.283,1196,0.37,0,0
E03,100.5,0,0.282,3429,0.751,1,0
E01,7395.54,1,0.968,2489,0.553,0,1
E03,5075.18,1,0.727,3135,0.545,0,1
E02,2163.01,1,0.857,703,0.097,1,1
E02,114.95,0,0.65,403,0.484,1,1
E01,7098.75,1,0.696,1572,0.622,1,0
E01,6660.74,0,0.905,2050,0.313,1,1
E02,6687.53,2,0.41,2015,0.275,1,0
E03,4430.8,0,0.756,2352,0.568,1,0
E01,6429.04,2,0.919,2996,0.907,0,0
E02,5756.21,0,0.949,1173,0.159,0,0
E02,2465.06,1,0.555,1050,0.341,1,0
E01,5235.8,1,0.885,951,0.105,1,0
E02,5194.47,0,0.603,1307,0.356,0,0
E01,8253.87,1,0.406,2152,0.703,1,1
E02,4391.54,0,0.401,2890,0.35,1,1
E01,4417.25,2,0.561,1494,0.425,0,1
E02,9845.6,2,0.406,1505,0.929,0,0
E01,8955.19,0,0.224,3258,0.376,0,0
E02,2498.63,1,0.284,1236,0.557,0,0
E02,9111.9,0,0.879,589,0.928,0,1
E99,1465.87,1,0.906,1241,0.528,0,0
E02,8548.57,2,0.898,148,0.21,1,1
E03,1914.9,1,0.643,1317,0.184,1,0
E01,4313.47,2,0.948,3238,0.895,0,1
E02,9840.82,2,0.599,2916,0.882,1,1
E01,1060.78,0,0.57,3226,0.286,0,1
E02,8413.9,0,0.58,1081,0.636,0,1
E03,4997.87,1,0.403,1500,0.207,0,0
E03,1198.81,2,0.691,3054,0.268,0,0
E02,9529.66,0,0.559,2714,0.915,1,0
E03,5537.39,0,0.98,667,0.428,1,1
E01,8818.35,2,0.338,3044,0.246,1,0
E01,8704.16,0,0.261,371,0.543,0,0
E03,244.88,1,0.481,918,0.85,1,1
E01,2721.92,2,0.372,1918,0.833,0,0
E01,3435.52,0,0.994,2356,0.672,1,1
E99,5395.15,0,0.647,2873,0.815,0,0
E99,811.47,2,0.488,2654,0.783,1,1
E03,3950.77,0,0.714,1024,0.956,0,0
E02,8164.92,2,0.562,1287,0.666,1,1
E03,1814.59,1,0.367,2599,0.612,1,0
E01,7042.64,0,0.516,3405,0.901,1,1
E02,4657.26,1,0.429,3124,0.39,1,0
E02,799.98,0,0.71,3481,0.513,0,0
E99,1856.0,2,0.853,2431,0.858,0,0
E99,1496.2,1,0.41,1752,0.97,0,0
E03,6235.21,2,0.697,2760,0.446,1,0
E01,964.51,0,0.767,274,0.604,1,0
E02,8248.16,2,0.496,3370,0.837,1,0
E01,8085.93,0,0.59,3308,0.538,1,1
E99,892.61,1,0.487,1817,0.43,0,0
E01,8893.15,2,0.498,1883,0.111,1,0
E01,9595.69,2,0.557,1907,0.249,1,0
E03,530.33,2,0.436,500,0.362,0,1
E02,9508.26,2,0.591,741,0.428,0,0
E03,2866.68,2,0.802,2635,0.78,1,0
E01,6681.14,1,0.515,118,0.207,1,0
E03,1830.68,2,0.956,2474,0.118,1,0
E01,8192.81,1,0.374,1099,0.603,1,1
E01,8434.94,1,0.56,504,0.058,0,0
E02,9785.58,0,0.681,2146,0.925,1,1
E01,9926.08,1,0.635,990,0.291,1,1
E02,850.99,0,0.958,1610,0.834,1,1
E01,6613.84,2,0.459,3111,0.407,1,0
E01,2803.16,0,0.502,2512,0.989,1,1
E03,1343.22,0,0.677,3490,0.521,0,0
E01,1573.07,0,0.677,1429,0.955,0,0
E03,9370.73,0,0.83,1459,0.491,1,1
E03,6868.13,2,0.836,2474,0.721,1,0
E01,599.56,0,0.209,485,0.11,0,1
E03,9843.88,1,0.811,3085,0.468,0,0
E01,8097.34,2,0.774,1267,0.305,1,0
E02,3160.88,1,0.669,1692,0.796,0,0
E01,4761.58,1,0.454,1827,0.55,1,1
E03,7293.1,1,0.926,241,0.652,1,0
E02,6792.72,1,0.791,1082,0.289,0,1
E02,4684.5,2,0.406,503,0.16,1,0
E99,5172.66,1,0.444,2201,0.69,0,0
E01,527.76,2,0.768,2543,0.466,0,1
E99,5056.27,2,0.934,29,0.442,0,1
E03,3468.44,0,0.592,29,0.956,1,1
E99,2922.01,0,0.903,2939,0.161,0,1
E99,2769.26,1,0.506,1205,0.655,1,1
E99,6524.57,1,0.516,3040,0.107,1,0
E01,4349.65,0,0.749,2370,0.694,0,1
E03,4315.44,2,0.24,2820,0.576,1,0
E03,1675.95,1,0.311,1384,0.733,0,1
E03,9622.45,1,0.783,1093,0.756,1,1
E01,2316.87,2,0.394,2601,0.174,1,1
E99,4120.48,1,0.34,2276,0.308,1,0
E01,1983.03,1,0.271,2053,0.287,0,1
E02,7061.11,0,0.38,1315,0.622,0,0
E02,4417.67,2,0.4,2209,0.293,1,0
E01,4195.13,2,0.473,1401,0.535,0,0
E03,8763.44,2,0.951,3204,0.466,0,1
E01,7618.85,1,0.716,2553,0.601,1,1
E03,5246.76,0,0.755,1429,0.38,1,1
E03,4739.05,2,0.306,3036,0.919,0,0
E01,9603.02,1,0.354,256,0.957,0,1
E03,9568.98,2,0.919,2991,0.38,0,0
E01,7077.23,0,0.707,1493,0.909,1,1
E03,7625.46,2,0.848,832,0.795,1,0
E99,9001.02,2,0.486,2989,0.263,1,0
E01,9646.66,0,0.662,2369,0.579,1,0
E03,914.52,1,0.602,267,0.405,1,1
E02,9973.65,1,0.364,962,0.803,0,0
E02,7059.92,1,0.86,1624,0.89,1,1
E03,5968.17,0,0.467,2262,0.635,0,0
E02,4190.35,0,0.574,2903,0.642,0,0
E03,3430.26,0,0.306,1322,0.728,1,0
E01,8061.68,1,0.711,2911,0.515,0,1
E02,6578.91,0,0.833,2844,0.492,1,0
E99,2086.98,1,0.528,1362,0.579,1,0
E01,6138.12,1,0.983,3374,0.819,1,1
E02,1497.54,2,0.406,3399,0.659,1,0
E01,5019.06,1,0.898,1044,0.185,1,1
E03,5876.23,0,0.777,2003,0.182,1,0
E02,6393.27,1,0.942,3127,0.441,1,0
E02,1538.1,0,0.793,1940,0.67,1,1
E01,1046.43,0,0.596,2664,0.418,1,1
E02,2661.21,2,0.531,2877,0.409,1,1
E99,6109.6,0,0.864,2038,0.892,1,0
E02,9323.66,0,0.872,1295,0.866,0,1
E02,7813.32,1,0.671,1890,0.497,1,0
E03,7482.53,1,0.762,2996,0.725,1,0
E02,3369.3,2,0.57,1150,0.475,1,0
E02,1205.9,2,0.375,3039,0.617,0,0
E01,8930.2,0,0.24,732,0.308,0,0
E01,5058.45,2,0.723,1664,0.518,1,0
E03,1095.06,2,0.735,301,0.654,1,0
E99,5396.19,0,0.732,3074,0.465,0,0
E99,6786.56,1,0.65,2565,0.764,1,1
E99,3267.01,2,0.474,426,0.301,0,0
E02,191.56,1,0.394,801,0.062,0,0
E01,6253.91,1,0.253,1900,0.909,1,0
E03,496.95,2,0.318,1783,0.389,0,0
E99,4384.65,1,0.703,406,0.287,0,1
E03,8265.27,1,0.814,3203,0.497,0,0
E02,9988.59,0,0.926,1659,0.284,1,0
E03,3766.0,1,0.267,2416,0.739,1,0
E03,299.26,0,0.851,2709,0.338,1,1
E99,4979.74,2,0.678,610,0.982,1,0
E03,2835.13,0,0.441,1201,0.31,0,0
E02,8938.47,0,0.781,2644,0.39,1,0
E01,7143.88,1,0.991,2785,0.556,0,1
E02,4102.8,1,0.504,774,0.053,0,0
E01,7644.08,1,0.702,1151,0.054,1,1
E99,3477.94,2,0.409,2807,0.27,1,0
E02,5265.46,0,0.364,1238,0.127,1,0
E02,9235.57,2,0.319,280,0.764,0,1
E01,2081.56,0,0.226,1792,0.87,0,0
E03,3199.27,1,0.779,511,0.438,1,0
E02,8867.37,0,0.317,2138,0.536,1,0
E01,4672.6,0,0.741,3363,0.626,0,1
E99,3247.1,0,0.896,364,0.139,1,0
E02,469.26,0,0.877,1009,0.492,0,1
E02,4247.64,1,0.439,2039,0.952,1,1
E01,5055.95,2,0.3,543,0.245,0,0
E02,4122.7,2,0.554,1926,0.129,0,1
E03,2846.85,2,0.345,774,0.314,1,0
E99,3754.39,1,0.499,2289,0.565,0,0
E01,6460.2,0,0.655,1300,0.866,1,1
E99,8923.67,0,0.715,3332,0.384,0,0
E03,6531.79,0,0.375,3015,0.374,1,0
E01,6497.01,1,0.382,3576,0.372,0,0
E01,8187.06,2,0.893,549,0.84,1,1
E01,1734.91,1,0.956,3413,0.491,1,1
E99,3080.87,1,0.714,57,0.361,0,0
E01,600.85,1,0.645,789,0.216,0,1
E02,3561.41,2,0.726,3114,0.168,0,0
E03,9988.36,2,0.303,3104,0.966,0,0
E99,3360.19,1,0.918,1079,0.507,0,0
E03,8611.75,2,0.367,3030,0.118,0,0
E03,949.2,1,0.736,277,0.902,1,1
E01,4651.15,0,0.378,1210,0.947,1,1
E99,3579.48,0,0.765,100,0.273,0,1
E01,2095.67,2,0.803,1862,0.347,1,1
E01,3787.81,1,0.793,3238,0.953,0,1
E99,6547.65,2,0.543,2208,0.065,0,0
E01,4954.05,0,0.686,1883,0.355,1,1
E01,8458.91,1,0.678,713,0.454,1,1
E03,9058.97,0,0.776,2198,0.774,0,1
E01,4870.74,2,0.599,1167,0.396,0,0
E01,9819.09,0,0.606,2218,0.368,1,1
E03,813.01,0,0.748,470,0.736,0,1
E03,2835.76,0,0.336,1880,0.848,0,0
E03,4225.44,1,0.722,1791,0.138,0,0
E01,5868.74,2,0.319,2769,0.184,0,0
E02,5504.7,2,0.78,3272,0.67,1,1
E03,5722.97,0,0.511,3262,0.345,1,1
E01,8972.88,1,0.872,1230,0.678,1,0
E01,2847.9,1,0.271,2308,0.214,1,0
E01,8186.85,2,0.568,2351,0.806,1,0
E02,5624.21,2,0.334,3038,0.352,0,0
E01,4955.86,0,0.895,2905,0.365,1,1
E03,3064.19,0,0.3,35,0.218,0,0
E99,3110.28,1,0.588,2883,0.249,0,0
E01,3945.95,1,0.284,1729,0.612,0,0
E03,7658.75,2,0.838,3421,0.597,1,0
E01,4819.66,2,0.426,2174,0.825,1,1
E01,1622.95,0,0.675,1393,0.642,1,1
E03,7622.65,1,0.336,725,0.452,0,0
E02,6667.46,1,0.481,3417,0.805,0,0
E99,9497.46,1,0.291,577,0.066,1,0
E02,5341.2,0,0.641,325,0.71,1,1
E01,6578.78,2,0.203,491,0.561,1,0
E02,4845.37,0,0.994,1986,0.258,0,0
E01,6839.72,2,0.533,1026,0.649,1,1
E99,4417.56,2,0.704,2091,0.977,1,1
E03,1464.78,2,0.429,2964,0.376,0,1
E01,9868.16,0,0.403,1048,0.65,1,1
E02,7231.6,1,0.877,100,0.463,0,0
E03,6125.4,0,0.807,1293,0.419,0,1
E03,4866.07,1,0.715,2169,0.339,1,0
E01,7143.15,2,0.802,2622,0.265,0,0
E01,1355.07,1,0.34,246,0.271,0,0
E01,3328.52,0,0.947,3162,0.778,0,1
E02,1334.52,0,0.564,2135,0.354,1,1
E02,1347.65,0,0.895,1734,0.548,1,1
E01,311.34,1,0.789,908,0.251,1,1
E02,7583.34,1,0.429,3451,0.25,0,0
E02,2350.36,2,0.655,567,0.602,0,1
E01,8336.88,0,0.973,1616,0.598,0,1
E99,9053.9,0,0.23,1677,0.525,1,0
E02,1768.8,0,0.541,1969,0.702,0,1
E02,7117.75,2,0.696,832,0.649,0,0
E02,4657.03,0,0.472,3396,0.238,1,0
E01,9197.72,2,0.454,1362,0.102,0,0
E99,4895.73,1,0.799,2564,0.303,0,0
E02,3850.85,0,0.933,2279,0.455,0,1
E02,3016.19,1,0.63,731,0.246,0,0
E99,9045.85,0,0.959,3370,0.503,1,1
E03,2339.18,2,0.281,1656,0.085,1,0
E03,8294.38,2,0.382,2224,0.498,0,0
E01,2022.46,0,0.27,2325,0.38,1,0
E01,6469.63,0,0.548,1825,0.952,0,1
E03,4565.55,1,0.701,2297,0.874,0,1
E02,1135.63,2,0.36,2005,0.944,1,0
E03,1346.74,1,0.559,2666,0.669,1,0
E03,2886.94,0,0.748,1700,0.964,0,1
E01,7689.85,0,0.712,2924,0.228,1,0
E01,7316.51,0,0.703,2026,0.55,0,1
E02,2130.69,2,0.685,3594,0.749,1,1
E01,4814.4,0,0.989,2053,0.503,0,1
E03,1060.17,2,0.771,2124,0.251,1,0
E03,7187.87,0,0.926,1772,0.665,0,1
E02,7953.69,2,0.961,1430,0.963,0,1
E03,8945.77,2,0.888,2838,0.542,0,0
E02,8868.89,2,0.276,2284,0.283,0,0
E03,3445.13,0,0.623,1407,0.088,0,1
E01,2619.88,0,0.505,2905,0.148,1,1
E03,8976.23,0,0.278,391,0.781,1,1
E03,1545.47,1,0.651,225,0.506,0,1
E01,687.51,2,0.37,2315,0.246,1,0
E02,3211.01,2,0.665,1649,0.858,0,1
E99,7626.97,2,0.854,2866,0.46,1,1
E01,6972.58,0,0.515,2390,0.798,1,0
E03,9871.85,1,0.96,2808,0.813,1,1
E99,3659.38,2,0.813,956,0.725,0,0
E99,2830.89,2,0.843,908,0.964,1,0
E02,3844.26,0,0.29,905,0.893,0,1
E03,7844.34,0,0.953,2329,0.168,0,0
E99,2221.57,0,0.228,2427,0.373,0,0
E02,9482.71,2,0.875,3594,0.947,0,0
E01,5174.24,1,0.224,781,0.666,0,0
E01,7853.14,2,0.33,377,0.467,0,1
E03,8289.89,2,0.452,3448,0.86,1,0
E02,4840.27,2,0.79,1882,0.651,0,0
E01,7439.58,1,0.92,1320,0.398,1,1
E01,3710.47,1,0.733,1100,0.305,1,1
E03,8128.19,0,0.782,3180,0.85,1,1
E02,8256.64,2,0.432,2848,0.846,1,1
E99,5705.44,2,0.98,630,0.913,1,1
E03,2259.66,1,0.526,1169,0.787,1,0
E99,9705.21,1,0.93,3133,0.224,1,0
E99,9475.1,2,0.823,2641,0.415,0,0
E01,6236.22,1,0.494,2934,0.358,1,0
E03,9840.42,2,0.475,578,0.292,1,0
E01,5077.68,0,0.744,2086,0.797,1,1
E99,3817.3,0,0.952,242,0.167,1,1
E01,4658.98,2,0.738,1622,0.5,0,1
E03,554.48,2,0.886,375,0.864,0,0
E03,5536.31,0,0.973,966,0.792,0,0
E01,6695.7,2,0.464,937,0.301,1,0
E03,1184.25,0,0.631,679,0.083,1,1
E01,2630.42,2,0.687,3058,0.439,1,0
E02,7239.72,0,0.374,1336,0.608,1,1
E02,7956.54,1,0.838,542,0.853,0,0
E02,9860.08,2,0.409,3558,0.547,1,0
E02,2606.91,2,0.765,121,0.3,0,1
E99,8430.25,1,0.619,534,0.699,1,0
E01,1803.82,0,0.869,3072,0.428,1,1
E02,1395.7,2,0.609,1624,0.826,1,0
E99,7319.12,2,0.669,1350,0.072,1,0
E03,4514.14,1,0.345,1099,0.444,1,0
E01,7959.84,0,0.847,2119,0.447,0,1
E99,2897.39,2,0.522,1292,0.602,1,1
E01,2210.62,1,0.664,302,0.387,1,0
E02,5533.11,1,0.877,3469,0.428,0,1
E02,1241.57,0,0.584,3266,0.741,0,1
E03,2859.62,2,0.42,634,0.211,0,1
E01,1745.75,2,0.412,1816,0.274,0,1
E01,3268.47,0,0.653,1633,0.146,1,0
E03,7678.44,1,0.433,323,0.292,0,0
E01,1295.35,1,0.471,1435,0.525,0,0
E02,6157.5,2,0.388,2282,0.228,0,0
E03,5889.18,1,0.557,375,0.119,0,0
E03,5427.49,2,0.573,1316,0.987,0,1
E01,4894.05,2,0.621,905,0.478,0,1
E01,6672.22,1,0.674,1272,0.832,1,1
E99,8532.93,1,0.67,2268,0.744,0,0
E02,1704.16,2,0.494,1470,0.206,1,0
E01,8159.9,1,0.921,2764,0.532,0,1
E01,708.61,2,0.609,1829,0.584,1,0
E01,4873.03,0,0.866,2491,0.198,1,0
E99,5163.51,1,0.646,2229,0.155,0,0
E01,2056.1,1,0.496,2941,0.297,0,0
E01,987.76,1,0.791,527,0.296,1,1
E02,841.62,2,0.342,3567,0.311,1,0
E01,468.62,0,0.976,2715,0.287,1,1
E01,5778.57,2,0.658,713,0.564,1,0
E99,1639.2,0,0.283,98,0.327,1,1
E03,8106.18,1,0.537,93,0.775,0,1
E01,8999.63,1,0.77,2517,0.099,0,1
E02,2994.84,0,0.254,1523,0.634,0,0
E01,1728.22,1,0.409,660,0.776,0,0
E01,4155.16,2,0.939,1144,0.461,0,0
E02,8827.54,1,0.485,1609,0.35,0,0
E02,4058.21,1,0.327,149,0.335,1,0
E03,1172.53,2,0.279,2022,0.358,1,0
E99,9848.21,2,0.695,131,0.16,0,0
E01,5046.79,0,0.647,2330,0.596,0,1
E99,3489.48,2,0.718,220,0.636,1,0
E02,8946.85,2,0.966,2847,0.416,0,1
E01,9281.29,2,0.248,911,0.949,0,0
E03,5018.36,2,0.358,1858,0.907,1,0
E01,3136.49,0,0.387,1389,0.33,0,1
E02,4878.07,2,0.542,3168,0.738,1,0
E03,2270.89,2,0.297,2859,0.159,1,0
E01,4834.56,1,0.528,3438,0.762,0,0
E99,2371.37,0,0.853,2575,0.742,0,1
E01,6259.81,0,0.331,3513,0.385,1,0
E03,7622.9,0,0.933,811,0.414,0,1
E01,9697.34,2,0.929,1151,0.601,0,1
E01,8441.45,0,0.61,2914,0.313,1,1
E02,952.73,2,0.888,116,0.588,0,0
E99,2194.08,0,0.769,645,0.884,1,1
E01,5363.75,2,0.485,2577,0.468,1,0
E99,2650.15,0,0.649,1440,0.242,1,0
E01,242.22,0,0.293,907,0.575,1,1
E02,7572.43,0,0.597,1093,0.664,1,1
E02,3641.94,1,0.864,2763,0.544,0,0
E01,754.39,2,0.668,1729,0.072,1,0
E99,5137.48,1,0.506,18,0.679,0,0
E02,9774.37,1,0.731,1860,0.085,1,0
E03,6817.53,1,0.981,2798,0.442,1,1
E02,1671.78,1,0.254,599,0.44,1,0
E02,5191.53,2,0.464,253,0.846,1,0
E03,9027.05,0,0.325,2260,0.861,1,0
E99,637.01,0,0.966,3165,0.779,1,0
E03,6415.14,0,0.637,255,0.821,1,1
E02,7240.6,0,0.304,2345,0.256,0,0
E03,7069.72,0,0.69,2803,0.723,0,0
E03,1586.69,0,0.6,583,0.754,0,1
E02,9082.06,0,0.247,938,0.781,1,0
E03,3290.49,0,0.892,1828,0.797,0,1
E02,612.25,1,0.767,2199,0.203,1,0
E03,923.89,0,0.204,1819,0.292,0,0
E99,4630.02,1,0.968,662,0.787,0,0
E99,495.82,0,0.327,3164,0.189,1,0
E03,7817.57,2,0.2,1515,0.167,1,0
E03,8671.65,1,0.542,1916,0.968,0,0
E03,232.39,1,0.313,1929,0.96,1,1
E01,8119.13,2,0.656,1982,0.367,0,0
E02,9813.94,2,0.449,1044,0.058,0,0
E01,400.64,2,0.348,1149,0.424,1,1
E01,7277.18,1,0.988,500,0.074,0,1
E99,9991.03,1,0.466,2622,0.185,0,0
E99,7991.47,1,0.532,1129,0.261,1,1
E02,5103.03,0,0.435,182,0.839,0,0
E01,8859.75,1,0.87,168,0.403,0,0
E03,7108.53,2,0.357,3484,0.058,1,0
E02,2995.27,0,0.302,1540,0.649,1,1
E03,2320.77,1,0.905,2182,0.116,0,0
E99,5174.19,0,0.347,1922,0.89,1,0
E01,3792.61,0,0.886,3044,0.281,1,1
E01,3361.73,0,0.663,3196,0.273,0,1
E01,1861.46,1,0.859,2812,0.423,0,1
E01,8468.33,0,0.256,3535,0.151,1,0
E02,7079.64,2,0.971,786,0.072,0,0
E01,3380.08,1,0.44,1618,0.91,0,1
E01,2452.9,1,0.247,1041,0.862,0,0
E01,1368.57,1,0.812,2998,0.911,0,1
E01,1213.88,2,0.343,1001,0.686,1,0
E03,6292.23,0,0.481,2859,0.062,1,0
E01,1177.29,0,0.676,812,0.965,0,1
E99,9606.1,1,0.255,2495,0.716,1,0
E01,2863.44,0,0.362,58,0.44,1,1
E01,355.47,1,0.591,2839,0.739,0,1
E01,8567.76,0,0.538,2977,0.583,1,0
E03,3739.12,2,0.646,2027,0.681,0,0
E01,3495.36,2,0.783,1936,0.825,0,0
E02,1274.34,0,0.482,1654,0.93,1,1
E01,6638.18,1,0.524,2128,0.799,0,0
E99,3652.05,0,0.418,2036,0.892,1,0
E01,8247.65,1,0.472,1770,0.583,0,0
E02,6343.12,1,0.241,1874,0.368,1,0
E99,8811.13,2,0.664,448,0.68,1,1
E01,6263.36,0,0.338,1677,0.573,0,0
E01,7814.85,1,0.773,1570,0.103,0,1
E03,6995.74,2,0.234,3223,0.591,1,1
E01,4679.67,0,0.248,1057,0.442,0,0
E01,6917.87,0,0.428,3484,0.397,1,0
E02,6669.81,2,0.551,3211,0.731,0,1
E01,166.37,0,0.755,2819,0.882,0,0
E99,7016.52,0,0.754,2524,0.235,0,0
E03,2695.38,2,0.979,1141,0.797,1,1
E02,5464.05,1,0.481,586,0.209,0,0
E01,1202.19,0,0.247,2843,0.592,1,0
E03,327.92,2,0.889,2527,0.847,0,0
E03,249.69,1,0.785,2993,0.901,0,0
E01,1666.13,1,0.254,1974,0.34,1,0
E99,296.94,2,0.267,3233,0.82,1,0
E02,1410.73,0,0.581,294,0.876,0,1
E03,5635.82,1,0.473,395,0.212,1,0
E01,4062.7,1,0.677,251,0.412,1,1
E01,9809.41,0,0.375,1158,0.78,0,1
E03,8106.07,0,0.967,531,0.064,0,0
E03,1553.08,0,0.61,147,0.638,0,1
E02,4226.21,0,0.801,2917,0.44,0,0
E01,4366.61,0,0.301,562,0.536,1,1
E03,3684.96,1,0.694,2987,0.443,1,1
E01,5006.34,2,0.892,2313,0.234,1,1
E01,6731.76,0,0.218,2189,0.378,1,1
E03,6444.81,0,0.632,422,0.859,1,1
E01,3635.28,0,0.397,57,0.624,1,0
E01,7079.95,0,0.583,503,0.499,0,1
E01,2965.91,1,0.853,1142,0.714,0,1
E99,8371.13,1,0.752,3443,0.223,1,1
E01,9647.28,1,0.804,1443,0.128,1,1
E03,3017.89,2,0.369,840,0.566,0,0
E99,7868.42,1,0.866,1024,0.061,1,0
E03,8152.92,1,0.691,1206,0.189,1,0
E02,4958.56,2,0.255,2092,0.724,1,0
E02,968.7,0,0.89,2902,0.898,0,1
E02,7883.2,0,0.245,224,0.318,1,1
E02,4134.03,0,0.223,2789,0.41,1,0
E99,2159.91,0,0.867,72,0.69,0,0
E03,6303.84,2,0.21,1158,0.807,1,0
E02,4425.69,2,0.271,2116,0.295,1,0
E01,966.97,1,0.214,378,0.827,0,0
E99,9838.38,0,0.904,953,0.964,0,1
E01,2522.15,2,0.236,2299,0.133,0,0
E03,5158.55,2,0.498,2471,0.261,0,0
E01,6706.15,1,0.374,299,0.733,1,0
E03,1239.38,2,0.473,2799,0.085,1,0
E03,7420.16,1,0.432,1469,0.317,1,0
E02,6518.06,1,0.91,2200,0.844,0,0
E01,4988.15,1,0.815,766,0.691,0,1
E03,5330.47,0,0.908,3562,0.652,0,1
E02,9552.47,0,0.776,2740,0.625,0,1
E01,9117.89,1,0.464,2314,0.522,0,1
E02,1208.63,2,0.349,670,0.771,1,0
E02,3750.65,2,0.624,2782,0.863,0,1
E03,5216.04,0,0.485,1359,0.798,0,0
E01,9207.76,0,0.715,2308,0.504,1,1
E02,8183.98,1,0.231,2340,0.782,0,0
E99,3926.18,2,0.77,2899,0.76,1,0
E01,8873.48,1,0.44,3010,0.478,0,0
E02,3843.76,2,0.57,1406,0.364,1,0
E03,2784.81,2,0.983,292,0.436,0,1
E99,6137.94,2,0.372,1564,0.514,1,0
E02,3623.43,1,0.294,1441,0.188,1,0
E03,6261.83,0,0.368,1207,0.255,0,1
E01,4155.87,0,0.481,1759,0.146,1,0
E02,7978.11,2,0.629,2075,0.118,1,0
E99,9547.68,0,0.984,2244,0.582,1,1
E99,2776.06,2,0.896,1349,0.706,0,0
E02,5149.1,1,0.772,2219,0.627,1,1
E02,7271.88,0,0.776,3556,0.733,1,0
E02,1669.34,2,0.427,2342,0.432,0,1
E01,7979.47,2,0.942,2171,0.801,1,1
E99,5871.42,1,0.632,1028,0.753,1,1
E03,1582.43,0,0.33,1209,0.718,1,1
E02,8695.47,1,0.96,186,0.77,0,1
E01,4324.34,2,0.605,1829,0.268,1,0
E01,1848.53,0,0.324,268,0.585,1,1
E01,2034.42,0,0.788,2810,0.778,0,1
E03,7876.51,2,0.387,3445,0.143,1,0
E02,9363.59,0,0.35,2902,0.282,1,0
E01,3844.67,0,0.414,564,0.511,1,1
E03,880.4,2,0.663,2293,0.439,0,0
E99,1098.15,1,0.434,1550,0.909,0,0
E01,6579.34,0,0.233,9,0.756,1,1
E02,3770.44,0,0.51,2579,0.088,1,1
E02,4318.7,0,0.388,3127,0.487,0,0
E01,3436.77,0,0.609,1662,0.767,1,1
E02,4708.83,0,0.568,3275,0.679,0,1
E03,6471.14,1,0.262,200,0.555,0,0
E01,5457.28,2,0.396,3138,0.13,1,0
E01,1725.99,1,0.425,2452,0.91,1,0
E99,4963.76,0,0.588,2416,0.44,0,1
E01,4660.07,2,0.858,1811,0.186,0,0
E03,5502.8,1,0.375,98,0.129,0,0
E03,1195.63,2,0.327,1628,0.788,1,0
E03,1619.92,1,0.201,3422,0.626,0,0
E03,5349.42,1,0.685,1665,0.287,0,0
E03,2826.81,1,0.461,245,0.551,0,0
E03,6327.41,0,0.736,1779,0.94,0,1
E02,3790.24,1,0.752,538,0.514,0,1
E02,2285.27,1,0.236,1517,0.417,0,0
E02,6598.31,0,0.535,2260,0.339,1,1
E02,3999.69,2,0.974,242,0.221,0,0
E01,1660.36,2,0.42,1663,0.906,1,1
E02,8107.21,1,0.624,1820,0.211,0,0
E02,4374.41,2,0.63,2717,0.101,1,0
E01,9159.2,0,0.408,245,0.184,0,1
E01,2014.67,2,0.823,2279,0.222,0,1
E03,8775.87,2,0.203,2238,0.449,1,0
E02,8177.51,2,0.381,16,0.905,1,0
E03,1128.77,1,0.674,431,0.177,0,0
E02,5363.65,2,0.934,2314,0.187,1,0
E99,6571.46,1,0.208,3096,0.461,1,0
E03,5005.27,2,0.681,3089,0.9,0,0
E01,3963.6,1,0.203,2767,0.922,0,0
E99,9444.04,1,0.698,3067,0.944,0,0
E01,7038.13,0,0.529,2184,0.169,1,1
E02,9662.11,2,0.548,567,0.713,0,0
E03,8477.68,0,0.974,1913,0.659,0,0
E01,8189.6,0,0.746,1251,0.079,0,0
E02,7283.76,0,0.357,919,0.682,1,1
E02,6496.18,0,0.998,431,0.705,0,1
E01,8879.93,0,0.405,72,0.667,1,0
E01,6172.76,1,0.749,2705,0.253,1,1
E01,845.36,0,0.744,613,0.362,0,1
E01,5867.38,1,0.88,2259,0.571,0,1
E03,1118.07,1,0.519,1089,0.18,0,0
E02,9498.08,1,0.757,1744,0.199,1,0
E02,6502.02,0,0.701,1431,0.707,1,1
E03,5600.9,1,0.549,1079,0.206,0,0
E01,2058.43,0,0.933,1730,0.066,0,1
E01,5206.09,1,0.402,2833,0.224,0,1
E03,3491.06,0,0.379,1814,0.121,1,0
E99,6786.32,2,0.704,2849,0.315,1,0
E02,6083.66,2,0.352,3278,0.765,1,1
E01,5043.14,1,0.864,1768,0.789,0,1
E03,2602.14,1,0.472,2889,0.117,1,0
E99,5304.86,0,0.537,448,0.586,0,0
E02,4670.8,2,0.746,2037,0.133,1,0
E01,8527.53,2,0.908,1675,0.226,1,1
E01,8953.94,1,0.752,21,0.787,0,0
E02,7616.57,1,0.275,3225,0.964,1,0
E99,3264.44,0,0.47,2669,0.305,0,0
E03,477.09,2,0.8,2103,0.78,1,0
E01,9260.83,1,0.926,2504,0.372,0,0
E03,9920.92,0,0.707,2714,0.787,1,1
E03,1357.51,2,0.677,2799,0.586,1,0
E02,6887.6,0,0.503,1061,0.564,0,0
E03,4308.95,1,0.582,1504,0.81,0,0
E02,1570.35,2,0.546,1236,0.704,0,0
E01,9981.2,2,0.244,3279,0.963,0,0
E02,9338.97,0,0.217,422,0.391,0,1
E02,9827.83,1,0.694,3266,0.948,1,0
E99,1524.57,2,0.608,1234,0.828,0,0
E02,4970.05,1,0.396,2803,0.514,1,1
E02,8968.16,0,0.914,611,0.521,0,1
E02,6784.07,2,0.365,3036,0.898,0,0
E02,4402.56,1,0.76,1940,0.602,0,0
E02,5215.27,2,0.831,3545,0.368,1,1
E03,482.16,2,0.872,1418,0.089,1,1
E02,6154.02,2,0.872,3580,0.332,1,1
E02,8611.18,1,0.835,3008,0.254,1,1
E03,127.66,2,0.566,30,0.171,1,0
E01,1683.65,0,0.699,1378,0.682,0,0
E03,5228.1,2,0.886,1461,0.422,0,0
E02,5653.55,2,0.536,765,0.139,1,0
E02,3499.19,2,0.737,3161,0.357,1,0
E03,376.55,0,0.328,304,0.182,1,0
E03,7461.64,1,0.652,932,0.613,1,0
E03,2504.96,0,0.313,910,0.451,0,0
E02,6481.32,2,0.728,1507,0.928,1,0
E01,5635.55,1,0.501,2510,0.622,0,1
E03,4365.3,1,0.382,25,0.769,1,0
E02,5943.87,1,0.489,2254,0.365,0,0
E03,6980.88,0,0.761,1458,0.759,0,1
E02,5765.22,1,0.926,2232,0.741,0,1
E03,5619.5,1,0.209,223,0.981,0,0
E01,4417.17,1,0.334,3089,0.671,0,0
E02,4357.34,1,0.765,2079,0.911,0,0
E01,4960.56,1,0.655,910,0.865,1,0
E02,4575.57,1,0.455,2842,0.914,0,1
E03,4446.34,1,0.721,1695,0.589,1,0
E02,2182.66,2,0.894,1405,0.261,1,0
E02,7275.9,2,0.406,606,0.6,1,1
E99,1416.23,1,0.589,1766,0.916,1,0
E03,9096.23,0,0.217,788,0.965,0,0
E02,6285.98,2,0.957,2641,0.939,0,0
E99,584.12,2,0.841,1335,0.465,1,0
E02,6624.09,2,0.604,427,0.806,1,0
E03,3678.99,1,0.994,2545,0.509,0,1
E01,9304.67,1,0.376,3042,0.7,0,1
E01,9367.15,1,0.795,3001,0.456,0,1
E01,8474.69,2,0.816,1746,0.334,1,1
E01,5721.7,2,0.865,1106,0.465,0,1
E02,9199.86,1,0.748,797,0.339,0,0
E01,6533.1,1,0.352,1432,0.448,0,1
E03,8763.78,0,0.273,366,0.687,1,0
E01,1684.53,1,0.344,3195,0.239,1,0
E01,9051.39,1,0.887,897,0.686,1,1
E99,6649.75,2,0.522,2809,0.119,0,0
E03,3102.41,0,0.637,1387,0.051,0,0
E99,9978.35,2,0.22,2485,0.269,0,0
E02,6900.15,2,0.593,3278,0.24,1,0
E01,9093.32,1,0.527,1466,0.833,1,0
E02,155.3,2,0.628,3473,0.761,0,0
E02,5568.15,2,0.5,1228,0.676,0,0
E01,7154.07,0,0.26,917,0.714,1,0
E99,236.0,1,0.235,2604,0.673,1,0
E03,7649.34,2,0.96,507,0.827,0,1
E03,6549.34,2,0.683,336,0.552,1,0
E02,2820.12,0,0.715,1325,0.067,1,1
E03,6920.55,0,0.932,1956,0.862,0,1
E01,1395.92,2,0.641,1685,0.492,0,0
E99,8257.97,0,0.692,219,0.923,0,1
E02,8675.63,2,0.618,1974,0.889,0,0
E01,4906.22,1,0.341,2244,0.425,0,0
E01,5123.68,2,0.449,1025,0.927,1,1
E03,4080.34,0,0.907,2046,0.105,1,0
E99,3518.81,1,0.555,1277,0.673,1,0
E99,8741.69,2,0.363,216,0.691,1,0
E03,3118.24,0,0.862,2679,0.84,0,0
E99,4088.22,0,0.27,1512,0.493,1,0
E03,3069.17,1,0.712,3541,0.276,1,0
E01,6601.46,0,0.76,693,0.092,1,1
E03,8160.76,2,0.443,28,0.489,1,0
E01,1726.92,2,0.334,2873,0.476,0,1
E01,2621.95,2,0.559,3104,0.385,1,0
E02,1130.67,1,0.804,3287,0.648,1,1
E01,1685.82,1,0.909,3562,0.549,0,1
E99,4128.13,2,0.852,1133,0.159,1,0
E99,7781.18,0,0.288,2444,0.095,0,0
E02,5462.02,0,0.378,106,0.887,0,1
E03,627.44,2,0.694,1503,0.748,0,0
E02,6288.36,0,0.768,3231,0.485,1,1
E01,7973.51,0,0.207,2284,0.516,1,1
E01,3995.33,0,0.314,3040,0.158,1,0
E01,2525.62,0,0.275,3406,0.298,1,1
E01,7662.98,1,0.473,2868,0.825,1,0
E01,336.67,1,0.745,2474,0.169,0,0
E01,8174.35,0,0.955,1283,0.148,1,1
E01,8062.17,2,0.272,1914,0.575,0,0
E99,8891.06,2,0.605,287,0.84,1,0
E01,985.85,1,0.498,2078,0.406,0,0
E01,1166.81,0,0.519,3509,0.657,1,1
E02,8740.25,1,0.254,533,0.898,0,1
E02,4805.1,2,0.431,1776,0.888,0,0
E02,3984.15,0,0.402,3238,0.49,1,0
E01,5775.61,1,0.775,1284,0.328,1,1
E03,679.97,1,0.713,2121,0.589,1,0
E02,6472.79,2,0.709,2798,0.919,1,1
E03,9456.32,2,0.615,2837,0.69,0,0
E02,6789.63,0,0.474,2414,0.948,1,1
E02,4698.9,0,0.395,226,0.594,1,1
E02,9612.72,0,0.209,151,0.07,1,1
E01,6916.31,0,0.318,2716,0.471,0,1
E02,663.91,1,0.376,3450,0.899,0,0
E01,6733.46,2,0.98,964,0.082,0,0
E01,690.99,1,0.976,2002,0.631,0,1
E03,3141.58,2,0.814,257,0.405,0,1
E01,6195.27,1,0.688,678,0.429,0,1
E01,2234.6,2,0.735,1744,0.584,0,1
E03,478.07,0,0.68,58,0.437,0,1
E02,6217.74,2,0.717,2119,0.915,1,1
E03,2929.99,0,0.375,1988,0.335,1,0
E99,5376.35,0,0.981,334,0.764,0,0
E99,2685.34,2,0.805,2138,0.137,0,0
E02,6895.65,0,0.387,1640,0.363,1,0
E01,8967.44,0,0.611,359,0.198,0,0
E03,956.99,1,0.831,788,0.257,0,0
E03,7884.55,0,0.929,1962,0.581,1,0
E03,1645.34,2,0.507,2919,0.372,0,0
E01,3361.16,1,0.587,1554,0.096,1,1
E01,3637.92,1,0.448,2275,0.862,0,1
E01,2142.47,0,0.501,1576,0.685,0,1
E01,844.82,2,0.382,3101,0.948,1,0
E01,7708.02,1,0.224,3510,0.802,0,1
E99,7956.91,2,0.533,1521,0.576,1,0
E01,9968.65,1,0.576,1065,0.483,1,1
E03,9352.58,2,0.824,2073,0.94,0,1
E99,4402.96,1,0.618,3183,0.449,0,0
E02,1420.54,2,0.461,2158,0.562,1,1
E02,205.93,2,0.571,1240,0.364,1,0
E03,5362.02,0,0.837,2794,0.314,0,0
E01,8619.61,0,0.585,647,0.845,1,1
E02,2752.25,2,0.644,983,0.282,0,1
E03,2069.52,0,0.338,549,0.185,1,0
E03,4445.64,0,0.206,3286,0.734,1,1
E03,8945.97,2,0.944,3386,0.841,0,1
E99,4571.57,1,0.414,3450,0.922,1,0
E02,7254.86,0,0.478,84,0.677,1,0
E03,4679.01,0,0.292,3237,0.377,0,0
E03,3792.29,0,0.61,789,0.53,0,0
E03,4465.03,2,0.79,3428,0.225,0,0
E03,7707.17,1,0.749,1226,0.249,1,0
E03,7568.62,2,0.884,1102,0.892,0,0
E99,4374.41,2,0.429,2364,0.848,0,0
E01,2749.41,0,0.452,2844,0.312,0,1
E03,1477.36,0,0.972,1353,0.408,0,1
E01,113.56,2,0.565,2967,0.951,1,1
E02,1221.25,2,0.868,74,0.418,1,0
E03,1730.09,0,0.689,3234,0.358,0,0
E03,6930.38,0,0.345,1861,0.239,0,0
E02,8197.37,2,0.966,1932,0.433,0,0
E02,7395.76,2,0.46,3184,0.392,0,0
E01,7260.0,2,0.713,198,0.741,0,0
E01,9943.77,0,0.404,3191,0.376,0,0
E01,9629.72,2,0.661,731,0.481,0,1
E99,2761.59,2,0.633,3569,0.352,1,0
E01,1536.5,1,0.409,2588,0.35,0,1
E99,1617.65,1,0.991,1233,0.286,0,0
E01,8966.51,2,0.313,239,0.518,1,0
E03,1113.23,2,0.554,441,0.453,0,0
E02,3467.43,2,0.225,439,0.104,0,0
E03,5350.43,1,0.746,251,0.925,0,0
E03,6173.16,0,0.57,2217,0.378,1,0
E03,5997.75,2,0.648,3121,0.762,1,0
E99,7885.44,0,0.759,2879,0.903,0,0
E02,5759.76,2,0.811,2693,0.061,1,0
E01,8525.36,1,0.973,3529,0.166,0,0
E01,937.84,1,0.891,2259,0.229,0,1
E03,8603.76,0,0.459,342,0.883,1,0
E02,5941.03,0,0.782,1788,0.563,0,0
E02,2307.03,1,0.261,2729,0.342,0,0
E02,9779.66,0,0.309,1646,0.091,1,0
E02,9403.37,2,0.568,1106,0.083,1,0
E03,8472.69,2,0.568,1778,0.593,0,1
E03,9124.8,0,0.605,2812,0.711,1,1
E03,3883.2,2,0.58,1310,0.412,1,0
E03,2355.27,0,0.713,1271,0.32,0,0
E99,1910.75,0,0.963,1709,0.808,0,0
E02,8750.22,2,0.338,1510,0.864,0,0
E99,8283.65,0,0.486,757,0.41,0,0
E01,9811.29,1,0.259,1008,0.753,0,1
E03,8497.7,0,0.36,424,0.867,0,0
E03,6360.42,0,0.99,2705,0.408,1,1
E02,1508.59,0,0.232,761,0.201,1,0
E01,1731.99,1,0.371,3522,0.396,0,0
E02,4789.63,0,0.541,3495,0.108,0,0
E02,7701.18,0,0.434,2420,0.083,1,0
E99,1815.43,2,0.636,3566,0.825,0,0
E02,9163.62,0,0.992,3109,0.852,0,1
E01,6869.53,0,0.763,2705,0.658,0,1
E02,3191.86,0,0.525,1281,0.855,1,1
E02,8869.02,2,0.746,3014,0.929,0,0
E01,6026.44,1,0.898,1227,0.695,0,0
E02,7358.27,2,0.383,373,0.907,0,0
E02,3915.88,2,0.774,2037,0.914,0,0
E01,3996.15,0,0.691,443,0.308,0,0
E02,224.91,2,0.787,332,0.943,1,1
E02,5425.23,1,0.267,334,0.975,1,0
E03,7631.89,1,0.786,3281,0.313,0,0
E02,9691.36,1,0.83,228,0.64,0,1
E01,8933.05,2,0.75,1420,0.257,0,0
E99,961.21,0,0.358,2690,0.42,0,0
E02,9807.15,0,0.329,2887,0.637,1,1
E01,1579.86,2,0.791,203,0.085,1,1
E03,507.03,2,0.718,3217,0.658,0,0
E01,7514.41,1,0.987,3416,0.507,1,0
E03,9068.28,0,0.564,3491,0.166,0,1
E03,9502.85,0,0.383,2354,0.694,1,0
E99,8267.26,1,0.816,1844,0.936,1,0
E99,2128.57,2,0.799,615,0.052,0,0
E01,1624.63,1,0.618,445,0.461,0,1
E03,683.79,0,0.797,2943,0.169,0,1
E01,5861.49,1,0.448,3061,0.245,0,1
E03,4923.49,0,0.373,2965,0.512,0,0
E02,1181.91,1,0.301,2225,0.324,0,0
E01,4701.79,2,0.432,2030,0.66,1,0
E01,5716.5,1,0.724,697,0.298,1,0
E01,7257.25,0,0.407,328,0.78,1,1
E01,4200.56,0,0.907,723,0.222,0,0
E01,3251.69,0,0.4,1443,0.903,1,1
E99,6690.22,1,0.748,1085,0.426,1,0
E02,6873.81,0,0.622,1975,0.102,0,0
E03,2777.24,2,0.369,2814,0.144,1,0
E03,296.25,0,0.645,2677,0.551,1,0
E03,9462.34,0,0.964,2981,0.906,1,1
E02,7577.34,1,0.955,1075,0.534,1,1
E99,2090.93,2,0.433,3368,0.473,1,0
E03,5700.09,2,0.629,3143,0.776,1,0
E03,5989.98,2,0.321,1256,0.263,0,0
E99,1347.29,1,0.575,903,0.686,1,1
E02,1997.41,1,0.457,3196,0.255,0,0
E02,9571.39,1,0.944,3593,0.845,1,1
E99,5129.31,0,0.706,1674,0.878,1,1
E02,1995.28,0,0.348,415,0.233,0,0
E03,7995.99,2,0.994,2183,0.185,0,0
E01,4758.68,1,0.755,2998,0.73,1,1
E01,6420.28,2,0.308,1688,0.664,1,1
E02,3045.27,2,0.84,476,0.634,0,0
E01,673.25,0,0.646,2648,0.529,1,0
E99,1732.95,2,0.52,2733,0.171,1,0
E01,9733.07,0,0.357,3149,0.726,0,0
E03,6273.53,2,0.422,3104,0.203,0,0
E01,8327.74,0,0.334,1720,0.56,0,1
E99,313.04,0,0.843,1127,0.376,1,0
E02,7678.08,1,0.418,596,0.362,1,1
E01,4901.03,1,0.576,365,0.832,0,0
E01,6686.55,0,0.974,2977,0.479,0,1
E02,3646.23,2,0.996,3599,0.514,0,0
E99,6246.6,0,0.833,2316,0.892,0,1
E99,452.64,2,0.839,3495,0.575,1,0
E01,551.33,0,0.956,1107,0.803,0,1
E02,8008.48,2,0.837,2724,0.861,1,0
E01,1332.21,2,0.561,1429,0.703,1,1
E02,238.44,1,0.248,1391,0.185,1,0
E02,9133.32,1,0.367,2304,0.162,0,0
E01,2728.76,0,0.556,484,0.458,1,1
E03,5865.58,2,0.412,1484,0.109,1,0
E99,8405.28,0,0.463,1505,0.333,0,0
E01,7484.48,1,0.247,1550,0.246,1,1
E01,561.62,0,0.642,2593,0.086,0,1
E01,5653.39,2,0.481,1001,0.425,1,1
E01,5463.8,1,0.407,549,0.284,0,1
E01,3565.79,1,0.688,2199,0.146,0,0
E03,7560.27,0,0.421,61,0.736,0,0
E01,9643.66,0,0.581,3557,0.908,0,1
E03,1557.15,1,0.397,3254,0.634,0,1
E99,1537.72,2,0.744,1379,0.924,0,0
E99,7373.89,1,0.883,2520,0.206,0,0
E03,4598.72,0,0.265,1868,0.772,0,0
E01,7972.67,1,0.856,2498,0.434,1,1
E01,1496.67,0,0.881,790,0.51,1,1
E01,494.59,1,0.972,3409,0.674,0,1
E99,7009.55,1,0.862,3173,0.787,0,0
E99,9947.64,0,0.642,1875,0.106,1,0
E02,1038.5,0,0.256,3159,0.415,1,0
E01,8656.95,1,0.26,1145,0.769,1,1
E02,3914.37,1,0.357,2828,0.553,0,0
E01,266.22,2,0.558,3274,0.371,1,0
E99,5149.22,1,0.964,2506,0.088,1,0
E01,2860.66,1,0.34,3548,0.057,1,0
E02,6964.69,1,0.631,771,0.45,1,0
E02,2949.52,2,0.998,74,0.505,1,1
E01,4868.83,0,0.211,1896,0.265,1,1
E02,2085.6,1,0.238,1191,0.802,1,1
E99,8298.21,1,0.416,2301,0.73,1,0
E01,9261.77,1,0.38,1305,0.227,0,1
E02,4093.02,2,0.599,3127,0.227,1,0
E02,4543.91,1,0.536,401,0.863,0,1
E01,9828.57,0,0.667,3469,0.914,0,0
E01,1506.94,2,0.318,798,0.975,1,1
E01,8105.33,0,0.749,1177,0.695,0,1
E01,5716.06,2,0.372,89,0.923,0,0
E02,8819.27,1,0.562,2443,0.19,1,0
E03,2995.04,1,0.227,2507,0.196,1,0
E03,3031.96,0,0.838,3346,0.089,0,0
E99,3325.62,2,0.702,385,0.556,0,1
E02,264.65,1,0.367,1737,0.258,1,0
E03,1781.94,2,0.681,3195,0.585,1,1
E03,9946.41,2,0.55,109,0.057,1,0
E01,2564.59,2,0.861,2102,0.547,0,0
E01,297.18,0,0.987,828,0.886,0,0
E02,2857.55,0,0.3,1282,0.732,0,1
E03,4143.06,1,0.592,2720,0.395,0,0
E02,5523.09,0,0.406,2912,0.114,1,0
E01,778.8,2,0.8,21,0.28,0,0
E99,7925.25,2,0.228,2342,0.523,0,0
E01,8272.46,1,0.636,1419,0.292,1,1
E99,2210.29,2,0.886,2711,0.78,0,0
E03,8004.34,1,0.511,3029,0.929,1,0
E03,3678.13,2,0.87,3160,0.216,1,0
E03,4288.79,0,0.318,369,0.055,0,1
E01,9370.24,0,0.935,2907,0.129,0,1
E03,8929.85,2,0.833,3471,0.805,0,1
E03,3813.6,2,0.513,2805,0.1,0,0
E03,4932.29,0,0.305,1357,0.752,0,0
E01,2936.59,2,0.616,2627,0.431,1,1
E01,5202.8,1,0.736,244,0.451,1,0
E01,6850.89,2,0.303,1359,0.737,0,0
E02,1017.41,0,0.947,2967,0.351,1,1
E02,9206.43,2,0.81,2346,0.812,0,0
E03,7216.85,0,0.961,955,0.139,1,1
E03,1057.85,0,0.439,2036,0.726,1,1
E03,8702.99,2,0.547,7,0.899,1,0
E01,7462.46,2,0.392,3468,0.204,0,0
E02,3199.96,0,0.419,1982,0.572,0,1
E01,5262.19,1,0.316,1803,0.653,0,1
E01,8615.29,2,0.3,1200,0.175,1,0
E01,9684.44,1,0.737,799,0.561,1,1
E01,2882.67,1,0.326,1183,0.287,0,0
E01,6540.53,0,0.307,1648,0.758,1,1
E02,8616.44,1,0.628,1533,0.584,1,0
E01,9882.85,2,0.763,1493,0.436,0,1
E01,800.11,1,0.822,1829,0.748,1,0
E01,5085.86,0,0.664,1687,0.738,0,1
E03,8749.29,2,0.361,1116,0.248,0,0
E02,131.27,1,0.659,2092,0.074,1,1
E01,4428.63,0,0.701,887,0.283,0,1
E01,5883.57,1,0.406,3412,0.88,1,0
E99,5312.25,0,0.316,2401,0.423,1,0
E02,7354.45,2,0.941,1012,0.239,1,1
E03,748.67,2,0.277,2493,0.397,1,0
E02,7875.63,2,0.422,3488,0.41,0,1
E03,2903.39,1,0.385,2753,0.477,1,1
E99,8259.87,0,0.914,2806,0.473,1,1
E02,4252.93,0,0.602,786,0.33,1,0
E03,524.89,0,0.965,659,0.332,1,1
E01,9642.76,1,0.863,2021,0.802,1,1
E03,7827.44,0,0.804,1010,0.673,0,0
E02,3543.38,2,0.341,434,0.689,1,0
E01,2773.27,0,0.475,3273,0.229,1,1
E99,5930.74,0,0.856,1243,0.982,1,1
E99,9874.22,2,0.987,2885,0.132,0,0
E01,2972.65,2,0.902,2634,0.692,0,0
E99,9487.88,1,0.959,516,0.749,0,1
E01,3370.83,0,0.713,676,0.301,0,1
E02,7070.57,0,0.586,2104,0.122,1,1
E99,3879.17,1,0.612,2246,0.743,0,1
E01,942.02,2,0.567,997,0.582,0,0
E02,9368.27,1,0.324,553,0.958,0,0
E03,1722.89,0,0.445,2267,0.734,1,0
E01,9452.45,1,0.272,850,0.924,0,0
E02,1122.74,0,0.271,625,0.646,1,1
E01,2742.78,1,0.449,1362,0.518,1,1
E03,9217.14,1,0.733,1267,0.938,1,0
E01,6619.55,2,0.691,1448,0.82,1,0
E01,1975.89,0,0.648,1399,0.083,0,0
E03,5961.72,1,0.799,2037,0.598,1,1
E01,1885.87,0,0.538,1936,0.19,1,1
E02,8756.98,1,0.554,135,0.941,1,1
E03,593.3,2,0.614,862,0.685,1,0
E03,5344.8,2,0.253,1816,0.474,0,0
E01,728.38,2,0.665,2620,0.952,0,1
E99,6980.73,0,0.8,109,0.366,1,0
E03,9364.39,2,0.411,2913,0.467,1,0
E01,8327.56,2,0.884,340,0.425,1,1
E03,3780.11,2,0.413,2304,0.174,0,0
E03,2445.36,2,0.611,788,0.191,0,0
E03,1298.17,0,0.9,3251,0.606,1,1
E02,8748.88,2,0.791,2495,0.115,1,0
E03,902.98,2,0.661,2845,0.925,1,0
E99,6325.41,0,0.698,2921,0.358,0,0
E02,3735.95,1,0.287,159,0.352,1,0
E03,9958.21,1,0.759,3049,0.181,0,0
E03,5137.35,0,0.69,305,0.38,0,0
E99,5533.03,0,0.268,1954,0.7,0,0
E99,9187.1,0,0.299,2376,0.95,1,0
E01,9699.41,0,0.977,3239,0.231,1,1
E01,5878.0,1,0.342,2599,0.217,0,1
E02,7982.2,0,0.917,2563,0.181,0,1
E02,6384.19,0,0.421,3484,0.59,1,0
E02,4331.26,1,0.517,59,0.16,1,1
E03,667.42,0,0.644,12,0.133,1,0
E99,7205.66,1,0.701,685,0.749,0,0
E02,7032.6,1,0.598,853,0.796,1,1
E03,1255.35,1,0.479,1799,0.346,1,0
E01,2377.68,1,0.599,2994,0.597,1,0
E02,7348.07,0,0.761,1414,0.748,0,0
E01,1582.15,0,0.517,3209,0.096,1,0
E02,6940.26,1,0.636,2307,0.647,0,0
E02,7207.97,1,0.503,1672,0.319,1,0
E03,3598.1,2,0.464,2855,0.435,1,0
E03,2656.0,0,0.439,1742,0.385,1,0
E02,3793.09,0,0.379,154,0.725,0,1
E01,3656.05,1,0.809,3073,0.491,0,1
E01,6109.5,2,0.987,478,0.764,0,1
E99,7464.1,0,0.223,1656,0.346,1,0
E99,8631.35,0,0.357,561,0.559,0,0
E01,396.92,1,0.971,2834,0.903,1,1
E01,7292.86,1,0.473,2294,0.462,0,0
E02,3210.44,1,0.511,3415,0.592,1,1
E03,8402.56,0,0.73,3119,0.68,1,1
E02,849.6,1,0.482,943,0.908,0,1
E01,5556.63,1,0.594,909,0.648,1,1
E02,5531.87,0,0.921,988,0.626,0,1
E01,3332.46,2,0.652,554,0.834,1,0
E01,9706.04,1,0.734,3379,0.982,0,1
E01,1158.54,0,0.374,298,0.895,1,1
E03,1450.33,2,0.409,1528,0.167,1,0
E02,6478.17,2,0.913,1014,0.686,1,1
E01,5191.56,0,0.934,57,0.359,0,1
E02,2718.22,2,0.846,2991,0.44,1,0
E02,3112.29,1,0.298,1809,0.657,1,0
E03,1654.53,0,0.855,3159,0.186,0,1
E99,8690.86,1,0.215,2220,0.701,0,0
E01,5738.24,0,0.677,1785,0.326,1,1
E99,2523.86,2,0.74,881,0.82,1,0
E03,3994.87,0,0.541,2128,0.399,1,0
E03,9076.18,1,0.583,2618,0.097,0,0
E02,8879.73,0,0.793,101,0.613,1,1
E01,784.16,2,0.916,839,0.755,1,1
E01,6575.59,0,0.351,1302,0.63,1,1
E99,1614.41,1,0.311,431,0.782,1,0
E03,2187.75,1,0.704,304,0.806,1,0
E02,8655.66,1,0.385,898,0.09,1,1
E02,8962.38,1,0.355,1227,0.052,1,1
E01,918.65,0,0.363,1922,0.261,0,1
E01,8751.84,1,0.357,2929,0.261,1,1
E03,7312.09,1,0.582,3080,0.579,1,0
E02,7779.53,0,0.972,1374,0.265,1,0
E03,7938.97,0,0.862,1906,0.393,1,1
E03,5121.61,0,0.635,51,0.476,1,0
E03,9474.39,1,0.265,3056,0.615,0,0
E03,2083.56,0,0.738,845,0.987,1,0
E01,5099.15,0,0.561,232,0.697,0,1
E03,3253.67,2,0.823,2169,0.3,0,0
E03,8242.07,2,0.595,1341,0.38,1,0
E01,918.74,2,0.735,1480,0.091,1,1
E01,4393.42,2,0.36,1567,0.444,1,1
E01,7757.43,1,0.867,2261,0.604,0,1
E01,3192.18,2,0.824,2886,0.942,1,0
E02,2480.72,2,0.499,2058,0.302,1,0
E01,2699.24,0,0.971,2198,0.279,1,0
E03,7164.54,0,0.328,2911,0.066,0,0
E01,2939.15,2,0.216,2826,0.59,0,1
E01,4086.57,2,0.811,621,0.986,1,1
E01,5502.11,2,0.68,1219,0.399,0,1
E01,9413.52,1,0.289,1777,0.518,1,0
E99,7964.04,2,0.328,3362,0.105,1,0
E01,1934.29,2,0.305,2185,0.587,0,0
E01,8842.53,2,0.333,2929,0.247,0,0
E01,8463.2,1,0.569,2861,0.065,1,0
E02,7477.72,0,0.241,3295,0.693,1,0
E03,5217.37,2,0.616,1866,0.189,1,0
E03,791.17,2,0.684,946,0.145,1,0
E02,7143.9,2,0.782,1481,0.264,1,0
E03,5231.59,1,0.957,24,0.179,0,0
E02,3166.77,0,0.266,2461,0.635,0,1
E03,198.39,2,0.228,2216,0.301,0,0
E02,2387.38,0,0.311,595,0.681,0,0
E01,6096.33,0,0.47,1773,0.563,0,0
E03,1211.84,0,0.62,2578,0.382,1,0
E03,6588.65,0,0.203,2804,0.232,0,0
E02,8214.75,1,0.754,2793,0.682,0,1
E99,3249.97,0,0.966,351,0.543,0,0
E99,911.66,1,0.4,1345,0.728,1,1
E01,1483.02,1,0.207,2144,0.526,0,1
E03,3643.3,1,0.803,379,0.804,1,0
E03,8153.0,1,0.816,716,0.567,0,0
E02,6379.36,1,0.235,3394,0.815,0,0
E02,8692.09,2,0.694,1853,0.567,0,0
E99,9944.83,0,0.394,2082,0.954,0,0
E03,2105.41,0,0.706,570,0.852,1,0
E02,6978.73,2,0.781,2282,0.289,1,0
E01,4718.52,0,0.378,3284,0.734,1,1
E02,4985.43,2,0.409,3455,0.174,0,0
E99,3323.26,0,0.689,660,0.906,0,1
E03,3490.87,2,0.666,799,0.375,0,0
E01,6795.19,0,0.909,2070,0.499,1,1
E99,6245.95,0,0.608,3192,0.069,0,0
E03,3253.19,1,0.84,21,0.866,1,0
E02,1273.95,1,0.786,811,0.941,1,1
E01,5824.59,2,0.733,564,0.492,1,1
E02,7420.02,1,0.353,2842,0.227,0,0
E01,5630.36,2,0.421,1798,0.702,1,0
E01,136.14,2,0.653,2572,0.329,0,1
E03,2894.92,0,0.253,148,0.952,1,0
E99,7807.94,0,0.236,476,0.342,1,0
E02,7451.23,0,0.24,1954,0.591,1,0
E99,203.06,2,0.937,1512,0.096,1,0
E99,4755.93,2,0.751,664,0.98,1,0
E01,4429.45,2,0.869,939,0.592,1,1
E01,6557.59,0,0.971,2615,0.967,1,1
E03,1337.3,1,0.761,50,0.333,0,0
E03,6252.01,2,0.612,3125,0.546,0,0
E02,9474.49,2,0.583,574,0.067,0,1
E03,3780.32,1,0.797,2731,0.775,1,0
E03,3439.83,0,0.894,2267,0.207,0,1
E03,379.91,2,0.864,229,0.45,0,0
E03,668.21,2,0.594,2752,0.68,1,1
E01,9322.57,0,0.819,1787,0.127,1,0
E01,9757.47,1,0.581,1084,0.787,0,1
E01,155.85,2,0.508,401,0.807,1,0
E99,9016.73,2,0.438,416,0.549,0,0
E99,1822.2,2,0.244,1473,0.619,1,0
E03,5657.45,2,0.361,1061,0.139,1,0
E01,6813.6,0,0.784,3022,0.472,0,1
E02,3654.68,0,0.337,1954,0.841,0,0
E01,5336.98,1,0.921,149,0.134,1,0
E02,6312.67,1,0.263,3157,0.979,1,0
E01,2019.87,1,0.241,906,0.507,1,0
E03,9943.14,0,0.585,2183,0.062,1,1
E01,2118.43,0,0.378,2975,0.37,0,1
E03,202.35,1,0.282,2404,0.521,1,1
E99,9448.42,2,0.248,1461,0.951,1,0
E03,4348.36,2,0.622,27,0.713,1,0
E01,4046.34,0,0.408,848,0.596,0,1
E99,2829.15,0,0.645,2050,0.959,0,0
E03,355.74,0,0.319,3417,0.327,1,1
E02,2719.23,2,0.22,130,0.407,1,0
E03,3993.67,0,0.222,561,0.772,0,0
E99,5251.26,2,0.29,1290,0.609,0,0
E02,4630.68,1,0.837,2839,0.256,1,0
E02,8802.46,1,0.559,3420,0.756,0,0
E02,9122.17,2,0.699,641,0.301,1,0
E01,3239.83,1,0.9,2090,0.575,1,0
E03,9599.59,1,0.37,3467,0.855,1,0
E01,8662.85,1,0.897,3594,0.309,0,0
E02,9283.58,1,0.797,2830,0.765,0,1
E02,7092.68,1,0.783,2803,0.86,1,1
E01,2062.89,0,0.897,995,0.348,1,1
E02,2032.76,0,0.301,1114,0.235,1,0
E03,9095.65,2,0.632,3541,0.864,0,1
E01,5119.75,1,0.587,2242,0.488,1,0
E01,8915.63,1,0.731,412,0.343,1,1
E99,7233.42,2,0.39,249,0.06,0,1
E99,2203.87,1,0.302,3094,0.232,0,0
E02,3909.12,0,0.979,467,0.532,0,1
E01,9681.47,1,0.573,2518,0.829,1,1
E01,293.87,1,0.386,1158,0.522,1,1
E01,7174.38,2,0.303,626,0.31,1,0
E02,9789.92,2,0.675,411,0.923,1,0
E99,1131.05,2,0.318,1967,0.397,1,0
E03,2792.73,2,0.346,2893,0.203,0,0
E01,5515.43,2,0.962,43,0.939,0,1
E99,8453.27,2,0.223,2534,0.423,1,0
E02,5114.47,1,0.349,2063,0.503,0,0
E01,690.0,2,0.737,2859,0.83,1,0
E02,1359.12,0,0.374,2096,0.32,0,0
E01,3821.84,1,0.346,454,0.547,1,0
E99,3293.15,1,0.645,1471,0.864,1,0
E02,2274.82,0,0.757,3553,0.291,1,1
E03,8417.27,1,0.545,2968,0.891,1,1
E02,366.13,0,0.825,1265,0.23,1,1
E99,8310.51,2,0.852,3350,0.853,1,0
E03,9224.63,1,0.698,27,0.42,0,0
E02,6338.1,1,0.662,1922,0.565,1,1
E01,6290.97,1,0.853,2786,0.568,1,1
E99,1575.28,0,0.212,2426,0.243,0,0
E02,5726.35,1,0.609,644,0.213,0,0
E01,3814.23,0,0.303,525,0.719,1,1
E99,2367.59,2,0.377,2677,0.826,0,0
E01,5874.96,0,0.959,3593,0.179,0,0
E01,111.79,0,0.203,2751,0.756,0,0
E02,2836.49,2,0.446,3088,0.357,0,0
E01,6594.82,0,0.323,3277,0.609,1,1
E02,4604.9,2,0.656,3416,0.553,0,0
E01,1541.84,0,0.875,2844,0.749,1,1
E01,113.05,1,0.513,2801,0.559,0,1
E01,2777.35,2,0.87,2843,0.138,1,1
E01,5535.69,2,0.552,1163,0.312,1,0
E99,5392.0,1,0.927,1946,0.424,0,0
E02,1397.61,2,0.878,798,0.588,0,1
E02,6175.6,2,0.343,1911,0.209,0,0
E02,9989.35,0,0.908,1840,0.367,0,1
E03,5890.18,0,0.354,247,0.109,0,0
E01,5323.62,0,0.592,298,0.353,1,1
E01,6264.07,0,0.357,3422,0.531,1,1
E03,8808.74,0,0.509,1986,0.93,1,0
E02,9465.39,1,0.988,118,0.217,0,0
E03,506.23,2,0.812,1332,0.076,0,0
E99,2129.44,1,0.643,3208,0.405,0,1
E03,1246.06,0,0.948,2620,0.621,0,0
E01,7746.3,2,0.488,2965,0.621,1,1
E01,551.07,1,0.339,2252,0.375,1,1
E01,9036.09,2,0.863,2521,0.085,0,0
E03,303.5,1,0.21,888,0.914,1,0
E99,6065.21,1,0.844,3030,0.522,0,0
E99,2828.2,1,0.217,2640,0.78,0,0
E01,4758.58,2,0.428,862,0.423,0,0
E03,4474.67,0,0.484,1120,0.832,1,1
E02,7514.04,1,0.455,2761,0.788,0,0
E03,5016.76,2,0.395,895,0.14,0,0
E02,4270.09,0,0.287,2408,0.098,0,0
E01,7329.74,0,0.203,1507,0.191,0,0
E01,9265.49,1,0.82,1034,0.823,1,1
E99,7959.83,2,0.566,569,0.303,1,0
E02,7393.5,2,0.33,2598,0.422,1,0
E02,4928.45,1,0.266,1171,0.594,1,0
E02,9012.14,1,0.423,2002,0.663,1,1
E02,4914.5,1,0.483,936,0.451,1,0
E99,9309.83,1,0.569,531,0.472,0,0
E01,8048.93,2,0.281,79,0.358,0,0
E01,1587.58,1,0.984,3382,0.138,0,0
E03,565.22,1,0.415,1083,0.189,1,0
E02,7434.47,2,0.553,2074,0.887,1,1
E01,6889.81,0,0.767,1681,0.966,0,1
E01,6060.68,2,0.448,1332,0.826,0,0
E01,9764.77,2,0.266,2987,0.337,1,0
E01,5499.49,1,0.501,3279,0.218,0,0
E01,3544.21,1,0.642,650,0.529,1,0
E01,5693.16,1,0.873,112,0.139,0,0
E03,381.28,1,0.494,1179,0.91,1,1
E99,5834.72,1,0.912,371,0.772,1,1
E99,9034.06,2,0.637,106,0.965,0,0
E02,142.87,0,0.774,2898,0.855,0,1
E01,8468.51,1,0.224,271,0.434,0,0
E99,8039.1,1,0.917,254,0.345,0,0
E03,1150.42,1,0.371,1282,0.834,0,1
E02,8483.62,2,0.461,2045,0.603,0,0
E01,7659.1,0,0.619,1800,0.876,0,1
E01,4961.36,1,0.968,2684,0.356,0,0
E02,2527.62,0,0.477,2693,0.564,0,1
E02,2952.19,0,0.376,60,0.485,0,0
E01,6161.52,1,0.969,2747,0.222,0,1
E99,2538.41,2,0.847,154,0.559,0,0
E02,3321.02,0,0.731,3290,0.128,1,1
E02,9315.3,0,0.528,1101,0.402,1,1
E01,7320.35,0,0.536,3268,0.551,1,0
E03,7387.13,1,0.961,3597,0.187,1,0
E03,9563.77,2,0.255,366,0.758,0,0
E01,157.36,2,0.806,1372,0.229,0,0
E02,2520.41,0,0.681,404,0.735,1,1
E03,6613.94,2,0.975,3486,0.073,1,0
E03,4438.89,0,0.647,1788,0.698,0,0
E01,1216.77,1,0.424,3015,0.426,1,0
E99,7834.21,2,0.824,2122,0.793,1,0
E02,566.02,2,0.989,3052,0.578,0,1
E01,5484.13,2,0.926,2152,0.407,1,1
E01,5668.4,0,0.436,175,0.674,0,1
E01,6396.02,2,0.477,1751,0.415,1,0
E01,3224.7,1,0.804,2357,0.385,0,0
E02,333.65,1,0.679,3532,0.45,0,0
E03,8900.93,1,0.209,2998,0.718,1,0
E01,9299.13,1,0.313,1832,0.628,0,0
E99,4871.69,0,0.268,2901,0.912,0,0
E01,304.34,2,0.343,3367,0.05,0,0
E02,5850.62,2,0.444,3153,0.201,1,0
E99,3227.71,0,0.974,3557,0.514,1,0
E03,1906.61,0,0.741,1294,0.679,0,1
E03,1772.63,0,0.244,1599,0.134,0,0
E03,1874.63,1,0.686,52,0.327,0,0
E01,3375.33,0,0.549,482,0.979,1,1
E01,2878.14,2,0.803,2939,0.358,1,0
E02,8380.61,2,0.907,1173,0.407,0,1
E01,5003.62,2,0.252,1580,0.274,0,0
E02,4333.71,0,0.984,1291,0.066,0,1
E01,1543.75,2,0.246,3336,0.318,0,1
E99,8771.32,1,0.786,3198,0.201,0,0
E99,642.74,0,0.923,2662,0.408,0,0
E03,2471.36,1,0.801,3462,0.268,0,1
E03,6252.58,0,0.321,1968,0.43,1,0
E01,7052.89,2,0.366,611,0.303,0,0
E01,8031.45,0,0.233,2285,0.911,0,0
E03,4161.88,0,0.305,73,0.324,0,0
E03,3532.73,0,0.249,1511,0.227,1,0
E02,2956.66,1,0.243,2990,0.766,0,0
E02,5724.14,2,0.65,649,0.813,0,1
E02,3551.49,2,0.261,2011,0.579,0,0
E01,3348.13,1,0.54,2798,0.374,1,0
E01,267.22,0,0.768,2704,0.834,1,0
E02,9488.33,0,0.212,2131,0.68,0,0
E03,699.88,1,0.711,1194,0.408,0,0
E99,2781.63,2,0.806,872,0.418,0,0
E02,9222.05,0,0.629,571,0.052,0,0
E03,7379.95,2,0.58,2652,0.104,1,0
E03,5823.58,0,0.785,953,0.177,0,0
E01,6642.06,2,0.624,2339,0.282,0,0
E03,1060.89,0,0.607,175,0.921,1,0
E02,8105.61,2,0.841,1051,0.822,0,0
E02,2576.06,0,0.87,1389,0.088,0,0
E01,9566.52,0,0.495,2782,0.064,0,1
E99,2390.61,0,0.532,358,0.601,1,1
E99,6291.11,0,0.841,1693,0.404,1,0
E01,5498.71,2,0.636,1670,0.804,0,1
E01,1516.72,0,0.749,1158,0.965,1,1
E01,3692.98,1,0.26,2877,0.515,0,0
E03,7834.8,2,0.276,3529,0.217,0,0
E02,2204.62,1,0.625,172,0.889,0,1
E01,9632.29,2,0.855,3356,0.447,0,0
E03,3025.29,2,0.453,3228,0.442,0,0
E02,6304.54,2,0.969,3032,0.712,1,1
E02,6226.78,2,0.808,444,0.398,0,0
E02,4760.7,0,0.825,1397,0.271,1,0
E02,6588.07,0,0.867,2361,0.747,0,1
E02,7461.41,0,0.404,735,0.225,1,0
E01,6228.13,0,0.464,866,0.087,1,0
E02,5643.95,0,0.295,2027,0.518,1,0
E99,6105.61,0,0.504,3041,0.082,1,0
E02,4079.36,2,0.229,586,0.793,1,0
E99,801.64,2,0.801,38,0.969,1,0
E02,1681.01,1,0.842,3585,0.942,1,0
E03,6106.37,2,0.371,1517,0.19,1,0
E01,9279.02,1,0.592,275,0.926,0,0
E03,354.83,1,0.738,3462,0.155,0,0
E01,5485.95,2,0.794,984,0.383,1,0
E01,2595.41,0,0.976,407,0.129,1,1
E01,5661.23,0,0.361,2406,0.823,1,0
E01,7521.61,1,0.397,2738,0.26,0,0
E99,7380.99,0,0.883,456,0.675,1,0
E99,7276.37,2,0.278,2616,0.767,1,0
E03,7811.34,1,0.829,1360,0.408,1,1
E01,818.85,0,0.307,1149,0.792,1,1
E99,5144.82,0,0.572,2400,0.356,0,0
E03,2691.61,0,0.674,218,0.189,1,0
E01,9220.58,1,0.814,605,0.482,0,0
E02,7850.5,0,0.292,2999,0.718,1,1
E03,1164.69,0,0.859,3548,0.087,0,0
E01,2508.14,2,0.88,3257,0.808,0,0
E02,4606.68,2,0.835,2820,0.29,0,1
E03,9632.8,2,0.95,461,0.69,1,1
E01,1185.76,0,0.898,1112,0.157,1,1
E02,5722.93,0,0.814,3052,0.416,0,0
E02,3478.75,1,0.663,2567,0.487,1,1
E03,6498.77,2,0.847,2999,0.49,0,1
E99,6522.2,1,0.98,1479,0.307,1,0
E03,2481.86,1,0.71,2077,0.547,0,0
E03,7879.51,2,0.394,2652,0.311,1,0
E02,1003.5,1,0.398,2820,0.207,1,0
E03,8199.57,2,0.837,2612,0.175,1,0
E02,2198.47,2,0.992,143,0.891,0,1
E01,5936.84,2,0.368,729,0.173,1,0
E03,3538.37,1,0.976,1786,0.421,1,0
E03,6136.82,1,0.415,2516,0.287,0,0
E02,2747.44,0,0.53,3481,0.629,1,1
E99,5732.74,2,0.927,1084,0.375,0,0
E03,181.16,0,0.969,2791,0.319,1,1
E02,3807.1,0,0.654,2391,0.961,1,1
E01,8281.25,2,0.96,966,0.987,0,1
E01,4683.77,1,0.874,624,0.175,0,1
E02,5042.68,1,0.893,2245,0.701,0,1
E02,6253.61,2,0.895,1182,0.886,0,0
E01,4398.68,0,0.509,765,0.963,1,1
E01,8684.06,2,0.225,787,0.33,0,0
E01,4092.91,1,0.332,800,0.787,0,1
E03,9431.27,1,0.26,329,0.358,0,0
E03,8781.69,0,0.394,682,0.634,0,1
E02,4268.77,2,0.244,3512,0.532,1,0
E01,3721.43,0,0.422,684,0.715,1,0
E01,6798.62,1,0.671,1472,0.908,0,1
E01,7577.54,2,0.313,1797,0.156,1,0
E02,1940.03,0,0.453,2527,0.259,1,1
E01,2486.35,1,0.379,1115,0.601,1,1
E01,1547.9,2,0.276,2976,0.386,1,1
E99,7630.85,0,0.741,2800,0.574,1,1
E02,7172.58,0,0.914,1830,0.786,0,1
E03,1971.63,1,0.773,3218,0.708,0,1
E01,5415.06,1,0.747,1254,0.771,0,1
E01,7665.97,2,0.986,1755,0.202,1,0
E99,9475.58,2,0.785,2154,0.079,1,0
E02,1867.37,0,0.238,689,0.869,1,0
E03,3112.86,0,0.375,295,0.474,1,0
E99,3548.56,0,0.71,3592,0.648,0,1
E02,6287.28,2,0.711,175,0.119,1,0
E01,1450.55,1,0.866,170,0.715,0,1
E02,2014.95,2,0.327,366,0.146,0,0
E01,7826.32,0,0.985,1979,0.79,0,1
E01,5466.33,1,0.613,966,0.107,0,0
E01,1687.82,0,0.936,791,0.128,1,1
E99,3945.48,1,0.623,3097,0.373,1,0
E03,1431.49,0,0.35,3375,0.249,0,0
E01,3690.63,0,0.481,3153,0.975,1,0
E01,4061.97,0,0.377,1170,0.474,0,0
E03,1209.89,2,0.411,308,0.491,0,0
E99,692.35,1,0.912,3448,0.094,0,0
E01,8827.86,1,0.502,1965,0.512,0,0
E01,8887.72,0,0.346,3502,0.11,1,0
E99,125.53,0,0.492,603,0.64,0,1
E99,6447.92,1,0.694,3394,0.973,0,0
E99,1027.42,2,0.361,1115,0.36,1,0
E01,8120.4,2,0.241,2854,0.81,1,0
E01,8807.67,0,0.898,397,0.958,0,0
E02,6204.49,0,0.391,2668,0.96,1,1
E01,6170.24,1,0.949,1704,0.751,0,0
E99,3777.67,0,0.238,3430,0.868,1,1
E01,2569.74,1,0.721,532,0.38,1,1
E03,5042.78,2,0.732,805,0.599,0,1
E99,1423.8,0,0.325,2290,0.673,0,0
E99,6755.03,1,0.732,2915,0.254,0,0
E03,4753.86,1,0.51,3197,0.345,0,1
E99,1858.25,1,0.505,409,0.39,0,0
E01,5924.31,1,0.902,25,0.112,1,1
E02,7973.75,1,0.962,1303,0.479,0,1
E01,5929.11,0,0.336,352,0.786,1,0
E99,5343.65,2,0.747,1447,0.661,0,0
E99,8492.4,0,0.324,1716,0.638,1,0
E01,206.48,0,0.228,3583,0.62,0,0
E01,6205.8,0,0.32,121,0.071,0,0
E02,4155.95,0,0.708,1156,0.053,0,1
E01,2016.3,1,0.781,1219,0.209,1,1
E03,9797.82,2,0.606,1997,0.908,1,0
E01,4097.76,0,0.961,1154,0.856,1,1
E03,3419.1,0,0.811,2280,0.592,0,0
E02,1773.18,1,0.329,3056,0.412,1,0
E02,9977.88,1,0.366,2440,0.956,1,1
E01,8574.91,1,0.677,2378,0.112,1,0
E99,792.73,0,0.467,433,0.141,0,0
E03,5700.96,0,0.201,3193,0.634,1,1
E02,1559.27,1,0.219,2013,0.565,0,0
E02,7186.24,2,0.526,594,0.972,1,0
E99,4892.43,1,0.619,2285,0.804,1,0
E03,1192.85,2,0.723,1753,0.932,1,0
E03,5614.69,1,0.811,3252,0.728,1,1
E03,9115.69,1,0.975,2331,0.921,1,1
E99,3477.83,1,0.871,3446,0.696,0,0
E01,602.98,1,0.485,3509,0.544,0,0
E03,9457.55,0,0.628,846,0.595,1,0
E02,1503.81,1,0.373,1051,0.897,1,0
E02,4803.01,0,0.975,758,0.148,1,1
E99,5492.3,0,0.628,831,0.581,0,0
E99,2447.17,2,0.4,2461,0.419,0,0
E02,1856.44,0,0.779,3416,0.673,1,1
E02,1220.07,0,0.59,1762,0.618,1,1
E99,792.56,1,0.997,2910,0.426,1,0
E99,5130.45,1,0.26,2677,0.698,0,0
E03,8436.01,2,0.468,939,0.554,1,0
E01,1354.91,1,0.953,3054,0.226,0,0
E01,7036.13,0,0.569,1724,0.65,1,1
E99,4184.95,1,0.449,39,0.075,0,0
E03,448.72,1,0.684,2576,0.824,0,0
E03,5406.13,1,0.732,3163,0.902,0,1
E03,2594.88,2,0.274,883,0.123,0,0
E02,6092.02,2,0.408,956,0.291,1,0
E02,3558.3,2,0.447,2636,0.169,1,0
E03,6697.88,1,0.397,3489,0.776,0,0
E01,9193.18,0,0.506,936,0.117,1,0
E03,2520.99,0,0.468,1549,0.559,0,1
E03,9404.42,2,0.785,2445,0.415,0,0
E03,2122.66,2,0.679,3068,0.756,0,0
E01,799.88,0,0.543,122,0.651,1,1
E03,2007.74,0,0.36,720,0.562,1,0
E01,8167.68,0,0.537,3218,0.523,0,1
E01,6807.81,2,0.344,1891,0.779,1,0
E02,9711.26,0,0.962,2729,0.499,0,1
E01,7127.29,0,0.339,228,0.445,1,0
E99,4185.05,1,0.887,328,0.074,1,0
E99,8935.07,1,0.692,2645,0.302,1,0
E01,9585.47,1,0.849,1353,0.398,1,1
E03,7937.38,1,0.911,3391,0.594,1,0
E02,5610.73,0,0.843,1551,0.683,1,1
E03,8275.08,0,0.671,3035,0.955,0,0
E99,1872.54,0,0.414,1956,0.31,0,0
E02,9013.47,2,0.728,2449,0.562,0,0
E01,9995.63,1,0.204,2353,0.761,1,0
E01,6684.89,0,0.502,429,0.342,1,0
E02,2039.3,2,0.886,2860,0.566,0,0
E99,1529.92,1,0.664,3542,0.443,0,0
E02,9598.2,2,0.408,1393,0.423,0,0
E02,8726.39,2,0.914,1238,0.109,0,1
E01,7511.92,0,0.212,2150,0.073,1,0
E99,9496.28,1,0.906,2278,0.328,1,1
E01,5083.7,1,0.808,1380,0.908,0,1
E03,8888.69,1,0.317,983,0.231,0,0
E03,1711.92,1,0.25,3496,0.109,1,0
E01,1909.82,1,0.961,2978,0.633,0,1
E01,5172.2,0,0.254,2059,0.951,0,1
E02,3391.85,0,0.979,1362,0.104,1,1
E01,4381.94,1,0.537,1268,0.751,1,1
E03,8002.15,2,0.483,1407,0.152,1,0
E03,628.73,0,0.72,2135,0.177,0,0
E01,7236.35,1,0.597,17,0.93,1,1
E02,973.47,0,0.512,2365,0.709,1,1
E01,8490.26,1,0.712,2071,0.576,1,0
E01,2098.81,0,0.48,521,0.205,1,0
E03,7375.9,1,0.227,903,0.576,0,0
E03,5959.61,2,0.86,998,0.109,1,0
E03,3917.66,1,0.612,3318,0.421,1,0
E01,2748.61,2,0.749,3365,0.712,1,0
E02,668.85,0,0.66,2819,0.584,0,1
E02,3598.46,0,0.691,2454,0.685,0,1
E99,2085.23,0,0.375,3427,0.159,1,0
E03,1445.53,0,0.948,2644,0.763,1,1
E99,7411.13,1,0.558,1403,0.949,0,0
E01,2203.9,2,0.936,1291,0.903,1,1
E02,2309.26,0,0.846,2382,0.133,0,1
E03,3470.77,1,0.776,1471,0.143,1,1
E02,4680.27,0,0.568,1627,0.533,1,0
E03,5185.76,2,0.218,3500,0.543,1,0
E02,6679.01,1,0.452,3273,0.856,1,0
E99,5926.37,0,0.732,2183,0.397,1,0
E01,4868.67,1,0.465,1168,0.534,0,0
E99,4000.01,0,0.279,1592,0.241,0,0
E02,2731.28,1,0.614,1183,0.94,0,1
E02,7128.43,0,0.324,1509,0.164,0,0
E02,3243.26,2,0.445,1318,0.9,0,0
E01,8510.86,0,0.602,1603,0.887,0,1
E99,5903.01,1,0.293,1792,0.097,1,0
E99,6376.05,2,0.29,2313,0.779,1,0
E99,5137.02,0,0.368,3195,0.367,1,0
E99,9292.71,2,0.673,1903,0.261,0,0
E03,4273.8,2,0.947,747,0.428,0,0
E02,4326.99,0,0.391,667,0.918,0,1
E99,8940.84,1,0.776,2345,0.425,1,1
E01,6088.58,2,0.352,3592,0.278,1,0
E03,4546.57,1,0.708,1102,0.543,0,0
E02,2695.3,2,0.31,318,0.435,0,0
E03,2525.94,2,0.876,298,0.068,1,0
E02,8034.2,1,0.794,987,0.225,0,1
E02,2866.71,0,0.745,3433,0.066,1,1
E01,156.8,1,0.212,2810,0.541,1,0
E02,292.66,1,0.869,2829,0.653,1,1
E02,9786.19,2,0.321,1198,0.725,0,1
E01,5642.4,0,0.627,3427,0.245,0,0
E01,4941.34,2,0.821,1468,0.807,0,0
E02,9186.97,0,0.705,1441,0.436,1,1
E01,3581.71,1,0.855,3376,0.096,0,1
E03,7970.48,1,0.767,2725,0.922,1,0
E01,7245.92,2,0.805,1040,0.702,1,1
E02,4823.26,0,0.439,2344,0.579,1,1
E01,7768.86,2,0.503,1261,0.088,1,0
E02,9661.21,0,0.601,2228,0.063,1,0
E02,2086.01,2,0.669,494,0.581,1,1
E03,273.34,1,0.753,145,0.876,1,1
E02,8232.4,1,0.644,3469,0.659,0,1
E02,4095.51,0,0.768,259,0.055,1,0
E01,5489.58,1,0.321,1445,0.65,0,1
E02,2302.38,1,0.516,703,0.378,1,0
E02,8433.71,0,0.931,54,0.165,1,1
E03,7239.94,0,0.374,2699,0.813,1,1
E02,9538.33,1,0.315,1019,0.592,1,0
E03,4804.99,1,0.796,2874,0.731,0,0
E02,9767.99,2,0.356,1979,0.205,1,0
E01,5157.47,1,0.566,2330,0.159,0,0
E01,6252.08,1,0.769,2407,0.534,0,1
E01,6773.86,1,0.588,692,0.546,1,1
E02,4948.74,1,0.921,1641,0.597,0,1
E03,5671.52,2,0.903,2799,0.75,1,0
E03,2310.74,2,0.602,843,0.674,1,0
E02,3687.39,2,0.969,409,0.686,0,0
E01,7049.73,1,0.433,1493,0.214,0,1
E99,485.99,0,0.387,3218,0.443,0,0
E01,7034.09,1,0.736,1159,0.614,0,1
E02,3107.38,1,0.658,1385,0.538,0,1
E99,2791.17,0,0.401,455,0.336,1,0
E02,6965.54,2,0.497,2617,0.938,1,0
E01,2227.96,1,0.386,1215,0.182,1,1
E01,9620.67,1,0.39,611,0.966,1,0
E03,9907.72,1,0.494,368,0.785,0,0
E01,4635.19,2,0.939,1132,0.61,0,0
E03,4074.04,2,0.868,733,0.17,1,0
E02,882.47,2,0.61,1783,0.58,0,1
E01,7804.36,2,0.582,1535,0.133,1,0
E01,1710.97,2,0.225,1787,0.926,1,1
E03,9337.17,2,0.57,1321,0.318,1,0
E02,9906.87,0,0.699,350,0.426,0,1
E03,1311.86,1,0.823,2798,0.649,1,1
E02,6861.76,0,0.485,1974,0.068,1,0
E01,4713.32,2,0.936,664,0.559,0,0
E02,5457.34,1,0.872,271,0.722,1,1
E02,1877.79,1,0.266,3383,0.245,0,0
E02,7262.86,1,0.922,3325,0.195,1,0
E03,1749.47,2,0.378,680,0.508,1,0
E99,8864.47,2,0.939,1518,0.554,0,0
E03,4594.35,0,0.705,2096,0.463,1,1
E02,6385.19,2,0.53,1581,0.328,1,0
E02,9225.73,2,0.549,3010,0.435,1,0
E03,7405.6,0,0.65,2077,0.344,1,1
E01,5454.39,1,0.875,956,0.285,0,1
E03,4086.51,1,0.87,2814,0.494,0,0
E99,4675.14,1,0.532,3149,0.422,1,0
E01,3482.56,2,0.879,251,0.459,1,1
E99,9467.22,0,0.578,3065,0.05,1,0
E03,2603.29,2,0.534,2531,0.701,1,0
E02,4152.53,1,0.395,3304,0.094,0,0
E99,7804.42,2,0.862,3278,0.244,0,0
E01,3706.98,2,0.696,179,0.805,0,0
E01,8877.45,1,0.545,1581,0.975,0,1
E01,2506.42,0,0.73,258,0.982,0,1
E02,410.31,2,0.889,48,0.607,0,0
E02,6324.64,1,0.358,3302,0.294,0,0
E99,5131.71,1,0.514,891,0.835,0,1
E01,9337.27,0,0.504,219,0.661,1,1
E01,4289.01,0,0.261,3387,0.977,0,1
E03,1442.34,0,0.467,1468,0.566,1,1
E01,3364.48,0,0.809,425,0.545,0,1
E03,3992.8,2,0.403,918,0.091,0,1
E02,5873.0,1,0.849,49,0.233,1,0
E99,2817.55,1,0.964,2437,0.677,1,0
E03,5548.1,2,0.379,3369,0.984,1,0
E01,9089.65,2,0.528,1408,0.497,0,0
E01,4294.93,1,0.305,3107,0.077,1,0
E01,6550.54,0,0.754,1235,0.426,0,1
E99,2366.1,1,0.586,1657,0.169,1,1
E03,8033.14,2,0.671,771,0.952,0,0
E02,2769.74,1,0.823,20,0.183,1,1
E01,5840.05,0,0.821,588,0.161,0,1
E99,3072.45,2,0.613,2101,0.48,0,0
E01,767.28,1,0.906,358,0.559,0,0
E03,3264.66,0,0.946,2940,0.724,0,0
E03,2199.1,0,0.705,3302,0.396,0,0
E01,8937.47,1,0.231,1030,0.893,1,1
E02,2735.0,0,0.821,974,0.613,0,0
E01,9746.79,0,0.914,622,0.094,1,0
E02,4974.22,0,0.645,1476,0.082,0,0
E99,2288.54,1,0.76,3256,0.491,0,0
E03,3974.31,2,0.485,1405,0.463,1,0
E03,1915.97,1,0.602,2764,0.475,1,0
E02,8353.46,2,0.838,1158,0.104,1,1
E01,1287.7,1,0.901,1613,0.1,1,1
E03,8747.92,1,0.292,1777,0.107,0,0
E02,554.58,1,0.214,3258,0.74,1,0
E01,3066.12,0,0.499,1795,0.615,1,1
E02,1484.88,2,0.513,2189,0.178,1,0
E03,6884.13,0,0.819,3075,0.455,0,0
E03,5171.99,2,0.207,3398,0.936,1,0
E01,9399.46,1,0.811,3221,0.115,0,0
E99,3725.19,0,0.629,372,0.228,1,0
E02,503.42,1,0.758,404,0.416,1,0
E01,7640.42,0,0.607,1571,0.272,0,1
E01,5837.06,1,0.833,1265,0.199,1,1
E03,8291.61,0,0.55,2445,0.965,1,1
E02,4318.77,1,0.477,1556,0.77,0,1
E02,7407.99,0,0.709,1469,0.735,1,0
E01,1793.55,0,0.556,326,0.926,1,1
E03,9995.31,0,0.443,1259,0.226,0,0
E03,1819.11,0,0.931,2057,0.886,1,0
E01,8315.03,2,0.779,2503,0.974,1,0
E99,2203.14,2,0.358,608,0.601,0,0
E01,7846.83,2,0.792,2180,0.899,0,1
E01,8626.4,2,0.402,2062,0.817,0,0
E02,8778.74,0,0.545,1017,0.349,1,0
E03,4809.61,2,0.374,3202,0.362,1,0
E01,4345.25,2,0.291,1598,0.685,1,0
E02,8354.53,0,0.519,950,0.569,1,1
E01,5836.94,2,0.644,2545,0.412,0,0
E02,6250.64,2,0.442,679,0.094,1,0
E03,2437.06,1,0.26,2257,0.072,1,0
E99,4516.95,1,0.4,2456,0.142,1,0
E02,3757.54,2,0.397,1631,0.43,0,0
E03,6686.68,0,0.673,734,0.076,1,1
E02,2045.18,2,0.426,936,0.189,1,0
E01,4116.94,0,0.627,798,0.96,0,1
E01,8502.45,2,0.576,413,0.474,1,0
E99,5509.81,0,0.413,3592,0.927,1,1
E01,8970.84,2,0.793,3024,0.229,1,0
E03,2402.02,1,0.734,1879,0.387,1,0
E01,4455.04,1,0.744,2953,0.681,1,1
E03,5054.12,1,0.547,2366,0.98,1,1
E01,4065.62,0,0.453,2208,0.708,0,1
E99,6876.49,2,0.673,2582,0.898,1,0
E03,1572.33,2,0.967,2057,0.096,1,0
E01,5242.06,1,0.547,2017,0.336,0,0
E03,1473.85,0,0.732,491,0.88,1,1
E03,6329.06,2,0.554,2197,0.542,1,0
E01,8319.46,1,0.946,1608,0.21,0,1
E01,297.97,2,0.412,886,0.21,1,0
E03,4623.67,0,0.567,1742,0.763,0,1
E03,4977.77,1,0.595,3000,0.198,1,1
E01,7230.52,1,0.783,1661,0.518,1,0
E99,839.73,2,0.777,1715,0.22,1,0
E01,4119.61,0,0.792,872,0.246,0,1
E01,7876.26,1,0.786,2901,0.423,0,0
E02,5368.23,2,0.576,446,0.161,0,0
E01,7523.48,1,0.324,3014,0.67,1,0
E01,3703.7,1,0.896,3353,0.206,1,1
E02,9208.87,0,0.46,639,0.757,0,0
E01,865.72,1,0.288,2003,0.54,0,1
E01,1002.53,2,0.303,2109,0.376,1,0
E03,5332.01,1,0.596,3105,0.627,0,0
E02,4761.16,0,0.541,1174,0.433,0,1
E03,6420.83,1,0.731,2419,0.128,0,0
E02,2367.66,1,0.689,358,0.341,0,1
E02,2337.68,2,0.286,2953,0.543,0,0
E01,7516.18,0,0.437,2728,0.148,0,0
E03,2988.48,2,0.917,778,0.738,1,1
E01,7300.19,2,0.813,451,0.385,0,1
E01,6443.0,2,0.896,382,0.243,0,1
E03,924.94,1,0.218,2985,0.058,0,0
E03,7140.18,1,0.93,2210,0.13,1,1
E03,8807.2,1,0.889,1336,0.273,1,1
E01,8184.8,2,0.562,1978,0.395,0,0
E01,187.73,0,0.739,2010,0.194,0,1
E02,5443.17,1,0.418,348,0.562,0,1
E03,9142.04,0,0.727,1583,0.233,0,1
E02,6027.38,1,0.839,2201,0.947,1,1
E01,2974.23,2,0.587,2186,0.581,0,1
E01,2025.99,2,0.223,655,0.799,0,0
E02,6880.98,0,0.533,3341,0.447,0,0
E03,7735.41,1,0.78,390,0.243,1,1
E01,9134.59,0,0.763,3103,0.473,0,1
E01,9066.59,1,0.589,3546,0.438,0,1
E01,3458.87,0,0.989,2703,0.636,1,1
E01,6078.38,2,0.294,2001,0.906,1,1
E02,1105.04,1,0.327,694,0.273,1,1
E01,1035.18,0,0.407,1187,0.141,0,1
E03,807.54,2,0.843,1976,0.722,0,1
E03,9278.73,2,0.81,353,0.05,0,0
E99,1609.08,1,0.818,2548,0.797,0,0
E99,4875.03,1,0.904,3300,0.734,1,1
E01,4387.42,0,0.554,2672,0.826,1,1
E01,3315.23,1,0.455,3393,0.135,0,0
E01,5423.53,2,0.68,1707,0.241,0,1
E03,127.63,2,0.528,925,0.569,1,0
E01,3863.48,2,0.619,61,0.358,0,0
E02,4845.51,0,0.312,1566,0.845,1,0
E01,8052.71,2,0.517,415,0.481,1,0
E01,7039.54,0,0.578,2324,0.454,1,0
E03,8512.64,0,0.27,2888,0.224,0,0
E03,3825.35,1,0.996,401,0.578,0,1
E02,1494.96,1,0.23,1859,0.375,0,0
E99,4070.46,0,0.936,1933,0.473,1,0
E01,9634.29,0,0.264,1120,0.305,1,1
E01,2221.84,0,0.887,787,0.622,0,1
E02,1830.08,1,0.639,2569,0.838,1,1
E03,9448.94,2,0.357,811,0.069,0,0
E02,9504.24,2,0.385,115,0.267,0,0
E01,1577.44,0,0.481,2171,0.687,0,1
E99,7717.58,0,0.835,243,0.714,0,0
E01,4354.45,1,0.318,1116,0.327,0,0
E02,4972.94,2,0.394,315,0.319,0,0
E03,5037.01,0,0.754,1981,0.752,0,1
E99,9686.88,1,0.691,784,0.575,1,0
E03,1928.15,0,0.537,945,0.416,1,1
E99,7753.33,1,0.248,1438,0.102,0,0
E01,156.17,1,0.647,1756,0.664,1,1
E03,6323.24,0,0.383,2589,0.325,0,1
E03,6561.51,2,0.69,3356,0.592,0,0
E02,7561.69,2,0.42,2171,0.729,0,0
E02,9267.03,1,0.984,1745,0.485,0,1
E99,7562.97,2,0.672,2102,0.288,0,0
E01,7348.23,0,0.657,1805,0.251,1,0
E02,2612.5,2,0.869,21,0.713,1,1
E99,9929.11,1,0.995,1774,0.888,1,0
E99,4737.25,1,0.823,2678,0.971,1,0
E99,4232.76,1,0.675,3083,0.805,0,0
E99,5068.59,1,0.891,332,0.617,0,0
E01,4001.16,1,0.345,2454,0.862,1,1
E99,5977.01,2,0.811,397,0.416,1,0
E02,3561.28,0,0.744,111,0.879,1,1
E03,2475.45,2,0.651,166,0.454,0,0
E02,9287.15,0,0.893,425,0.61,0,1
E03,9285.5,0,0.768,303,0.21,0,0
E02,5012.83,1,0.773,2080,0.517,1,0
E03,9625.26,1,0.928,3314,0.371,0,1
E01,4215.6,1,0.76,2736,0.395,1,1
E01,3935.05,0,0.404,2632,0.612,0,0
E02,9177.37,2,0.347,422,0.879,1,0
E01,6365.88,1,0.611,3377,0.826,1,1
E03,7648.92,1,0.388,1810,0.378,0,0
E01,4186.16,2,0.76,113,0.74,1,1
E02,4129.32,2,0.874,2313,0.565,0,0
E01,924.71,1,0.433,2537,0.377,0,0
E01,9670.76,1,0.931,1443,0.904,1,1
E03,2356.79,0,0.798,2575,0.202,0,0
E01,4993.24,1,0.991,2496,0.807,0,1
E01,1234.64,0,0.359,2091,0.249,0,0
E01,6504.84,1,0.569,1234,0.889,0,1
E01,3969.67,1,0.712,3595,0.728,1,1
E03,7699.85,0,0.81,2243,0.487,0,1
E01,5330.95,1,0.93,1663,0.123,1,0
E02,1381.85,2,0.913,2756,0.219,1,0
E03,206.33,1,0.389,874,0.205,1,0
E02,2203.24,1,0.538,3440,0.766,0,0
E02,7271.03,1,0.775,2649,0.635,0,1
E01,8302.29,1,0.306,2300,0.255,0,1
E99,3479.22,0,0.967,959,0.396,1,1
E02,5405.66,1,0.798,1266,0.341,1,1
E01,2476.13,0,0.863,3418,0.663,0,1
E99,8816.39,2,0.926,2596,0.361,0,0
E03,9655.55,1,0.342,401,0.772,1,0
E03,7554.11,0,0.538,2896,0.703,0,1
E99,979.98,1,0.721,428,0.278,0,0
E01,4427.47,2,0.858,1493,0.354,1,1
E03,9906.01,2,0.79,1501,0.566,0,0
E03,2370.91,0,0.297,1305,0.903,1,0
E02,6737.67,0,0.717,1783,0.155,1,0
E01,9391.78,0,0.435,549,0.387,0,1
E01,7754.71,1,0.525,2380,0.613,1,1
E99,6127.72,2,0.995,2437,0.355,0,0
E01,5116.38,2,0.326,3066,0.322,0,1
E01,9295.26,0,0.284,1602,0.456,1,1
E03,4007.86,0,0.527,1910,0.231,1,1
E03,9022.56,1,0.891,479,0.617,1,1
E01,4367.42,1,0.33,1251,0.876,1,0
E03,7589.8,1,0.264,2021,0.906,1,0
E02,9165.57,1,0.535,1499,0.493,0,0
E03,5551.36,2,0.706,3563,0.326,0,0
E01,3167.81,1,0.324,999,0.409,0,0
E01,604.77,2,0.844,185,0.265,1,1
E03,8111.67,2,0.877,3123,0.613,1,0
E01,6257.9,1,0.618,1856,0.177,0,0
E02,2704.15,2,0.224,256,0.349,1,1
E01,8786.38,2,0.613,3369,0.21,1,1
E03,9211.0,0,0.371,747,0.243,0,0
E99,8882.94,0,0.557,3452,0.681,0,0
E03,6055.03,0,0.808,1240,0.983,1,1
E99,9768.16,1,0.244,1230,0.685,0,0
E99,8760.58,2,0.2,763,0.279,1,0
E02,1132.18,2,0.307,618,0.433,1,0
E02,9812.95,1,0.236,2881,0.64,0,0
E99,5533.18,2,0.408,1515,0.865,1,0
E99,9208.36,0,0.523,2003,0.721,0,0
E99,7627.38,1,0.824,1147,0.187,1,0
E03,6510.91,1,0.224,1525,0.618,1,0
E01,3334.06,2,0.481,1737,0.235,0,1
E99,367.6,2,0.944,1118,0.402,0,0
E99,2839.69,1,0.661,2145,0.957,1,0
E03,6889.62,1,0.861,1675,0.889,0,1
E99,8644.84,2,0.587,2765,0.291,1,0
E02,123.23,1,0.278,2799,0.735,0,0
E99,2158.94,0,0.35,2283,0.36,1,0
E01,6763.37,1,0.806,373,0.057,0,1
E99,2907.99,1,0.891,3211,0.849,1,0
E01,1502.86,1,0.574,2504,0.823,1,0
E01,911.17,2,0.594,2648,0.327,0,0
E01,6415.0,1,0.56,2338,0.776,1,1
E02,5989.11,0,0.215,1867,0.08,1,0
E01,8600.27,1,0.276,2029,0.557,0,1
E99,3216.89,1,0.994,430,0.973,0,0
E02,1453.51,0,0.234,3307,0.791,0,0
E99,8011.64,2,0.479,2893,0.591,0,0
E01,9883.04,0,0.753,3274,0.394,0,1
E01,3667.86,1,0.54,2571,0.741,0,0
E03,8666.96,2,0.986,954,0.967,1,0
E03,7649.2,0,0.226,1210,0.231,0,0
E02,9124.69,1,0.9,3120,0.097,0,1
E03,4301.29,0,0.308,835,0.405,0,0
E03,1102.88,1,0.364,2213,0.536,0,0
E02,1271.73,0,0.623,2369,0.281,0,1
E99,7655.66,2,0.897,660,0.63,0,0
E03,8646.99,0,0.531,304,0.338,1,0
E03,4624.47,1,0.435,122,0.973,1,1
E02,689.75,0,0.521,2834,0.299,0,0
E01,760.39,1,0.275,1047,0.805,0,0
E01,6026.14,2,0.871,817,0.957,1,0
E03,9194.38,2,0.932,3272,0.52,0,0
E03,4055.88,0,0.741,2136,0.237,0,1
E01,6541.14,2,0.556,88,0.887,1,0
E03,5465.88,2,0.691,1093,0.428,0,0
E01,8908.6,1,0.641,1711,0.561,1,1
E01,8340.64,2,0.241,1718,0.096,0,0
E99,2073.55,0,0.516,2821,0.377,1,0
E02,6807.68,0,0.725,2882,0.573,1,1
E01,8490.28,2,0.878,115,0.701,0,1
E02,9309.47,2,0.487,1034,0.944,1,1
E02,5940.28,2,0.855,2161,0.598,0,0
E03,1841.52,0,0.806,120,0.305,1,0
E99,5626.5,0,0.943,2055,0.574,0,1
E02,6691.61,1,0.992,279,0.117,1,1
E02,2797.64,0,0.233,2063,0.189,1,0
E02,9732.71,2,0.55,269,0.381,1,0
E02,2370.33,2,0.819,2659,0.071,1,0
E01,9122.39,2,0.859,1653,0.121,0,0
E01,4309.29,2,0.266,3424,0.057,0,0
E99,105.49,0,0.685,300,0.221,1,0
E02,5478.56,2,0.919,3131,0.826,1,1
E02,6320.03,0,0.382,1486,0.38,1,0
E01,8706.7,0,0.478,1755,0.898,1,1
E03,5451.58,0,0.516,2512,0.882,1,0
E01,1031.88,2,0.516,2240,0.862,0,0
E02,9275.45,2,0.649,3167,0.249,1,0
E03,5697.01,1,0.249,2993,0.372,0,0
E02,2788.16,0,0.823,797,0.49,1,1
E99,8998.7,1,0.298,989,0.456,1,0
E01,1297.04,1,0.851,3156,0.125,0,1
E03,1065.08,1,0.214,2916,0.275,0,0
E99,5396.59,1,0.83,3521,0.633,1,0
E02,6286.35,0,0.484,3297,0.686,0,0
E03,5158.5,1,0.725,2252,0.393,0,0
E02,9297.02,2,0.343,3464,0.329,1,1
E03,2701.93,1,0.63,2654,0.601,0,0
E99,9903.33,0,0.439,3194,0.674,0,0
E03,291.56,1,0.203,1739,0.718,1,0
E99,1273.49,1,0.78,3475,0.812,1,0
E02,1938.2,1,0.305,270,0.599,0,1
E02,887.8,1,0.952,3267,0.406,1,1
E01,4438.36,1,0.635,3455,0.377,1,1
E03,8667.18,0,0.201,2840,0.082,0,0
E99,8225.52,1,0.956,3403,0.441,0,1
E03,7473.09,0,0.306,1514,0.867,0,0
E01,173.35,1,0.867,1162,0.64,1,1
E02,8670.49,1,0.463,482,0.607,1,0
E03,4025.34,1,0.654,705,0.26,0,0
E99,7343.21,1,0.869,3119,0.61,0,0
E01,7296.49,2,0.24,236,0.22,0,0
E01,1857.46,0,0.744,721,0.371,1,1
E02,5202.41,1,0.319,1792,0.599,0,0
E01,9269.19,1,0.773,1295,0.093,0,1
E99,2704.18,1,0.329,3329,0.343,1,0
E02,7178.78,1,0.218,108,0.133,1,0
E02,9584.71,0,0.324,148,0.204,0,0
E01,3670.25,0,0.701,980,0.381,1,1
E02,3937.57,0,0.989,2201,0.701,0,1
E99,4580.37,0,0.976,1281,0.301,1,1
E02,8109.49,2,0.797,3008,0.069,0,0
E01,4448.92,0,0.86,346,0.425,0,1
E01,4913.83,2,0.899,1367,0.258,0,0
E99,2300.94,2,0.623,2337,0.782,1,0
E99,9884.62,0,0.383,2203,0.823,1,0
E01,8934.31,1,0.729,1864,0.681,0,1
E03,6042.52,1,0.313,1598,0.626,1,0
E01,9609.54,1,0.866,339,0.737,1,1
E02,6901.28,1,0.53,236,0.403,1,0
E01,9595.15,1,0.413,197,0.662,1,1
E03,1699.21,2,0.875,1816,0.445,0,1
E99,2332.03,1,0.289,3185,0.454,1,0
E01,8863.31,0,0.98,321,0.791,1,1
E02,4256.76,1,0.96,235,0.794,0,0
E01,3774.46,2,0.687,2466,0.426,1,0
E01,7567.92,2,0.77,1802,0.931,1,1
E01,6340.22,0,0.23,1117,0.559,0,1
E01,3506.31,1,0.55,65,0.508,0,0
E99,4038.82,2,0.908,2889,0.521,1,1
E01,4143.0,0,0.209,2373,0.783,1,1
E99,1350.68,0,0.432,2113,0.959,0,0
E01,2372.58,0,0.483,843,0.699,1,1
E02,5421.55,0,0.74,3366,0.371,0,1
E02,7840.09,2,0.764,227,0.536,0,0
E99,4248.58,0,0.252,2656,0.339,1,1
E01,3895.19,0,0.374,2619,0.664,0,1
E01,6540.11,0,0.86,2609,0.989,1,1
E03,1656.81,1,0.353,2167,0.863,1,0
E03,3869.43,2,0.429,1097,0.494,1,1
E03,2160.55,0,0.33,1641,0.372,0,0
E01,6551.3,1,0.803,1591,0.476,1,1
E01,1212.4,1,0.222,3118,0.347,1,1
E03,4533.45,0,0.442,2684,0.982,1,1
E03,6002.2,0,0.626,1715,0.24,0,0
E03,8353.39,2,0.205,2599,0.811,1,0
E01,7273.06,0,0.963,3490,0.439,1,1
E01,9434.34,0,0.895,2492,0.663,1,1
E99,6830.8,1,0.718,1283,0.917,0,1
E03,3556.98,0,0.551,29,0.607,1,0
E01,2394.07,0,0.324,3162,0.63,1,1
E99,660.17,0,0.643,63,0.084,1,0
E02,2848.12,1,0.391,1833,0.171,1,1
E01,1454.8,1,0.71,243,0.558,0,0
E02,3755.33,0,0.316,3166,0.398,1,1
E03,7055.52,2,0.774,114,0.623,0,0
E02,6951.14,0,0.458,2461,0.411,0,0
E02,3249.85,0,0.602,2782,0.214,1,1
E03,5134.67,0,0.329,2637,0.799,0,0
E01,2246.04,2,0.405,1969,0.844,0,0
E99,5079.47,1,0.56,2127,0.96,0,0
E02,5149.81,0,0.567,1818,0.239,1,1
E02,3082.84,0,1.0,2725,0.343,1,0
E03,2668.73,0,0.468,309,0.314,0,0
E03,9797.79,1,0.268,3204,0.924,0,0
E02,5417.52,2,0.619,2788,0.612,0,0
E03,5664.56,1,0.457,3487,0.917,1,1
E99,177.16,2,0.902,335,0.887,0,0
E03,1900.22,0,0.368,753,0.281,0,0
E03,3630.56,1,0.885,799,0.452,0,0
E01,9663.21,2,0.731,1485,0.439,1,0
E02,1834.89,0,0.35,2948,0.508,0,0
E02,3102.57,1,0.524,2832,0.988,0,0
E01,9902.55,0,0.594,2493,0.213,0,0
E03,4862.98,2,0.617,1426,0.776,0,0
E01,3252.24,2,0.518,334,0.264,1,1
E01,6380.15,1,0.668,2500,0.745,0,0
E01,5013.39,1,0.773,266,0.241,0,1
E01,9578.75,2,0.605,735,0.545,0,1
E01,923.63,1,0.682,1463,0.678,0,1
E03,7926.42,2,0.888,2795,0.456,0,1
E02,2862.96,0,0.598,2172,0.958,0,1
E01,8086.03,2,0.533,374,0.713,1,0
E01,8492.43,2,0.398,889,0.198,0,0
E03,8507.31,2,0.305,3057,0.4,0,0
E01,8680.29,0,0.434,2107,0.345,1,0
E02,7209.46,1,0.525,2367,0.328,0,0
E02,1509.8,1,0.811,1294,0.249,1,1
E02,613.84,1,0.374,2934,0.225,0,1
E99,3473.58,2,0.762,2119,0.868,0,1
E03,5001.19,1,0.263,292,0.98,1,0
E99,3095.95,0,0.327,2612,0.2,0,0
E99,7447.85,2,0.461,1038,0.794,0,0
E01,7252.19,1,0.576,3035,0.264,0,0
E01,9722.05,2,0.345,2298,0.54,0,1
E01,4065.67,1,0.29,705,0.235,1,0
E02,7878.7,1,0.653,106,0.305,0,0
E02,7437.88,1,0.53,307,0.436,0,0
E01,9888.62,2,0.533,887,0.713,1,1
E01,7758.79,2,0.446,427,0.496,1,1
E02,2907.39,1,0.497,2370,0.811,0,0
E03,251.2,1,0.347,596,0.141,0,0
E03,9684.84,0,0.416,1607,0.588,1,0
E99,7189.08,0,0.634,1168,0.15,1,1
E01,8144.81,2,0.618,2368,0.161,1,1
E02,7953.12,1,0.925,104,0.34,0,0
E99,7384.03,1,0.866,1448,0.149,1,1
E03,7539.6,1,0.206,2997,0.779,0,0
E02,9301.64,0,0.384,887,0.527,0,1
E02,9149.7,0,0.91,3056,0.656,0,1
E01,3854.34,0,0.452,619,0.103,1,1
E99,406.52,2,0.582,2567,0.261,1,0
E03,482.95,1,0.74,1016,0.542,0,1
E02,4521.72,0,0.635,1283,0.127,1,1
E02,8366.3,1,0.204,1879,0.201,0,0
E02,8491.35,0,0.365,2544,0.071,1,0
E01,4103.46,2,0.28,1896,0.907,0,1
E03,3085.96,0,0.334,2069,0.455,0,0
E02,5115.35,0,0.318,1041,0.092,0,0
E01,8342.18,2,0.698,2384,0.483,1,0
E02,6401.31,2,0.525,255,0.884,1,0
E99,1484.08,2,0.253,317,0.229,0,0
E02,3686.12,1,0.266,575,0.274,0,0
E02,5598.72,1,0.96,3149,0.973,1,1
E03,5428.8,0,0.324,2207,0.853,1,1
E03,8323.28,0,0.403,1255,0.566,1,1
E03,9328.5,2,0.659,2251,0.225,1,1
E99,1094.58,2,0.35,969,0.256,0,0
E01,2321.64,2,0.358,2637,0.86,1,0
E99,3982.35,2,0.258,1407,0.685,1,0
E99,3034.34,2,0.985,2228,0.38,1,0
E02,4142.08,1,0.685,891,0.074,1,0
E03,503.14,2,0.624,128,0.178,1,1
E01,753.53,2,0.911,3579,0.735,1,1
E02,8399.78,0,0.676,2352,0.66,1,0
E01,1115.56,2,0.41,2326,0.387,0,1
E01,8258.34,1,0.578,2172,0.606,0,0
E99,3134.47,0,0.582,3227,0.76,1,1
E01,3161.31,1,0.518,68,0.655,0,0
E02,1097.4,0,0.803,3423,0.275,0,0
E01,231.31,0,0.288,1653,0.944,0,1
E02,3617.36,1,0.327,2092,0.072,0,0
E02,8370.03,2,0.498,3376,0.573,1,0
E01,9207.56,1,0.257,2882,0.26,1,1
E03,709.7,0,0.99,1260,0.715,1,1
E99,405.99,2,0.597,3259,0.578,0,0
E02,1672.13,0,0.24,300,0.234,0,0
E99,7686.27,1,0.686,540,0.526,0,0
E03,2128.34,0,0.825,818,0.539,1,0
E03,2385.02,0,0.526,969,0.445,1,1
E01,8900.53,0,0.584,2424,0.09,1,1
E01,8762.0,1,0.76,1446,0.244,0,0
E99,6735.86,2,0.387,3061,0.961,0,0
E02,1723.74,2,0.678,2242,0.227,1,0
E02,3873.38,2,0.705,2179,0.481,1,0
E03,2438.16,0,0.844,2766,0.326,1,1
E01,6751.27,0,0.913,1478,0.761,1,1
E03,7821.32,1,0.953,1242,0.593,0,1
E01,1507.12,2,0.301,389,0.722,0,0
E99,8989.76,0,0.853,3033,0.649,1,1
E01,4681.98,2,0.74,839,0.523,1,0
E01,7970.56,2,0.497,2356,0.953,1,1
E03,611.21,0,0.938,2846,0.711,0,1
E01,3669.75,0,0.888,1339,0.697,0,1
E99,246.33,0,0.819,589,0.699,1,0
E03,7213.0,0,0.246,2450,0.489,0,0
E01,886.56,2,0.342,1171,0.654,1,1
E01,3449.03,2,0.935,3067,0.618,0,0
E99,7839.31,2,0.986,1604,0.885,1,0
E03,7514.77,0,0.422,1210,0.97,1,0
E99,6438.87,2,0.422,2617,0.504,1,0
E01,6970.8,2,0.688,1393,0.615,0,0
E99,6547.19,2,0.261,2869,0.323,0,0
E02,6448.63,1,0.676,2490,0.845,0,0
E03,3561.58,0,0.975,3183,0.718,1,1
E02,378.84,2,0.438,1547,0.919,1,1
E01,4474.08,0,0.794,313,0.619,0,0
E99,550.05,0,0.62,640,0.716,1,0
E99,4741.79,0,0.43,19,0.139,1,0
E02,4694.38,0,0.53,3075,0.62,1,1
E99,1869.34,1,0.641,876,0.404,0,0
E01,7864.19,0,0.809,726,0.528,0,1
E01,7071.67,2,0.633,2182,0.357,1,0
E01,5639.44,2,0.94,887,0.32,1,1
E02,9266.49,0,0.294,3524,0.821,1,0
E01,2943.15,2,0.966,3124,0.574,1,0
E02,2694.12,0,0.641,1623,0.288,0,0
E01,1916.01,0,0.513,2311,0.771,1,1
E03,5489.95,1,0.261,1393,0.12,0,0
E03,2133.04,0,0.437,1554,0.326,1,0
E03,8702.07,0,0.55,1730,0.366,1,1
E01,3112.67,0,0.95,1375,0.217,0,1
E03,4960.22,1,0.805,1572,0.842,0,1
E01,5342.16,0,0.247,660,0.683,0,1
E03,3145.7,0,0.462,2346,0.68,1,0
E02,7410.35,0,0.593,245,0.607,0,0
E02,6951.52,2,0.88,3273,0.406,1,1
E01,7632.03,2,0.821,3274,0.669,0,1
E03,6098.61,2,0.373,749,0.742,1,0
E99,4655.8,0,0.24,161,0.556,0,0
E03,4544.28,0,0.306,1726,0.492,1,0
E99,7193.69,2,0.603,222,0.26,0,0
E99,3832.65,1,0.272,1452,0.129,0,0
E01,4428.87,0,0.4,2707,0.089,0,1
E03,1720.34,0,0.857,1115,0.721,0,0
E01,6828.34,2,0.522,3217,0.378,1,1
E02,861.56,2,0.997,53,0.716,1,0
E01,9906.07,1,0.805,2555,0.527,1,1
E99,1523.0,0,0.412,1813,0.47,0,0
E03,3891.49,0,0.206,872,0.641,1,1
E01,2454.03,0,0.622,1548,0.222,1,1
E02,2977.52,2,0.765,975,0.971,0,0
E02,3292.29,2,0.576,2232,0.36,0,0
E03,7211.53,0,0.925,3460,0.773,0,1
E99,1849.82,2,0.814,1804,0.283,0,0
E01,2712.18,2,0.616,2520,0.49,0,0
E02,1101.94,2,0.215,2201,0.519,1,0
E02,3381.45,2,0.471,2980,0.338,1,0
E02,9418.29,1,0.596,2025,0.378,0,1
E02,3863.08,2,0.4,1607,0.459,1,0
E01,7795.65,2,0.87,430,0.836,0,1
E01,4670.87,2,0.54,2795,0.52,0,1
E02,4551.04,1,0.363,3232,0.133,1,0
E99,8257.31,0,0.823,3530,0.254,0,0
E01,365.51,1,0.687,2628,0.977,1,1
E01,8662.38,1,0.358,1284,0.134,0,0
E03,4903.56,1,0.626,2532,0.659,1,0
E99,3576.16,2,0.756,1154,0.248,0,0
E02,9077.67,1,0.559,3235,0.456,0,0
E01,3464.61,0,0.442,155,0.386,0,0
E03,9779.2,0,0.752,3233,0.969,0,1
E02,9369.93,1,0.75,2653,0.568,1,1
E03,2752.44,0,0.214,3201,0.285,1,0
E01,3471.97,0,0.387,867,0.617,0,0
E01,8140.46,0,0.717,1829,0.117,0,0
E01,2036.54,1,0.379,914,0.921,1,1
E03,7346.32,1,0.97,2559,0.374,0,0
E02,1378.6,1,0.33,2275,0.88,0,0
E01,2135.49,0,0.799,2490,0.811,1,1
E02,5055.01,0,0.999,2660,0.226,0,1
E03,7484.23,2,0.477,162,0.955,0,0
E01,7420.34,2,0.683,1467,0.982,1,1
E03,6128.33,0,0.285,910,0.807,1,0
E03,2793.92,2,0.697,3400,0.474,0,0
E02,4212.24,1,0.99,1906,0.682,1,1
E99,2537.52,0,0.978,583,0.126,1,1
E99,2842.47,1,0.529,1412,0.916,0,1
E01,3299.92,0,0.856,1898,0.258,0,1
E01,6028.59,1,0.861,1170,0.724,0,1
E01,2155.19,2,0.462,2222,0.803,0,0
E01,521.44,2,0.858,2769,0.961,0,0
E02,6955.3,0,0.33,2222,0.824,1,1
E99,315.88,2,0.983,2084,0.819,0,0
E99,9710.77,1,0.891,2365,0.713,0,0
E01,3567.83,0,0.608,1036,0.592,0,1
E02,165.16,2,0.508,2282,0.089,0,0
E01,8857.39,2,0.957,185,0.964,0,0
E02,6038.06,0,0.257,2850,0.472,0,0
E01,8192.18,0,0.599,1369,0.799,1,1
E99,4406.74,0,0.59,2930,0.405,0,0
E99,3606.4,2,0.505,914,0.479,0,0
E01,6586.38,0,0.29,3518,0.485,0,0
E03,4119.41,0,0.401,1873,0.981,0,0
E02,5606.47,0,0.986,3382,0.249,1,1
E03,2850.45,0,0.846,1053,0.522,1,1
E02,3393.19,1,0.871,1872,0.195,0,1
E01,913.69,2,0.608,2570,0.514,1,0
E03,7835.58,0,0.729,2541,0.563,1,0
E01,3553.62,2,0.604,910,0.178,1,0
E02,9752.49,2,0.742,1449,0.706,1,0
E01,2671.61,2,0.891,829,0.828,1,1
E03,4803.02,2,0.394,2342,0.817,1,0
E03,3124.77,1,0.961,1494,0.735,1,1
E01,6969.86,0,0.931,27,0.182,1,1
E02,8102.82,2,0.535,1054,0.634,1,1
E03,4921.41,1,0.981,1323,0.706,1,1
E01,3732.58,1,0.906,2018,0.764,0,1
E02,7473.04,1,0.232,3292,0.717,0,0
E03,1995.4,0,0.234,3540,0.641,1,0
E02,6034.72,1,0.766,2430,0.734,0,1
E03,7362.88,2,0.827,3256,0.851,1,1
E02,2765.77,1,0.399,63,0.585,1,1
E03,6591.42,1,0.599,3097,0.187,1,0
E01,7378.74,0,0.631,1882,0.817,0,1
E01,1262.42,1,0.556,1342,0.671,1,1
E01,3306.68,0,0.255,1317,0.695,0,1
E99,4122.43,1,0.375,1258,0.327,1,1
E99,7781.98,0,0.852,2911,0.191,1,0
E03,5718.3,2,0.258,1652,0.784,1,0
E01,4550.66,0,0.698,414,0.096,0,0
E02,3255.85,0,0.707,3243,0.428,1,1
E03,140.21,1,0.965,2175,0.528,0,1
E03,300.18,1,0.99,1407,0.066,0,0
E01,2480.42,2,0.956,2563,0.611,0,0
E99,1255.24,1,0.633,1263,0.162,0,0
E01,1283.91,1,0.233,2144,0.277,0,0
E01,6067.12,2,0.422,29,0.984,1,1
E99,6094.01,2,0.58,988,0.577,0,0
E02,543.24,2,0.231,1232,0.96,0,0
E02,5979.96,1,0.23,2855,0.513,1,0
E02,1543.6,2,0.459,2716,0.805,1,0
E99,3834.53,0,0.51,2857,0.086,0,0
E01,9897.87,2,0.665,1723,0.324,0,0
E03,5267.85,2,0.946,1299,0.316,1,0
E01,438.46,1,0.513,1902,0.116,1,1
E01,3541.82,0,0.238,960,0.945,0,0
E02,6741.89,2,0.632,1903,0.524,1,1
E02,2323.52,0,0.486,2390,0.607,0,0
E01,9648.05,0,0.921,3489,0.539,1,1
E02,4310.41,2,0.545,1324,0.284,0,0
E03,308.76,1,0.457,408,0.919,0,0
E02,5451.61,1,0.779,1243,0.679,0,0
E03,6794.28,2,0.595,2975,0.166,0,0
E03,4614.31,2,0.644,1622,0.484,1,0
E02,9288.89,2,0.322,1500,0.051,0,0
E02,9029.13,0,0.5,1649,0.684,0,1
E02,1475.7,0,0.237,910,0.542,0,1
E02,891.49,2,0.804,2986,0.9,0,0
E01,3191.86,0,0.396,2417,0.94,1,1
E01,6120.51,0,0.296,3430,0.142,1,1
E01,6055.79,1,0.672,354,0.134,1,0
E02,2789.27,1,0.664,2568,0.895,0,1
E99,9515.9,0,0.453,291,0.531,1,0
E02,3142.58,2,0.97,318,0.491,0,0
E02,8061.57,1,0.708,3043,0.587,0,0
E02,8336.6,1,0.941,1216,0.488,0,1
E03,1074.51,1,0.44,1137,0.627,0,1
E02,2402.27,2,0.641,683,0.942,0,0
E02,2230.4,1,0.531,391,0.62,0,0
E03,9204.55,2,0.531,2388,0.351,0,0
E01,3575.94,0,0.238,1884,0.251,0,0
E02,8381.07,2,0.376,2153,0.958,0,0
E02,4832.38,2,0.895,556,0.595,0,1
E03,4626.47,0,0.88,3536,0.583,0,1
E99,9043.87,2,0.284,29,0.081,1,0
E03,4464.92,0,0.215,1612,0.913,0,1
E02,7474.03,1,0.282,1879,0.491,0,0
E01,4301.34,2,0.711,380,0.99,0,0
E02,1108.51,0,0.392,2084,0.208,0,0
E03,625.64,1,0.81,2154,0.357,1,1
E99,2161.58,2,0.205,1910,0.247,1,0
E03,7250.45,1,0.773,1321,0.406,0,0
E01,3799.13,0,0.909,3347,0.968,1,1
E03,4595.67,0,0.236,641,0.44,0,0
E99,1108.58,1,0.894,2679,0.827,0,0
E03,6268.07,0,0.934,1336,0.76,1,1
E03,8054.14,0,0.629,1394,0.33,0,0
E02,6284.36,2,0.428,858,0.595,1,0
E03,9847.68,1,0.65,2428,0.851,1,0
E01,261.78,1,0.448,710,0.625,0,0
E01,255.13,0,0.947,1342,0.299,0,1
E03,5050.06,2,0.635,1741,0.861,1,0
E99,2737.44,1,0.839,35,0.573,1,1
E99,6896.45,0,0.688,2916,0.971,1,1
E01,7952.78,2,0.431,1193,0.666,1,1
E01,1114.12,0,0.6,3188,0.472,1,0
E01,9181.65,1,0.904,2335,0.46,1,0
E03,396.24,1,0.506,937,0.877,1,1
E03,6915.2,0,0.473,2384,0.972,1,1
E99,3906.56,2,0.965,1614,0.436,1,0
E01,6707.65,2,0.467,1751,0.203,1,0
E02,1066.6,0,0.888,3034,0.087,1,0
E03,9377.1,0,0.343,2308,0.353,0,0
E01,9380.34,0,0.833,3559,0.371,0,1
E99,5242.07,1,0.692,3340,0.45,1,0
E02,5144.89,1,0.296,3059,0.186,1,0
E01,6384.6,1,0.251,1677,0.513,1,1
E01,5842.68,0,0.439,1779,0.937,0,1
E99,5481.11,2,0.726,3176,0.269,1,0
E03,5932.99,1,0.488,3132,0.694,0,1
E03,8600.44,1,0.417,1334,0.086,1,0
E03,6149.56,1,0.665,2544,0.655,0,0
E02,2038.76,2,0.962,2158,0.931,1,1
E03,9147.73,0,0.297,409,0.315,1,0
E99,2238.01,2,0.716,444,0.817,0,1
E01,1735.1,1,0.93,303,0.128,0,0
E03,9970.87,1,0.633,922,0.387,1,0
E01,2212.83,0,0.971,3370,0.056,1,1
E01,1090.92,2,0.678,1142,0.384,0,0
E02,5663.87,2,0.738,3328,0.341,1,0
E99,8289.22,1,0.833,1586,0.701,1,0
E01,701.43,2,0.36,1650,0.327,0,0
E02,4952.03,2,0.648,922,0.824,1,0
E03,778.17,2,0.691,2382,0.324,0,0
E01,4344.04,0,0.296,2121,0.26,0,0
E03,3505.21,2,0.564,1097,0.515,0,0
E99,1457.58,0,0.817,2825,0.667,0,0
E01,9317.11,1,0.233,2525,0.885,1,1
E01,6385.38,0,0.531,2560,0.815,0,1
E99,8446.26,0,0.317,1606,0.543,0,0
E01,9068.85,2,0.341,2330,0.97,0,0
E01,9308.83,1,0.61,1255,0.329,1,0
E99,7506.33,2,0.224,3597,0.989,1,0
E99,3138.79,0,0.54,1586,0.412,1,0
E03,8306.43,2,0.221,987,0.297,0,0
E02,5249.81,2,0.94,1640,0.41,0,1
E99,2789.37,1,0.906,3389,0.601,1,0
E03,3919.16,0,0.369,3393,0.495,1,0
E03,3082.11,0,0.253,1280,0.097,1,0
E03,4715.42,1,0.401,3186,0.385,0,0
E03,7835.22,1,0.223,1101,0.512,0,0
E02,4900.19,1,0.788,700,0.673,0,0
E02,2751.8,0,0.659,798,0.946,1,1
E02,965.29,1,0.635,1003,0.949,1,0
E02,8571.99,1,0.882,1054,0.533,1,0
E02,4231.95,1,0.847,1078,0.585,0,0
E02,4475.03,0,0.527,1380,0.706,0,0
E03,7660.84,1,0.688,42,0.835,0,0
E02,8512.29,2,0.553,1359,0.751,0,0
E01,5160.33,1,0.699,1910,0.727,0,1
E01,6360.44,0,0.321,1443,0.47,1,1
E01,2467.65,2,0.44,1738,0.867,1,1
E03,9357.17,0,0.402,811,0.673,0,1
E02,5722.42,2,0.334,449,0.2,1,1
E01,7224.09,0,0.531,3240,0.612,0,1
E03,1230.71,0,0.781,3564,0.342,0,1
E01,6405.52,1,0.517,1468,0.241,0,1
E01,3752.6,2,0.986,2740,0.66,0,1
E03,4555.62,1,0.442,506,0.654,1,1
E02,6853.4,0,0.959,659,0.947,1,1
E03,7983.64,2,0.355,1871,0.968,0,0
E03,3558.72,0,0.457,2539,0.434,0,0
E99,8745.04,1,0.331,2525,0.218,0,0
E01,2268.0,0,0.39,1226,0.182,0,0
E03,5672.69,2,0.326,3155,0.966,0,0
E03,1597.53,1,0.7,2278,0.422,1,1
E01,2963.57,0,0.36,1140,0.372,0,0
E99,8964.57,1,0.268,1694,0.634,1,0
E02,214.41,0,0.413,1073,0.104,1,0
E99,9164.55,1,0.743,500,0.658,0,0
E03,3351.18,1,0.543,21,0.873,0,1
E02,6988.37,2,0.325,1656,0.731,0,1
E01,1008.01,2,0.251,23,0.442,1,0
E99,6448.59,1,0.783,3462,0.159,0,0
E02,9103.67,0,0.763,3159,0.277,0,1
E01,5596.5,0,0.569,2693,0.299,1,1
E01,3685.0,1,0.622,2701,0.412,0,0
E03,7956.42,1,0.392,2256,0.175,0,0
E01,7155.98,1,0.588,2637,0.591,0,1
E02,1265.16,2,0.783,3036,0.394,1,0
E03,6690.45,2,0.817,1845,0.517,0,0
E01,6680.09,1,0.472,2983,0.318,0,0
E02,7544.02,0,0.743,855,0.477,1,1
E01,3231.44,1,0.589,3197,0.72,0,1
E99,4072.65,0,0.791,2543,0.133,1,0
E99,9604.38,1,0.753,392,0.529,1,1
E01,5777.22,1,0.8,655,0.631,1,1
E02,5134.2,1,0.332,466,0.678,1,1
E02,9869.81,1,0.458,873,0.917,0,1
E99,2372.62,0,0.412,2876,0.784,1,0
E02,4039.58,0,0.558,2975,0.745,0,1
E02,7622.85,2,0.572,3583,0.866,0,0
E99,7159.7,1,0.734,464,0.91,1,0
E01,9670.34,0,0.656,2025,0.839,0,1
E02,6577.57,2,0.664,2958,0.627,1,0
E01,3199.64,0,0.706,3471,0.843,0,1
E03,4036.75,1,0.418,354,0.357,0,0
E02,988.16,2,0.381,2386,0.945,0,0
E99,9244.83,1,0.372,288,0.213,1,0
E02,1373.81,2,0.824,308,0.265,0,0
E01,5502.47,1,0.278,3005,0.199,1,0
E03,4073.81,1,0.453,3334,0.78,1,0
E03,1428.81,1,0.424,668,0.458,1,1
E03,3000.62,1,0.674,3021,0.744,1,1
E03,6372.33,1,0.939,3281,0.529,0,0
E01,409.39,2,0.903,1929,0.429,1,1
E03,9663.3,2,0.284,617,0.893,1,0
E01,9100.05,1,0.632,2678,0.456,1,1
E01,937.55,1,0.23,1974,0.631,0,0
E99,8696.7,1,0.834,1266,0.857,1,0
E03,3352.86,2,0.5,3114,0.25,0,0
E01,768.29,1,0.372,2217,0.429,0,0
E01,3130.52,1,0.587,952,0.186,0,1
E99,8107.99,1,0.548,1488,0.56,1,0
E01,6691.73,1,0.955,1113,0.792,1,1
E01,2461.74,1,0.227,1898,0.102,0,0
E01,7219.85,2,0.96,976,0.107,1,1
E01,7107.43,2,0.387,2291,0.747,0,0
E01,7454.33,0,0.316,1613,0.717,1,1
E99,5452.5,0,0.793,194,0.428,0,1
E01,8207.56,2,0.618,21,0.389,0,1
E02,6449.49,0,0.917,346,0.315,0,1
E03,1341.45,1,0.634,579,0.108,0,1
E02,8121.53,1,0.604,297,0.533,1,0
E03,3305.3,0,0.365,2381,0.629,0,0
E03,7079.84,1,0.96,2142,0.863,0,1
E03,6783.8,1,0.732,76,0.559,1,1
E03,3425.53,2,0.681,1487,0.193,1,0
E03,1700.67,2,0.832,1058,0.34,0,0
E03,6980.09,2,0.281,1800,0.788,1,0
E03,8505.33,1,0.893,2106,0.631,0,0
E01,8398.49,2,0.6,1801,0.775,1,1
E03,6302.4,2,0.842,1436,0.439,1,0
E03,2351.33,2,0.77,146,0.113,0,0
E01,3230.48,1,0.561,2853,0.889,0,1
E99,7570.81,0,0.816,2866,0.378,1,0
E01,4167.45,1,0.777,3094,0.128,0,0
E01,7351.72,0,0.203,2522,0.602,0,0
E99,3163.55,0,0.767,1179,0.749,1,0
E01,162.55,0,0.607,2476,0.499,0,1
E02,6074.55,1,0.872,3245,0.627,1,1
E02,6049.07,2,0.848,124,0.442,0,0
E99,6312.79,0,0.337,1826,0.815,0,1
E02,2755.04,0,0.217,2346,0.787,0,1
E03,8129.6,0,0.357,3546,0.727,1,1
E03,4925.92,0,0.793,1802,0.069,0,0
E03,7647.64,1,0.897,3166,0.535,1,0
E99,6149.83,1,0.76,2738,0.788,0,0
E03,4219.1,1,0.856,2843,0.28,1,0
E02,6828.31,0,0.67,349,0.294,0,1
E99,5792.28,1,0.605,1815,0.9,0,0
E02,5156.04,1,0.976,2688,0.841,1,0
E01,6520.75,0,0.264,449,0.979,0,1
E01,950.8,2,0.537,3462,0.518,1,0
E03,9111.58,0,0.422,2463,0.167,0,0
E01,3417.31,0,0.298,3063,0.058,1,0
E02,2324.46,0,0.684,2278,0.714,0,1
E02,7740.78,1,0.411,3219,0.818,0,0
E02,2389.1,1,0.57,3240,0.453,0,0
E01,9958.12,0,0.309,273,0.45,1,1
E03,4262.88,1,0.512,3374,0.84,0,0
E02,3036.58,0,0.36,1907,0.225,1,1
E01,714.44,2,0.918,1760,0.11,1,1
E02,513.86,0,0.618,888,0.958,0,0
E02,1041.89,2,0.84,1456,0.56,1,0
E03,149.83,1,0.589,1962,0.776,0,0
E02,3338.19,2,0.234,1918,0.947,1,0
E01,3173.5,1,0.756,2543,0.812,0,0
E99,4357.91,0,0.238,2445,0.49,1,0
E02,2405.94,1,0.516,2688,0.659,0,0
E01,721.14,1,0.638,2082,0.644,0,1
E03,804.51,2,0.824,3569,0.92,1,1
E03,1903.25,1,0.919,3162,0.183,0,0
E03,3234.24,0,0.364,3447,0.704,0,0
E02,1565.12,0,0.731,2607,0.861,0,0
E02,3714.67,2,0.576,890,0.388,0,0
E02,9229.98,0,0.814,3472,0.716,0,0
E01,2689.87,2,0.952,3296,0.285,1,0
E01,1767.15,0,0.626,1069,0.133,1,0
E99,6681.28,0,0.429,3182,0.074,1,0
E03,4959.72,2,0.839,1880,0.548,1,0
E02,567.81,1,0.621,2604,0.099,1,0
E01,7899.29,1,0.906,1232,0.607,0,1
E03,7181.9,0,0.653,928,0.403,0,1
E01,9775.25,0,0.95,1448,0.056,1,1
E01,9389.24,0,0.214,678,0.263,1,0
E01,5884.06,0,0.791,509,0.744,0,1
E03,6891.61,0,0.477,1568,0.406,0,1
E03,4154.12,1,0.735,3412,0.732,1,0
E01,8895.83,0,0.954,141,0.816,1,1
E01,5572.81,1,0.723,1178,0.799,0,0
E03,3322.96,2,0.796,1022,0.68,1,0
E02,193.97,0,0.326,748,0.752,0,1
E03,5905.85,2,0.336,265,0.586,1,0
E01,5301.8,1,0.659,633,0.487,1,1
E03,8137.58,1,0.544,1888,0.108,0,0
E99,1951.35,2,0.289,1537,0.967,1,0
E03,8172.47,2,0.783,2219,0.84,1,1
E01,251.31,2,0.759,3082,0.682,1,1
E03,5914.4,2,0.273,401,0.655,0,0
E01,4028.84,0,0.239,1189,0.592,0,1
E01,3382.05,1,0.503,3146,0.139,1,0
E01,4389.63,1,0.706,849,0.35,0,1
E99,2313.56,1,0.915,349,0.369,1,0
E02,1915.91,2,0.548,862,0.796,1,1
E99,8070.56,1,0.267,1426,0.619,0,0
E02,2354.81,1,0.872,921,0.424,1,1
E02,7396.02,2,0.3,1804,0.358,0,0
E01,7142.47,2,0.71,735,0.853,1,1
E03,430.66,2,0.531,2096,0.788,1,0
E01,8822.62,1,0.928,3116,0.814,0,1
E02,7914.62,0,0.764,1149,0.422,0,1
E01,7981.07,2,0.2,1952,0.5,1,1
E02,8110.99,2,0.498,2567,0.589,0,0
E02,5867.28,0,0.344,239,0.23,0,1
E01,9934.47,0,0.427,1229,0.391,1,1
E01,1873.61,1,0.519,2283,0.512,1,0
E99,816.13,0,0.633,910,0.68,1,0
E01,7071.26,1,0.839,1483,0.473,1,1
E01,3009.98,1,0.269,1631,0.195,1,0
E01,6121.51,0,0.553,3371,0.45,0,0
E02,3977.85,2,0.881,409,0.549,1,0
E03,3401.89,0,0.546,2283,0.662,0,0
E01,8943.16,0,0.615,3478,0.853,1,1
E02,1506.23,2,0.823,3259,0.269,1,0
E03,1970.96,0,0.77,1980,0.576,0,1
E01,6711.62,0,0.608,1398,0.442,0,0
E99,7847.75,2,0.974,519,0.696,0,0
E99,8338.92,2,0.229,942,0.872,1,0
E01,2388.38,0,0.244,2866,0.498,1,0
E01,8832.92,0,0.542,97,0.844,0,1
E01,6134.55,2,0.326,2593,0.052,1,0
E01,8249.86,1,0.373,3346,0.907,0,1
E02,778.37,1,0.32,1550,0.791,1,0
E02,3633.25,1,0.754,2912,0.176,1,1
E02,5296.15,1,0.537,3541,0.685,1,1
E01,5811.87,2,0.867,2742,0.533,1,1
E01,1080.81,0,0.4,1802,0.962,1,1
E99,5432.72,0,0.699,2031,0.336,0,0
E99,6688.32,2,0.371,766,0.622,0,0
E01,3679.79,0,0.212,475,0.541,1,0
E03,5057.32,2,0.751,2848,0.258,1,0
E02,2996.41,1,0.316,1870,0.815,1,1
E03,8717.95,0,0.755,3343,0.748,0,0
E02,6032.15,1,0.753,2674,0.561,1,1
E99,5557.61,1,0.735,945,0.937,1,1
E01,9449.14,1,0.674,3465,0.921,1,1
E01,6682.82,2,0.908,25,0.819,0,1
E99,2870.25,0,0.261,345,0.193,1,0
E01,6453.36,0,0.945,2193,0.891,0,1
E01,9620.07,1,0.253,2175,0.337,1,0
E03,333.23,1,0.596,2638,0.586,0,0
E03,6303.25,2,0.939,2329,0.966,1,1
E03,1652.67,2,0.415,939,0.267,1,0
E03,8182.95,2,0.87,535,0.238,0,0
E03,6442.78,1,0.675,3469,0.851,1,0
E01,9376.2,1,0.889,1218,0.062,0,1
E03,6728.82,2,0.239,604,0.214,1,0
E03,270.47,2,0.645,249,0.358,0,0
E99,5152.5,0,0.351,2884,0.744,1,0
E01,9046.31,1,0.214,3041,0.502,1,1
E01,2399.8,2,0.751,3154,0.42,0,0
E03,920.67,0,0.8,3069,0.914,1,0
E01,7226.89,2,0.789,616,0.761,0,0
E01,5074.83,2,0.782,52,0.645,0,1
E03,571.19,0,0.84,1805,0.37,0,0
E02,2871.16,1,0.576,1828,0.857,1,1
E01,3334.81,1,0.478,101,0.288,0,0
E01,6711.83,1,0.817,3155,0.939,1,1
E01,4768.84,1,0.733,2311,0.295,1,1
E03,4923.18,2,0.36,2454,0.821,0,0
E02,8085.38,2,0.548,1967,0.909,1,0
E01,2856.33,1,0.346,3576,0.263,1,0
E02,6758.47,0,0.823,2802,0.266,0,1
E01,3738.82,2,0.398,2082,0.124,1,0
E01,4241.86,1,0.698,1805,0.371,1,1
E01,5603.43,2,0.788,3005,0.52,1,1
E02,6986.9,2,0.993,1274,0.131,1,1
E01,9457.43,0,0.547,3099,0.188,1,1
E01,2763.21,1,0.898,492,0.447,0,0
E02,1127.08,0,0.731,130,0.219,0,0
E02,4345.04,1,0.207,184,0.777,1,0
E01,5512.49,2,0.513,1320,0.353,0,0
E01,2357.24,1,0.515,1904,0.094,0,0
E01,8915.91,0,0.296,3226,0.195,1,0
E02,8008.59,2,0.55,3308,0.339,0,0
E03,4987.27,0,0.293,113,0.187,1,1
E01,4555.63,0,0.868,2757,0.253,0,1
E03,503.34,1,0.49,725,0.244,0,0
E03,5415.21,2,0.346,1415,0.444,0,0
E01,5997.9,2,0.681,3090,0.543,1,0
E01,8927.15,1,0.886,3541,0.635,0,1
E01,5060.87,2,0.948,2857,0.905,0,1
E01,1658.04,2,0.915,663,0.697,0,1
E02,1882.56,1,0.906,137,0.237,0,1
E01,1682.69,0,0.478,3591,0.472,0,1
E03,9391.5,2,0.604,848,0.736,1,0
E02,7954.55,1,0.497,829,0.572,1,1
E03,8265.18,0,0.938,1878,0.209,0,1
E03,8420.29,2,0.274,606,0.79,0,0
E02,1046.78,1,0.643,2397,0.235,1,0
E99,7051.55,2,0.398,3090,0.374,0,0
E99,7072.93,0,0.88,1246,0.74,0,0
E02,2325.73,0,0.471,1688,0.961,1,1
E01,4957.59,1,0.891,3239,0.887,1,0
E02,6658.07,1,0.942,3210,0.962,1,1
E01,8983.63,2,0.338,337,0.423,0,0
E02,1193.21,0,0.803,2693,0.46,1,1
E02,8932.71,2,0.48,72,0.203,1,1
E02,9231.91,0,0.523,565,0.494,1,1
E03,9243.74,2,0.42,2258,0.784,0,0
E01,147.87,2,0.693,439,0.115,1,0
E02,2287.89,1,0.475,663,0.35,0,0
E01,6943.33,2,0.792,1608,0.92,0,1
E03,3285.22,1,0.823,1496,0.222,0,0
E03,704.72,1,0.516,2021,0.329,1,0
E01,7653.13,0,0.204,3313,0.929,0,1
E03,383.06,0,0.253,1524,0.374,0,0
E01,4515.61,1,0.419,1103,0.831,0,0
E03,9481.0,0,0.963,763,0.32,1,1
E02,4458.3,0,0.515,3157,0.292,0,0
E02,9127.68,1,0.795,783,0.226,0,1
E03,4149.14,1,0.949,15,0.109,1,0
E99,3532.19,0,0.473,1836,0.44,1,0
E03,1163.09,2,0.649,2634,0.721,0,0
E02,3645.1,2,0.882,52,0.525,1,1
E03,3436.17,2,0.692,2292,0.433,0,0
E02,8480.86,0,0.29,1580,0.242,0,0
E03,9207.16,2,0.816,2795,0.692,0,0
E03,317.11,0,0.923,120,0.288,0,1
E01,1072.74,0,0.815,3229,0.08,0,1
E01,6467.96,2,0.802,3143,0.957,0,1
E01,4898.95,2,0.805,2471,0.936,0,1
E01,3039.1,0,0.69,2232,0.252,0,1
E02,2673.08,1,0.398,2535,0.274,1,0
E01,2324.28,1,0.929,577,0.595,0,1
E02,5301.96,2,0.303,3228,0.452,1,0
E01,273.05,1,0.862,2767,0.885,1,1
E01,7414.96,1,0.487,2719,0.451,0,0
E03,3073.84,0,0.739,1773,0.178,0,0
E02,4325.63,2,0.844,508,0.564,0,0
E02,5317.82,1,0.839,1839,0.156,0,1
E03,2192.46,2,0.329,1962,0.47,1,0
E99,8848.66,1,0.689,922,0.593,0,0
E02,6852.72,0,0.372,3327,0.939,0,1
E01,8715.93,2,0.29,1418,0.326,0,0
E01,4806.96,0,0.611,3434,0.66,0,1
E99,4381.36,0,0.99,3161,0.05,0,0
E03,2447.71,1,0.985,270,0.869,1,0
E03,5493.92,1,0.659,530,0.348,1,0
E03,5972.32,2,0.818,1414,0.276,1,0
E01,4257.24,1,0.4,2245,0.146,0,0
E02,1539.29,1,0.379,409,0.788,1,0
E03,2803.73,0,0.765,781,0.103,1,1
E99,241.09,1,0.829,3082,0.631,1,0
E01,3259.47,0,0.793,1601,0.347,1,1
E02,5849.51,0,0.284,2001,0.718,1,1
E01,9561.54,0,0.485,1919,0.958,1,1
E99,1861.18,1,0.235,3488,0.308,0,0
E01,649.1,0,0.829,439,0.633,0,0
E03,3033.48,0,0.449,1877,0.398,0,1
E01,1652.3,0,0.544,283,0.529,0,1
E03,6985.64,2,0.663,168,0.128,0,0
E03,156.92,2,0.2,1743,0.242,0,0
E01,9810.58,0,0.483,3252,0.797,1,1
E03,8571.1,1,0.782,1474,0.374,0,0
E99,4957.64,0,0.429,2581,0.051,0,0
E99,9217.33,1,0.656,3315,0.352,1,0
E01,6317.79,1,0.982,23,0.68,0,0
E03,9938.27,0,0.295,2513,0.963,1,1
E02,2855.23,1,0.415,3234,0.853,1,0
E02,9969.37,0,0.747,3228,0.761,1,1
E02,1884.45,1,0.679,2649,0.924,0,0
E03,3598.84,2,0.982,3341,0.67,1,1
E01,9359.71,0,0.228,2167,0.538,1,0
E02,3768.37,2,0.902,69,0.557,0,0
E01,2177.38,2,0.591,3535,0.938,1,0
E01,688.92,2,0.382,3167,0.052,0,0
E01,1574.69,2,0.603,685,0.535,1,1
E01,3616.71,0,0.53,3450,0.773,0,0
E03,4270.2,0,0.343,2346,0.086,0,0
E02,5470.27,0,0.376,1630,0.824,1,0
E01,8154.52,1,0.431,2947,0.843,1,1
E03,232.81,2,0.642,2289,0.542,1,0
E99,8427.05,1,0.266,2840,0.829,0,0
E99,5814.77,0,0.271,1246,0.184,0,0
E03,7589.13,0,0.465,1403,0.936,1,0
E99,7594.09,0,0.766,356,0.096,1,1
E02,9041.71,1,0.983,3201,0.085,0,0
E99,1024.46,0,0.21,946,0.543,1,1
E99,5758.0,0,0.978,495,0.741,1,0
E01,9099.39,0,0.749,290,0.708,1,1
E99,7220.14,0,0.921,1390,0.567,1,1
E03,1056.19,2,0.629,1752,0.787,0,0
E03,6178.25,0,0.57,3004,0.621,0,0
E99,8018.82,2,0.828,2353,0.849,1,0
E02,2821.13,0,0.641,2902,0.159,0,0
E02,6361.68,1,0.918,19,0.973,1,1
E03,8420.08,0,0.914,106,0.878,1,0
E03,5286.28,1,0.624,824,0.892,0,1
E99,2022.45,2,0.659,1389,0.392,1,0
E99,5541.85,2,0.565,266,0.94,0,0
E03,5921.24,1,0.752,3123,0.183,0,0
E99,4088.24,1,0.746,3476,0.123,0,0
E01,6828.2,1,0.72,1746,0.425,0,0
E99,4390.0,2,0.25,2891,0.927,0,0
E01,8786.31,1,0.971,687,0.96,0,1
E02,7937.09,1,0.468,112,0.514,1,1
E01,8067.24,0,0.397,3235,0.757,0,1
E02,5308.16,2,0.369,2930,0.556,1,0
E02,2043.84,1,0.255,2727,0.157,1,0
E01,7271.78,0,0.566,2978,0.664,1,1
E03,782.32,0,0.233,2557,0.188,1,0
E03,5223.99,1,0.329,2899,0.667,0,0
E01,624.49,2,0.204,3481,0.276,1,1
E03,5331.35,2,0.34,3162,0.298,1,0
E01,6890.63,2,0.996,3204,0.684,0,1
E01,4250.06,2,0.633,1686,0.487,0,1
E01,4227.34,1,0.254,2946,0.83,0,1
E02,1315.66,2,0.651,862,0.689,0,0
E03,3088.31,0,0.681,1131,0.327,0,1
E02,4498.31,1,0.638,3133,0.78,1,1
E03,8649.27,1,0.469,1308,0.111,0,0
E02,8990.0,2,0.726,3004,0.741,1,1
E03,9540.44,0,0.314,1784,0.412,1,0
E99,1092.61,0,0.376,989,0.334,1,0
E02,3032.49,2,0.996,1482,0.541,1,1
E01,4682.84,1,0.532,2091,0.903,0,1
E01,6453.26,1,0.318,229,0.291,0,0
E02,7057.71,0,0.374,2005,0.989,1,1
E02,7881.56,1,0.779,379,0.604,1,1
E01,5009.15,1,0.293,1755,0.287,0,1
E99,5610.18,1,0.483,1164,0.7,1,1
E99,9609.65,2,0.463,2191,0.741,1,0
E01,2476.28,0,0.382,3020,0.55,0,0
E01,8057.22,2,0.581,303,0.173,0,0
E01,7147.0,1,0.288,307,0.816,1,0
E02,1486.89,1,0.565,1637,0.812,0,1
E99,9272.27,2,0.226,2714,0.769,1,0
E02,8568.03,0,0.976,1008,0.76,1,1
E01,7817.1,2,0.684,2817,0.408,1,1
E02,1355.06,1,0.26,9,0.513,0,0
E01,1482.74,2,0.353,1062,0.672,1,1
E02,6863.66,0,0.789,1869,0.206,1,0
E02,1161.97,2,0.785,2254,0.618,0,0
E03,1221.82,0,0.492,1313,0.154,0,1
E02,4062.77,1,0.319,3175,0.847,1,1
E99,153.24,2,0.629,1553,0.163,1,0
E01,7242.69,1,0.421,2289,0.776,1,1
E03,5448.05,1,0.277,401,0.259,1,0
E01,873.92,0,0.477,3345,0.923,0,0
E01,5481.47,0,0.801,1820,0.668,0,1
E99,635.47,0,0.483,1692,0.455,0,0
E03,799.89,2,0.233,973,0.091,0,0
E01,4906.12,0,0.296,2188,0.621,0,1
E02,5048.25,0,0.677,3,0.405,1,1
E03,3456.05,1,0.618,1627,0.8,1,0
E99,6255.54,1,0.74,2808,0.795,0,0
E03,3934.85,2,0.657,2799,0.696,1,1
E01,5910.91,0,0.598,2260,0.302,0,1
E02,3562.87,0,0.58,1348,0.213,0,0
E01,7178.17,0,0.969,1900,0.517,0,1
E01,5834.93,0,0.89,609,0.475,0,1
E02,1684.43,1,0.506,2239,0.683,0,1
E03,6894.06,0,0.723,779,0.551,0,0
E01,7860.97,2,0.216,1165,0.515,0,0
E03,752.15,2,0.217,2643,0.502,0,0
E03,6138.61,1,0.455,443,0.524,0,0
E03,7925.25,0,0.804,1188,0.87,1,1
E01,1235.06,2,0.94,1285,0.211,0,1
E02,9026.36,2,0.746,3406,0.068,1,0
E01,4206.51,2,0.765,2840,0.259,1,0
E01,7404.61,2,0.226,1341,0.342,0,0
E01,9000.59,2,0.944,2190,0.626,0,0
E01,9897.41,2,0.269,864,0.842,0,0
E01,5880.86,2,0.958,2848,0.72,0,0
E01,7072.31,1,0.313,1241,0.988,0,0
E99,2591.83,2,0.227,3248,0.051,1,0
E03,2971.46,0,0.651,3207,0.229,0,0
E01,8522.62,2,0.291,899,0.132,1,0
E99,4042.61,1,0.223,1473,0.674,1,0
E01,8242.1,0,0.734,3292,0.451,0,1
E02,600.91,2,0.791,346,0.343,0,0
E03,2260.71,0,0.434,2385,0.344,0,0
E02,1783.93,2,0.627,1858,0.889,0,1
E01,5317.97,2,0.669,2019,0.121,0,1
E02,897.25,0,0.329,2060,0.345,0,0
E02,3504.32,2,0.552,1812,0.52,1,0
E03,9863.83,0,0.71,1234,0.437,1,1
E02,7962.75,2,0.909,1687,0.696,1,0
E02,7629.85,2,0.535,3521,0.621,1,1
E01,1437.64,1,0.759,266,0.802,0,0
E02,3709.14,1,0.601,578,0.844,1,0
E01,6837.82,2,0.766,197,0.426,0,1
E99,314.09,2,0.831,2252,0.864,0,1
E03,4396.37,2,0.624,1192,0.644,1,0
E02,9293.04,0,0.249,162,0.859,1,0
E03,915.16,1,0.9,733,0.487,1,1
E01,9071.97,0,0.681,937,0.074,0,0
E01,2025.76,0,0.681,312,0.668,0,1
E02,1972.16,0,0.608,2761,0.958,0,0
E02,2034.82,1,0.339,88,0.924,1,1
E03,9319.44,2,0.589,3178,0.193,1,0
E99,6077.08,0,0.629,3522,0.51,1,0
E02,7532.81,0,0.507,3301,0.87,0,0
E02,3727.44,0,0.319,764,0.442,1,0
E03,8745.18,0,0.81,822,0.537,0,1
E01,5861.18,1,0.565,3544,0.988,1,1
E01,6038.37,2,0.761,2242,0.504,1,1
E99,7547.98,0,0.238,1960,0.229,1,1
E03,7759.06,2,0.604,3113,0.086,0,0
E99,6850.45,2,0.259,691,0.484,1,0
E01,1277.21,0,0.787,1462,0.534,1,1
E01,8680.59,1,0.665,523,0.915,1,1
E02,2682.9,2,0.561,2876,0.794,0,0
E99,9962.32,2,0.978,723,0.109,1,0
E01,3916.53,0,0.461,475,0.818,1,1
E01,1287.97,0,0.538,1310,0.115,1,0
E01,3229.26,1,0.79,2032,0.063,1,0
E03,5777.99,2,0.62,738,0.564,1,0
E03,3975.32,2,0.727,3240,0.548,1,0
E03,8303.95,1,0.981,2981,0.347,0,0
E01,6853.84,1,0.757,3311,0.483,0,1
E03,2213.16,1,0.321,1321,0.915,0,1
E02,5434.65,1,0.367,1399,0.686,1,0
E01,7896.57,1,0.896,1897,0.372,0,1
E01,8923.21,0,0.238,3274,0.928,0,1
E02,4009.95,1,0.607,1804,0.203,0,0
E01,9252.2,1,0.925,1399,0.215,1,1
E99,456.1,1,0.821,2374,0.269,1,0
E02,6799.24,2,0.293,478,0.269,1,1
E02,7841.65,2,0.792,3590,0.117,1,1
E03,4308.9,2,0.506,2479,0.341,1,0
E03,208.65,2,0.921,1597,0.566,0,0
E01,6901.65,1,0.658,325,0.259,1,1
E03,3491.39,0,0.639,1162,0.15,1,0
E01,1602.95,1,0.207,2063,0.661,0,0
E02,1655.38,2,0.4,3506,0.445,0,0
E03,7714.72,2,0.53,1754,0.664,1,1
E02,1955.16,1,0.779,3591,0.283,1,0
E02,4892.57,1,0.616,1865,0.761,0,0
E01,9706.85,0,0.882,2811,0.964,1,1
E02,7612.31,0,0.227,353,0.296,0,0
E01,5517.22,0,0.458,2871,0.651,0,1
E99,5329.93,0,0.678,872,0.769,1,0
E02,1756.54,1,0.727,1466,0.561,1,1
E99,4519.59,0,0.602,1164,0.324,0,0
E02,1534.51,0,0.519,1940,0.252,0,1
E03,927.46,2,0.257,2212,0.658,0,0
E01,1180.46,2,0.757,1267,0.501,0,1
E01,6105.45,2,0.923,207,0.837,0,0
E01,2016.17,1,0.847,2228,0.134,0,1
E01,1578.52,1,0.761,1512,0.081,1,0
E99,8684.6,2,0.707,2972,0.399,0,0
E03,1307.93,1,0.818,2503,0.496,1,0
E03,7085.79,0,0.821,1347,0.651,1,0
E02,4228.3,2,0.206,187,0.157,1,0
E02,5832.89,1,0.486,1927,0.602,1,0
E03,331.22,1,0.894,2862,0.814,0,1
E03,100.19,0,0.881,2790,0.905,1,1
E02,8190.76,1,0.768,1205,0.896,0,0
E03,4806.87,1,0.447,752,0.537,0,0
E01,805.94,2,0.838,265,0.895,1,1
E99,3500.22,1,0.385,2197,0.555,0,0
E01,5112.91,1,0.379,945,0.119,0,0
E02,1441.39,2,0.629,2792,0.965,0,0
E99,5508.75,0,0.657,2149,0.052,1,0
E01,5334.63,2,0.481,188,0.319,0,0
E01,6068.07,0,0.683,2488,0.094,1,1
E02,8121.59,0,0.767,914,0.561,1,1
E02,4186.51,1,0.344,3139,0.583,0,1
E99,8896.74,0,0.431,91,0.65,0,1
E03,4799.27,0,0.76,1320,0.182,1,0
E02,4625.77,1,0.942,24,0.066,0,0
E99,6591.29,2,0.908,2279,0.3,0,1
E03,6213.46,0,0.304,1719,0.098,1,0
E99,213.21,0,0.656,1919,0.083,0,1
E01,9826.06,2,0.84,2522,0.298,1,1
E02,9432.67,2,0.39,3225,0.989,0,0
E01,2884.73,1,0.715,1379,0.805,1,1
E01,5629.98,1,0.542,2053,0.39,0,0
E03,7727.8,2,0.73,2236,0.404,1,1
E01,9212.63,0,0.226,3173,0.924,1,1
E02,5900.48,2,0.45,690,0.672,0,1
E03,287.51,1,0.446,1885,0.837,1,0
E01,6838.71,1,0.535,3011,0.863,1,0
E02,1021.47,1,0.292,1013,0.209,1,1
E03,6744.66,2,0.549,1305,0.065,1,0
E99,5915.53,2,0.633,1616,0.302,1,0
E01,6442.63,2,0.221,2546,0.609,1,1
E99,1973.65,1,0.441,2414,0.904,1,1
E03,4986.74,0,0.342,468,0.34,1,0
E03,6217.77,0,0.978,742,0.849,0,0
E02,3072.9,2,0.304,2945,0.672,1,0
E03,1898.07,0,0.702,2425,0.665,1,0
E03,2304.54,1,0.521,1865,0.723,0,1
E01,8594.37,1,0.43,1513,0.531,1,1
E99,4698.98,2,0.883,3492,0.683,1,0
E99,6644.63,1,0.731,3177,0.796,1,0
E02,5197.4,2,0.696,1459,0.604,0,0
E03,8357.86,1,0.275,1266,0.087,0,0
E02,5134.1,2,0.407,3142,0.53,1,0
E03,1023.92,0,0.421,1246,0.611,0,0
E03,2060.05,2,0.548,1484,0.873,1,0
E01,231.33,2,0.937,3300,0.055,1,0
E01,8332.09,2,0.523,389,0.096,0,0
E01,6666.4,1,0.462,2532,0.396,0,0
E99,7616.1,0,0.257,2475,0.805,1,0
E02,7178.7,1,0.508,1365,0.505,0,0
E99,8262.35,2,0.242,659,0.337,0,0
E02,9871.0,0,0.492,3099,0.702,1,1
E01,6569.37,1,0.974,2879,0.524,0,1
E99,2597.43,0,0.645,3089,0.589,1,0
E02,1103.76,2,0.367,1206,0.453,1,0
E02,5938.5,1,0.439,3466,0.732,1,0
E01,7730.49,2,0.657,2723,0.065,0,0
E01,5659.56,0,0.215,864,0.052,0,1
E01,3105.19,0,0.92,1733,0.692,1,1
E02,7225.37,2,0.663,1139,0.075,0,0
E03,4534.93,1,0.594,1933,0.367,1,1
E01,2937.23,0,0.773,678,0.394,1,0
E01,8426.74,2,0.36,2644,0.627,0,0
E01,5807.54,1,0.217,1654,0.776,0,0
E02,2906.14,2,0.692,2394,0.823,1,0
E99,3353.18,1,0.328,2310,0.313,1,0
E02,5759.48,2,0.21,2391,0.203,0,0
E01,4286.94,1,0.943,2736,0.972,0,1
E02,1689.14,1,0.831,2372,0.091,1,0
E99,6143.65,1,0.291,1856,0.815,0,1
E03,6922.19,0,0.917,2107,0.069,0,0
E03,101.08,2,0.254,2272,0.506,0,0
E99,5415.01,1,0.842,2906,0.653,0,0
E03,5813.9,0,0.532,1713,0.499,1,0
E99,3387.43,1,0.615,1080,0.581,1,1
E01,3453.44,1,0.735,909,0.074,0,0
E03,3244.82,2,0.279,654,0.195,0,0
E99,4508.75,1,0.926,2170,0.57,1,0
E99,8138.2,1,0.315,2646,0.828,1,0
E02,4743.36,0,0.953,1142,0.566,0,1
E03,9937.12,1,0.273,1943,0.52,0,0
E01,3823.97,0,0.338,1340,0.979,1,0
E03,7022.7,1,0.246,3242,0.416,1,0
E02,5534.76,2,0.518,3262,0.412,1,0
E02,7646.66,2,0.673,3474,0.12,1,0
E03,8894.81,0,0.7,3099,0.786,1,1
E01,5165.66,1,0.863,3121,0.114,1,1
E01,4995.34,2,0.623,2006,0.178,1,0
E01,9432.92,0,0.608,1971,0.103,0,1
E03,9343.23,1,0.461,1086,0.231,1,0
E03,9970.27,1,0.721,2715,0.463,1,0
E03,1649.11,0,0.927,1152,0.089,0,1
E01,135.33,1,0.484,1204,0.437,1,1
E03,4429.37,0,0.485,3404,0.502,0,0
E03,7360.07,0,0.475,54,0.154,1,0
E01,821.27,0,0.382,426,0.102,0,1
E01,3798.66,2,0.653,2809,0.346,1,1
E02,5856.45,2,0.284,2466,0.662,0,1
E02,2204.22,0,0.868,2813,0.621,1,0
E01,7338.31,0,0.31,1681,0.169,0,0
E01,2372.42,1,0.339,29,0.136,0,0
E01,8422.65,0,0.255,1071,0.226,0,0
E01,3547.91,1,0.505,3109,0.872,1,1
E01,6026.62,1,0.806,2398,0.926,0,1
E03,5487.12,1,0.928,3173,0.54,1,1
E02,3034.82,1,0.547,34,0.898,0,1
E02,4446.81,1,0.388,1155,0.174,1,0
E03,8475.13,0,0.781,2473,0.668,0,1
E02,5528.61,2,0.751,63,0.66,1,1
E01,650.31,2,0.745,1619,0.472,0,1
E01,7159.02,0,0.555,3153,0.744,0,0
E01,1906.28,1,0.652,582,0.496,1,1
E02,4912.02,0,0.25,254,0.855,0,1
E02,4738.53,1,0.4,2293,0.178,0,0
E02,4916.22,2,0.942,836,0.066,0,0
E02,407.04,1,0.233,662,0.405,0,1
E99,2796.65,2,0.441,1953,0.171,1,0
E01,602.28,1,0.381,2182,0.218,1,1
E02,4208.07,0,0.304,2939,0.095,0,0
E02,6251.23,2,0.939,375,0.455,1,1
E03,6575.33,0,0.301,2814,0.743,1,0
E03,739.03,1,0.591,2412,0.573,1,0
E03,1277.0,2,0.872,2452,0.385,0,0
E01,6648.92,2,0.203,859,0.061,1,0
E02,5358.76,0,0.287,2983,0.529,1,0
E03,8350.78,2,0.474,444,0.358,1,0
E02,2130.91,2,0.318,2467,0.275,0,0
E99,1291.39,2,0.346,485,0.474,1,0
E02,3684.04,2,0.673,2296,0.21,0,0
E02,6406.96,0,0.337,1626,0.352,0,1
E02,4911.08,0,0.711,604,0.921,1,1
E02,1076.07,1,0.932,700,0.624,0,1
E03,805.79,0,0.384,1584,0.98,1,0
E01,6809.17,0,0.37,1318,0.64,0,1
E02,3039.99,2,0.209,1625,0.141,1,0
E03,6727.88,2,0.212,1560,0.676,1,0
E99,3019.66,0,0.517,67,0.864,1,1
E03,3216.46,1,0.591,1546,0.908,1,1
E99,2177.17,1,0.346,1460,0.571,0,0
E99,9838.8,0,0.458,1408,0.163,1,0
E01,259.1,0,0.312,818,0.654,1,1
E99,1359.8,1,0.745,693,0.184,1,1
E99,8379.27,1,0.514,323,0.103,0,0
E01,1467.8,2,0.787,2250,0.249,1,1
E03,2878.9,2,0.64,1967,0.141,0,0
E01,2701.57,0,0.502,2922,0.469,0,0
E03,7000.16,1,0.701,854,0.937,1,0
E01,4170.89,1,0.206,1468,0.671,1,0
E03,8421.82,0,0.752,686,0.703,1,1
E02,7499.53,2,0.497,3385,0.805,1,0
E02,5357.9,1,0.611,2832,0.275,0,0
E01,2565.71,2,0.619,536,0.588,0,0
E03,7944.95,1,0.647,2916,0.72,0,1
E02,8673.31,1,0.762,3324,0.336,1,0
E03,8379.2,0,0.289,2379,0.414,1,0
E01,611.97,1,0.591,3566,0.709,1,1
E01,7009.79,2,0.267,683,0.81,1,1
E02,7068.99,1,0.387,1040,0.39,0,0
E99,9436.45,1,0.351,2278,0.638,0,0
E01,2708.44,0,0.679,1938,0.674,1,1
E03,7884.83,0,0.685,2568,0.923,1,0
E01,6922.06,2,0.865,3475,0.79,1,1
E03,8799.4,2,0.617,840,0.233,0,0
E01,6963.75,1,0.796,3140,0.638,0,1
E02,8539.3,1,0.911,479,0.95,0,1
E02,3659.8,2,0.307,1654,0.406,0,1
E01,1660.48,0,0.777,1561,0.769,0,1
E01,3697.19,1,0.462,2902,0.557,1,1
E02,8169.01,0,0.422,1528,0.462,1,0
E02,1403.33,0,0.97,2989,0.586,0,1
E99,6415.66,1,0.365,552,0.45,1,0
E02,9876.8,2,0.932,3576,0.349,1,0
E99,8960.65,0,0.859,690,0.765,1,0
E02,6744.71,1,0.903,2130,0.551,1,0
E01,7947.04,0,0.669,1799,0.929,0,1
E01,1253.12,0,0.668,326,0.058,1,0
E02,5038.45,2,0.522,1899,0.773,0,1
E01,5365.93,2,0.521,3144,0.198,0,0
E99,7848.69,1,0.881,1936,0.766,1,1
E03,2897.67,1,0.51,2530,0.868,0,0
E02,1154.2,0,0.589,3535,0.787,1,1
E02,7011.33,1,0.997,1091,0.608,1,1
E02,4976.68,2,0.483,143,0.165,0,0
E03,8438.71,1,0.858,2481,0.953,1,1
E01,4866.75,2,0.422,2830,0.357,1,0
E01,8478.08,0,0.22,514,0.077,0,0
E01,5127.57,1,0.675,1267,0.052,0,0
E01,7848.72,1,0.583,1290,0.744,0,1
E03,7235.38,2,0.829,2710,0.833,1,0
E01,2734.22,0,0.203,3153,0.805,0,1
E01,3163.04,0,0.256,2647,0.575,1,1
E99,9002.04,2,0.888,1068,0.644,0,1
E99,2386.97,0,0.585,2231,0.902,0,0
E02,7005.26,1,0.605,969,0.674,1,0
E02,1536.69,0,0.38,2272,0.38,1,1
E03,7576.07,1,0.941,3474,0.943,0,1
E01,2310.57,0,0.932,2389,0.958,0,1
E02,5981.25,0,0.613,2826,0.64,1,1
E01,5686.01,1,0.374,2691,0.582,0,0
E02,2114.79,0,0.986,1715,0.931,0,1
E99,4964.89,0,0.914,474,0.781,1,1
E03,8804.56,1,0.617,3512,0.162,1,0
E99,6837.24,1,0.701,1299,0.951,1,0
E03,9927.28,1,0.552,3191,0.731,1,0
E03,7867.09,2,0.365,3031,0.745,0,0
E03,6470.21,2,0.745,2462,0.427,1,0
E03,5675.7,2,0.735,1972,0.058,0,0
E02,9380.54,1,0.638,986,0.305,1,0
E01,5317.43,2,0.852,493,0.361,1,1
E02,4086.46,2,0.561,3142,0.479,0,0
E01,8361.49,1,0.889,3461,0.709,0,1
E02,9408.42,1,0.374,2423,0.474,1,0
E01,4841.28,2,0.969,3556,0.4,1,0
E02,1458.66,2,0.364,780,0.283,1,0
E01,6122.89,1,0.328,1846,0.772,0,1
E01,7434.73,0,0.683,629,0.79,0,1
E02,3799.0,1,0.274,1919,0.391,1,1
E01,7504.0,0,0.334,3208,0.255,1,0
E99,5357.41,0,0.783,1051,0.257,0,1
E02,3083.43,2,0.447,1516,0.673,1,0
E02,6332.26,0,0.84,1858,0.776,1,0
E01,3950.58,2,0.324,1670,0.788,0,1
E03,7889.57,1,0.508,3487,0.868,1,0
E03,130.49,0,0.509,1535,0.759,0,0
E02,8199.96,1,0.584,917,0.507,1,0
E01,3135.1,2,0.528,1179,0.301,0,0
E03,9600.3,0,0.509,1097,0.401,0,0
E99,7615.73,1,0.463,1134,0.317,1,0
E02,2486.3,0,0.212,3231,0.144,0,1
E01,9790.11,1,0.693,1846,0.185,0,1
E01,5045.85,2,0.579,1384,0.062,0,0
E01,5276.95,2,0.499,509,0.235,0,0
E03,9104.23,0,0.369,3501,0.835,1,0
E99,9192.19,1,0.913,552,0.555,0,0
E99,6999.14,1,0.39,1259,0.416,0,0
E03,9786.65,1,0.937,2517,0.273,0,0
E01,3355.82,0,0.374,17,0.604,1,1
E99,2400.13,2,0.977,1139,0.965,1,1
E01,389.64,0,0.536,3433,0.377,0,1
E01,3528.81,0,0.626,87,0.847,0,1
E03,6066.07,2,0.439,853,0.933,1,0
E01,3123.25,1,0.951,310,0.79,0,1
E03,5838.24,0,0.426,2499,0.606,1,0
E99,579.02,2,0.784,42,0.334,0,0
E03,3605.5,0,0.216,171,0.081,0,0
E03,7505.25,2,0.647,1701,0.742,1,0
E02,1132.84,2,0.793,2693,0.949,1,1
E01,7176.89,1,0.577,3256,0.698,0,1
E03,7656.78,1,0.715,793,0.084,0,0
E02,5730.74,1,0.814,2059,0.181,0,0
E99,8872.27,1,0.6,2881,0.419,1,1
E01,9550.18,2,0.374,2626,0.98,0,0
E01,443.31,1,0.517,3479,0.13,1,0
E02,6822.92,0,0.785,273,0.349,0,0
E03,2448.03,0,0.417,163,0.569,0,1
E03,4141.01,1,0.706,2470,0.155,0,0
E99,6269.23,1,0.319,1325,0.161,0,0
E01,7151.5,1,0.944,2658,0.115,0,0
E02,8417.89,1,0.682,2577,0.523,1,0
E01,7083.33,1,0.575,1593,0.319,1,1
E01,7796.25,0,0.849,3587,0.087,1,1
E02,6030.8,0,0.838,3174,0.522,0,1
E02,1258.88,0,0.278,1307,0.737,1,0
E02,312.16,2,0.446,19,0.679,1,0
E02,5344.85,1,0.567,3581,0.693,0,0
E03,7183.86,2,0.472,3485,0.568,0,0
E03,1177.77,0,0.454,3237,0.784,0,0
E01,4350.03,0,0.482,202,0.109,0,0
E01,2636.16,0,0.314,2589,0.229,0,0
E03,5714.22,1,0.296,3458,0.711,1,0
E03,3965.98,1,0.408,1375,0.366,0,0
E03,2094.53,0,0.256,2716,0.275,0,0
E01,143.49,1,0.608,1933,0.075,1,1
E02,3283.1,0,0.323,1668,0.866,0,1
E99,5210.01,1,0.254,2593,0.838,1,1
E02,9299.17,1,0.87,2089,0.107,0,0
E02,2352.01,0,0.67,2468,0.336,0,0
E99,5171.33,0,0.919,806,0.252,1,0
E01,5708.32,2,0.987,1038,0.244,0,1
E03,6527.35,2,0.675,2304,0.293,1,0
E99,3352.81,2,0.837,2006,0.329,1,0
E01,1084.87,1,0.328,1380,0.714,1,1
E03,9221.43,1,0.759,3006,0.962,0,1
E02,9532.28,2,0.64,1229,0.093,1,0
E99,4438.49,2,0.741,1710,0.354,1,0
E99,5847.69,2,0.284,1138,0.677,1,1
E99,387.36,1,0.949,2038,0.338,1,1
E01,567.43,1,0.534,2024,0.23,0,0
E03,859.01,0,0.821,1179,0.208,1,1
E99,7413.59,0,0.992,2785,0.612,1,1
E03,2349.62,1,0.899,577,0.192,0,0
E03,1926.03,2,0.449,2772,0.141,1,0
E01,182.52,1,0.522,238,0.755,1,0
E99,326.69,1,0.719,903,0.373,1,0
E01,4113.3,2,0.63,1462,0.891,1,1
E01,5462.61,1,0.528,1525,0.517,1,1
E99,5832.69,1,0.723,2274,0.174,1,0
E99,4633.32,2,0.928,3378,0.231,0,0
E99,4649.66,0,0.448,2736,0.879,1,0
E02,7556.11,1,0.303,1960,0.168,0,0
E01,2966.74,2,0.741,303,0.347,1,0
E02,2453.41,1,0.672,3571,0.335,1,1
E01,8557.81,0,0.924,1147,0.978,0,1
E99,6923.71,2,0.794,2232,0.966,0,0
E02,4820.98,1,0.518,2908,0.701,0,1
E02,2826.51,2,0.707,2518,0.271,1,1
E01,1452.16,0,0.89,405,0.219,0,1
E02,470.47,2,0.478,935,0.106,0,0
E99,8538.42,2,0.211,3575,0.108,1,0
E03,5974.52,0,0.701,2764,0.934,0,0
E01,553.71,0,0.221,2278,0.617,0,1
E01,1670.02,1,0.95,1606,0.236,0,1
E02,2867.69,2,0.335,3384,0.784,1,1
E01,2704.41,0,0.499,2617,0.122,0,1
E99,5529.07,1,0.957,2629,0.541,0,0
E03,4054.49,0,0.264,3298,0.234,0,0
E01,8833.94,2,0.203,3469,0.472,1,0
E03,7222.17,2,0.283,3094,0.265,1,0
E02,9116.25,2,0.989,2395,0.178,1,0
E01,8641.9,0,0.977,824,0.921,0,1
E02,9221.55,2,0.508,965,0.915,0,0
E01,9802.11,1,0.794,555,0.514,1,1
E02,3185.79,0,0.789,2881,0.789,0,0
E03,2175.84,1,0.28,1205,0.24,0,0
E99,1735.01,1,0.388,814,0.423,0,0
E01,6318.08,1,0.911,2613,0.262,0,0
E03,6841.57,2,0.333,2034,0.129,1,0
E01,969.59,0,0.617,886,0.448,1,0
E02,8228.61,1,0.395,1343,0.75,1,1
E01,7852.36,0,0.646,1732,0.75,1,1
E02,6321.89,2,0.357,2876,0.467,1,1
E01,4412.56,1,0.373,25,0.47,0,1
E99,1621.21,2,0.237,2734,0.617,0,0
E99,5105.36,0,0.992,284,0.927,0,1
E01,1675.78,0,0.29,3110,0.191,1,0
E03,6089.29,2,0.532,425,0.431,0,0
E01,3168.65,0,0.534,889,0.901,0,1
E03,2548.33,1,0.443,1329,0.566,0,0
E01,4466.41,0,0.835,3591,0.795,1,1
E01,5849.06,1,0.47,1433,0.485,1,1
E03,3737.89,2,0.7,2899,0.916,1,0
E02,9639.67,2,0.634,923,0.887,1,1
E02,158.39,1,0.891,1392,0.469,0,0
E02,9137.32,1,0.856,1862,0.055,1,0
E01,106.77,0,0.374,460,0.582,0,0
E01,2245.45,0,0.8,109,0.242,0,1
E03,9963.88,2,0.834,1258,0.276,0,0
E03,7308.14,1,0.935,2830,0.454,0,1
E01,6480.53,0,0.971,383,0.473,1,1
E02,7288.32,2,0.79,2946,0.859,1,1
E03,4142.13,1,0.56,2215,0.079,1,0
E03,7863.68,0,0.434,987,0.327,0,0
E03,1633.19,1,0.892,407,0.644,1,1
E02,7959.53,1,0.932,1982,0.635,1,0
E02,9401.31,1,0.278,1550,0.349,1,0
E02,8591.1,0,0.643,392,0.217,0,1
E01,7422.64,0,0.303,2403,0.31,0,0
E01,6548.64,2,0.401,3013,0.889,0,0
E01,5258.81,2,0.507,1631,0.297,0,0
E03,4012.71,1,0.449,1625,0.512,1,0
E01,8669.97,2,0.773,3174,0.936,1,1
E03,6509.84,2,0.263,1395,0.161,0,0
E02,4405.51,2,0.691,868,0.868,0,0
E02,7869.44,2,0.665,3049,0.749,1,1
E03,635.63,2,0.83,1886,0.506,0,0
E03,8149.88,2,0.277,3375,0.942,1,1
E01,8125.95,0,0.466,3287,0.12,0,0
E03,2362.44,2,0.758,2919,0.853,1,0
E02,472.95,0,0.769,1272,0.236,1,1
E01,7165.71,1,0.56,2584,0.383,1,0
E03,2078.73,0,0.569,1702,0.165,1,0
E03,9960.62,0,0.972,2751,0.516,1,1
E01,190.91,2,0.461,3358,0.209,0,0
E99,2374.94,1,0.32,2637,0.29,0,0
E03,516.42,0,0.962,1798,0.106,1,0
E03,7848.29,2,0.848,3573,0.337,0,1
E01,5829.09,2,0.39,3111,0.204,1,0
E01,8499.5,0,0.886,882,0.694,1,1
E02,9629.87,1,0.402,3385,0.65,1,0
E03,6140.14,0,0.862,1727,0.676,0,1
E02,2394.36,2,0.703,922,0.685,0,0
E03,1017.23,2,0.586,1062,0.147,0,0
E01,8675.98,1,0.942,2829,0.251,1,1
E03,2526.62,2,0.847,1387,0.743,1,0
E03,8945.83,2,0.304,2353,0.503,1,0
E03,8795.05,0,0.764,1601,0.642,0,1
E03,6315.31,1,0.832,3552,0.103,0,0
E99,6079.56,2,0.633,492,0.413,0,0
E01,9513.18,1,0.421,2108,0.462,1,1
E03,7584.55,0,0.388,1281,0.701,1,1
E99,6864.49,2,0.979,2854,0.907,1,1
E02,4413.83,1,0.549,3394,0.59,1,0
E01,4891.58,0,0.615,1245,0.765,0,1
E99,3950.32,2,0.679,3267,0.655,1,0
E01,9468.58,2,0.281,2183,0.905,0,0
E01,6417.38,1,0.265,199,0.812,0,0
E01,7825.6,2,0.359,2803,0.282,0,0
E02,468.28,0,0.252,1985,0.259,1,0
E02,8539.02,2,0.919,3480,0.907,1,1
E02,4234.62,2,0.318,1652,0.612,1,0
E99,7397.89,0,0.381,907,0.473,1,0
E02,496.25,2,0.63,622,0.708,1,0
E02,8949.34,0,0.917,284,0.315,0,0
E99,6632.47,1,0.239,2540,0.81,0,0
E03,4629.26,0,0.373,3514,0.546,0,0
E01,3105.23,1,0.774,2329,0.869,1,1
E01,3179.14,1,0.615,2169,0.655,1,1
E03,3103.64,2,0.676,102,0.295,1,0
E03,1397.16,0,0.214,63,0.958,1,1
E02,4691.71,2,0.893,1797,0.428,0,0
E01,4589.51,2,0.663,1872,0.77,1,1
E03,4178.17,0,0.867,1532,0.29,0,1
E03,7060.63,2,0.971,3369,0.442,0,0
E02,4256.17,2,0.786,1188,0.744,1,1
E99,981.14,0,0.225,3543,0.704,1,0
E03,8535.39,0,0.769,949,0.933,0,0
E03,4308.5,2,0.651,1173,0.8,0,1
E03,6587.33,1,0.283,1078,0.355,1,0
E03,9305.97,0,0.416,2815,0.861,1,0
E02,7697.41,1,0.335,1192,0.916,0,1
E02,5434.11,1,0.94,1651,0.947,0,1
E03,5495.72,2,0.836,402,0.896,0,0
E03,8510.36,0,0.761,1433,0.704,1,1
E02,8253.96,0,0.811,720,0.798,1,1
E01,1868.66,2,0.681,2729,0.659,0,0
E03,6302.36,2,0.884,2926,0.351,1,0
E03,8670.59,2,0.383,972,0.817,1,0
E01,8052.74,2,0.4,3557,0.264,0,0
E02,1334.69,0,0.673,1535,0.455,1,1
E01,4413.36,2,0.848,3005,0.373,1,0
E99,5230.51,0,0.869,888,0.212,1,0
E99,2652.31,1,0.981,3092,0.801,0,1
E02,6827.04,1,0.81,514,0.494,0,0
E02,4814.64,2,0.386,1302,0.545,1,1
E03,3045.34,1,0.385,1366,0.522,0,0
E02,3434.96,0,0.556,671,0.698,0,1
E99,8581.02,0,0.72,3453,0.215,0,0
E01,8675.38,1,0.61,1058,0.521,0,0
E01,8142.52,2,0.254,1508,0.295,0,0
E02,9147.3,2,0.586,61,0.963,0,0
E01,9527.83,2,0.854,2459,0.107,0,0
E03,4969.1,0,0.392,647,0.923,0,1
E03,1057.37,1,0.708,1026,0.106,1,1
E01,8020.7,1,0.416,3301,0.153,0,0
E02,6370.98,2,0.645,3115,0.902,1,1
E03,3867.12,0,0.761,413,0.659,0,0
E03,9757.78,2,0.366,2250,0.355,1,0
E02,3452.98,0,0.792,2690,0.603,1,0
E01,9085.58,1,0.741,3421,0.206,0,0
E02,5966.59,2,0.45,867,0.111,1,0
E02,462.76,2,0.916,1174,0.096,0,0
E03,8617.32,1,0.824,853,0.304,0,0
E02,7645.9,1,0.617,1937,0.219,1,0
E01,6460.63,2,0.266,2171,0.429,0,0
E03,6184.41,1,0.552,688,0.874,1,0
E02,2266.47,1,0.464,82,0.406,1,0
E01,2223.41,0,0.41,490,0.425,0,1
E02,388.81,2,0.715,752,0.164,0,1
E99,1625.96,2,0.937,2107,0.979,0,0
E03,3431.16,1,0.317,722,0.187,0,0
E01,5453.18,0,0.793,2892,0.368,0,0
E03,1395.0,0,0.697,2312,0.939,0,0
E01,5619.96,0,0.734,720,0.478,1,1
E02,2706.87,0,0.876,3565,0.368,0,1
E02,2614.22,1,0.5,2530,0.722,0,0
E01,9484.65,1,0.664,3132,0.081,0,0
E01,9924.21,1,0.421,2417,0.352,1,1
E99,8133.24,2,0.427,2377,0.595,1,0
E01,638.48,0,0.611,1737,0.982,1,1
E03,7313.45,2,0.206,2362,0.959,1,1
E03,1866.41,0,0.398,2761,0.639,1,1
E02,5735.29,1,0.321,3550,0.37,1,1
E01,8947.76,2,0.296,2138,0.567,1,0
E01,3863.94,2,0.508,2713,0.928,0,1
E01,9295.53,1,0.283,3407,0.677,1,0
E02,7112.88,0,0.323,2197,0.19,1,0
E99,3080.02,1,0.735,2749,0.963,0,0
E99,1039.68,1,0.721,680,0.898,0,0
E01,8171.98,2,0.956,3191,0.254,0,0
E01,4634.79,1,0.936,3524,0.667,0,1
E01,819.67,2,0.899,1301,0.876,0,1
E99,1120.91,2,0.753,3194,0.257,1,0
E01,9672.92,0,0.413,2919,0.918,1,1
E01,2505.72,2,0.343,839,0.219,0,1
E03,9669.25,1,0.96,3571,0.386,0,1
E02,6843.48,1,0.968,2105,0.937,1,1
E01,3074.86,0,0.604,589,0.94,1,1
E03,3898.91,1,0.639,390,0.072,0,0
E01,7792.68,1,0.204,1840,0.864,1,1
E01,4410.61,0,0.319,1874,0.702,1,0
E01,840.03,2,0.637,3104,0.869,0,0
E02,2375.16,2,0.345,1838,0.484,0,0
E99,8617.42,0,0.583,1428,0.973,0,1
E02,6992.12,0,0.836,1140,0.753,1,0
E03,5060.06,1,0.841,1830,0.764,1,1
E01,2530.41,2,0.889,958,0.451,0,0
E03,4798.45,0,0.389,2691,0.419,1,1
E99,7909.61,2,0.546,489,0.243,0,0
E02,907.28,1,0.701,2969,0.105,0,0
E99,9948.2,1,0.665,778,0.897,0,0
E03,8611.65,0,0.999,719,0.605,0,1
E03,3247.86,1,0.421,3506,0.575,1,0
E01,8718.71,2,0.257,1408,0.368,0,1
E03,6848.97,0,0.51,2448,0.745,0,0
E02,6696.91,1,0.614,1420,0.432,0,1
E99,1483.13,0,0.51,3534,0.811,0,0
E99,9068.36,0,0.455,551,0.125,0,0
E02,4558.38,0,0.406,1677,0.283,0,0
E99,8051.95,2,0.542,329,0.316,0,0
E99,3065.29,2,0.751,2056,0.072,0,0
E02,3149.24,0,0.319,2681,0.674,1,0
E01,9650.42,2,0.892,1687,0.71,1,1
E01,5016.93,1,0.713,3067,0.439,0,0
E01,692.92,2,0.286,2766,0.798,1,0
E01,8373.5,1,0.219,3426,0.947,0,1
E99,2349.58,2,0.241,3584,0.742,0,0
E01,8799.66,0,0.272,3442,0.683,0,1
E03,9172.75,0,0.715,1559,0.473,0,1
E03,820.38,0,0.953,3580,0.57,0,0
E03,5866.05,2,0.307,2379,0.321,1,0
E01,9817.09,0,0.427,299,0.279,1,1
E02,9316.1,0,0.893,297,0.075,0,1
E03,5299.91,2,0.605,1429,0.502,1,1
E02,6836.88,1,0.542,2003,0.262,0,0
E01,6082.19,2,0.579,296,0.489,1,1
E03,2112.21,1,0.281,2076,0.814,0,0
E01,6564.68,0,0.376,2440,0.395,0,1
E02,3398.1,1,0.97,2496,0.353,1,1
E02,3445.92,0,0.715,3500,0.47,0,1
E01,4257.88,1,0.429,1311,0.516,1,0
E03,8536.55,2,0.958,133,0.306,1,0
E01,2459.62,0,0.518,3448,0.614,0,1
E99,2582.84,0,0.313,1895,0.077,0,0
E99,172.67,2,0.972,2269,0.507,1,1
E02,1634.57,0,0.733,1920,0.66,1,1
E01,9788.92,1,0.802,1753,0.488,1,0
E01,4395.31,2,0.218,588,0.97,1,1
E99,2032.13,0,0.427,2030,0.196,0,0
E03,9660.25,0,0.956,3000,0.476,0,1
E01,368.47,2,0.324,408,0.324,0,1
E02,4893.25,2,0.899,1421,0.899,0,1
E01,8065.56,2,0.816,3366,0.219,0,0
E02,7750.97,0,0.503,1514,0.54,0,0
E02,1973.25,1,0.909,582,0.449,1,1
E01,7107.12,2,0.938,3463,0.912,0,0
E03,6260.66,2,0.893,493,0.574,0,1
E01,6785.23,1,0.526,891,0.488,0,1
E02,2734.44,1,0.67,1674,0.601,0,0
E03,8126.27,0,0.445,1388,0.719,0,1
E99,5636.45,0,0.304,1499,0.08,1,1
E02,7278.27,1,0.922,2772,0.282,1,0
E99,9401.78,0,0.985,2004,0.272,0,1
E02,8569.42,2,0.247,1728,0.441,0,0
E99,7845.14,0,0.75,2532,0.592,0,0
E01,2967.52,1,0.959,2172,0.911,0,1
E03,635.42,1,0.686,2263,0.582,0,0
E01,5788.98,0,0.238,1720,0.221,0,0
E99,441.68,1,0.212,1996,0.544,0,0
E99,7170.48,2,0.603,1020,0.453,0,0
E02,7394.53,0,0.952,1489,0.657,0,0
E02,5672.82,0,0.423,586,0.649,0,0
E02,1764.7,0,0.48,296,0.671,1,1
E01,8769.64,0,0.837,3060,0.987,1,1
E03,5999.62,2,0.841,2905,0.076,1,1
E03,5197.43,0,0.955,991,0.767,0,0
E02,5719.16,0,0.871,1660,0.854,1,0
E01,920.58,2,0.675,3590,0.28,1,1
E99,7430.33,2,0.951,1912,0.762,0,0
E01,701.68,0,0.692,37,0.149,1,0
E03,5826.04,1,0.681,2078,0.56,1,0
E01,1775.65,0,0.212,3175,0.353,0,0
E01,2156.25,0,0.564,831,0.264,1,1
E01,2409.22,2,0.234,3410,0.658,0,0
E02,241.63,1,0.919,2747,0.428,0,1
E03,8929.2,1,0.208,212,0.206,0,0
E02,8061.93,0,0.446,3555,0.62,1,0
E03,409.74,0,0.996,2259,0.526,1,1
E03,664.16,1,0.836,777,0.09,0,0
E01,7850.48,1,0.806,2817,0.822,1,1
E01,167.35,2,0.77,2957,0.978,0,1
E03,4743.09,0,0.241,2215,0.372,1,0
E03,1162.24,1,0.431,3470,0.978,1,0
E02,5957.16,1,0.839,3168,0.986,1,1
E01,9983.57,2,0.916,1122,0.487,0,0
E03,1803.01,1,0.48,477,0.915,1,0
E01,9571.17,1,0.408,2906,0.785,1,0
E03,8668.24,1,0.389,3415,0.834,1,0
E01,9859.96,1,0.638,1060,0.165,1,0
E03,7685.27,2,0.433,1982,0.784,1,0
E02,8584.24,0,0.217,1837,0.272,0,1
E03,5986.52,1,0.513,1240,0.753,0,0
E01,8686.11,0,0.643,1938,0.272,0,0
E02,1203.97,0,0.707,1891,0.787,0,1
E01,7442.38,0,0.474,3547,0.89,0,1
E03,6324.36,1,0.451,1222,0.522,1,0
E01,692.48,0,0.427,537,0.457,1,1
E01,2986.74,2,0.699,1640,0.187,1,0
E03,2239.46,1,0.427,510,0.272,1,1
E01,4111.24,2,0.933,564,0.983,0,1
E01,2063.7,2,0.425,2286,0.737,1,1
E03,2820.81,2,0.833,3040,0.773,0,0
E03,3030.7,1,0.456,417,0.815,1,0
E99,6038.13,2,0.708,1403,0.599,0,0
E01,1435.25,1,0.759,660,0.465,0,0
E02,2486.9,2,0.339,1681,0.377,0,0
E03,3239.77,0,0.504,2126,0.076,0,0
E01,4545.77,2,0.302,3274,0.811,0,0
E03,477.08,0,0.609,3219,0.863,0,1
E01,9992.19,1,0.928,3265,0.372,0,0
E99,3073.88,1,0.677,1521,0.534,1,1
E03,2944.71,0,0.761,2837,0.593,0,0
E02,5593.22,0,0.426,1047,0.668,0,0
E02,8554.92,1,0.575,109,0.661,0,0
E01,4622.41,0,0.793,3347,0.235,1,1
E01,2563.51,0,0.305,3263,0.695,0,1
E03,5702.17,2,0.297,652,0.757,1,0
E02,4881.13,0,0.38,680,0.066,1,1
E02,4288.44,2,0.389,3265,0.631,0,0
E01,9840.44,0,0.97,1578,0.442,1,1
E03,9959.91,0,0.327,2843,0.882,0,0
E02,5663.24,1,0.284,3250,0.937,0,0
E01,773.24,1,0.31,1964,0.599,1,0
E99,5712.48,2,0.362,343,0.426,1,0
E02,9529.47,2,0.495,2160,0.932,0,1
E02,9264.36,1,0.358,480,0.304,0,0
E99,2233.46,0,0.27,2476,0.513,1,0
E02,1982.18,0,0.309,2074,0.382,1,1
E99,1607.33,2,0.832,1574,0.194,0,0
E03,8215.87,2,0.616,1684,0.891,1,0
E03,4951.55,0,0.797,3463,0.285,1,0
E01,3446.66,1,0.341,1403,0.798,0,0
E01,3315.59,0,0.444,3056,0.758,1,1
E02,2826.59,0,0.986,2914,0.677,0,1
E01,8837.94,2,0.269,3585,0.152,0,0
E01,4155.83,0,0.551,3220,0.427,1,0
E02,2515.78,0,0.437,2236,0.921,0,0
E03,7133.01,0,0.206,3569,0.394,0,0
E01,6391.0,2,0.642,2521,0.069,0,0
E03,7182.12,2,0.64,443,0.732,1,0
E99,8237.37,2,0.456,347,0.696,1,0
E03,1102.21,0,0.578,2434,0.595,1,0
E03,119.69,0,0.514,1907,0.391,0,0
E03,600.61,2,0.571,3136,0.353,0,0
E01,7097.25,1,0.878,1937,0.266,0,1
E02,9351.52,0,0.771,866,0.606,1,1
E99,3377.94,0,0.424,3085,0.986,1,0
E03,7833.82,2,0.392,1728,0.786,1,1
E03,7318.93,2,0.78,3434,0.666,0,0
E99,9782.81,0,0.38,26,0.585,1,0
E01,4760.85,1,0.926,66,0.713,1,1
E01,1744.12,1,0.866,485,0.522,0,1
E03,7675.79,1,0.402,3445,0.847,0,0
E01,8206.31,1,0.841,452,0.597,0,1
E02,7102.27,0,0.353,2565,0.283,1,1
E03,8645.5,1,0.22,2547,0.58,0,0
E03,3774.71,2,0.969,3167,0.281,0,0
E01,6934.12,2,0.809,2240,0.554,1,1
E03,2712.1,0,0.591,76,0.806,0,0
E01,4519.76,2,0.875,140,0.734,0,1
E99,2500.67,1,0.261,51,0.304,1,1
E01,1629.88,0,0.792,2144,0.736,0,0
E99,455.94,0,0.965,1549,0.166,1,1
E02,6747.1,2,0.855,246,0.657,0,0
E02,8765.2,1,0.545,76,0.346,1,0
E02,3212.75,0,0.477,728,0.63,0,1
E01,4349.43,2,0.914,1727,0.861,1,1
E02,135.11,2,0.433,3245,0.176,0,0
E03,4187.26,1,0.95,2978,0.705,1,0
E03,2885.09,1,0.456,1610,0.692,0,1
E01,5784.58,1,0.3,1033,0.762,0,0
E03,9094.32,0,0.389,2813,0.961,0,1
E99,5110.91,0,0.616,3373,0.504,0,0
E03,6787.77,0,0.305,1132,0.178,1,0
E02,7084.28,1,0.504,1792,0.704,1,1
E01,1609.08,0,0.925,399,0.563,0,1
E99,3531.05,0,0.275,467,0.813,0,0
E02,1220.14,2,0.692,3197,0.795,0,1
E02,4463.39,2,0.523,814,0.739,0,1
E03,8884.13,0,0.718,590,0.423,0,0
E01,4861.25,1,0.592,1149,0.497,1,0
E03,4615.91,0,0.901,1259,0.911,0,1
E01,2172.3,2,0.522,734,0.46,1,0
E03,3171.15,2,0.607,2524,0.601,0,0
E99,9372.34,0,0.304,2066,0.693,1,0
E99,3099.65,0,0.592,2130,0.159,1,1
E99,7340.73,0,0.292,3547,0.773,1,0
E99,517.2,0,0.667,3340,0.064,1,1
E01,1370.31,1,0.542,1016,0.973,0,1
E99,3183.63,2,0.827,3555,0.584,0,0
E99,9024.07,2,0.535,2442,0.208,1,0
E02,2270.99,0,0.704,528,0.787,1,1
E02,7294.77,1,0.247,1149,0.844,1,0
E01,1758.49,2,0.768,816,0.242,1,0
E02,6167.14,2,0.966,2877,0.089,1,1
E03,5909.6,1,0.558,2301,0.543,1,0
E02,6257.28,2,0.208,2804,0.652,0,0
E02,2934.14,0,0.683,529,0.208,0,1
E02,1704.82,2,0.316,1856,0.578,1,0
E01,8876.21,1,0.574,1952,0.545,1,1
E99,5737.49,2,0.226,2451,0.862,1,0
E01,2199.23,0,0.554,1342,0.817,1,1
E01,4191.96,0,0.9,227,0.174,0,0
E01,764.21,1,0.308,3197,0.715,1,0
E99,4806.22,1,0.599,1535,0.523,1,1
E99,4296.52,1,0.403,3305,0.488,1,0
E01,1413.99,2,0.409,1491,0.203,1,1
E01,4499.29,2,0.715,932,0.753,0,0
E02,6431.37,0,0.799,1671,0.866,0,1
E01,9292.06,1,0.899,345,0.243,0,1
E03,7061.53,0,0.423,2012,0.078,1,0
E01,5074.11,2,0.257,3567,0.623,1,1
E02,7723.51,0,0.554,923,0.972,1,1
E02,2871.36,0,0.668,540,0.688,0,0
E02,6720.94,1,0.792,493,0.288,0,0
E02,150.12,2,0.805,625,0.87,1,1
E01,818.26,1,0.891,1414,0.556,1,1
E01,6280.23,0,0.225,908,0.529,0,0
E01,2006.24,0,0.985,2571,0.104,0,0
E01,6918.42,2,0.973,1227,0.107,0,1
E99,6403.86,1,0.228,1307,0.595,0,0
E01,730.3,1,0.451,532,0.808,1,1
E01,3985.72,2,0.812,2064,0.758,1,0
E01,6168.72,0,0.583,1160,0.934,1,0
E03,7163.47,1,0.204,2540,0.523,1,0
E99,8179.23,1,0.484,80,0.633,0,0
E03,3371.38,0,0.663,2314,0.64,0,1
E03,8383.49,2,0.904,2883,0.407,0,0
E03,3607.12,2,0.863,2562,0.053,1,0
E02,169.17,2,0.957,949,0.839,0,0
E99,6139.06,0,0.574,2508,0.113,1,0
E03,2492.52,2,0.839,2944,0.952,1,0
E01,1331.37,1,0.281,1897,0.843,0,1
E02,2657.74,1,0.615,2329,0.148,0,1
E01,8296.35,0,0.933,2937,0.165,0,1
E01,9148.61,1,0.871,1730,0.743,0,1
E03,9620.8,2,0.724,537,0.561,1,1
E01,3098.02,0,0.319,3500,0.66,0,0
E03,4613.69,1,0.346,1176,0.323,1,0
E99,8045.01,1,0.743,1392,0.881,1,0
E02,3247.24,1,0.46,2207,0.56,0,0
E02,3912.92,0,0.464,643,0.582,0,1
E03,2449.02,0,0.878,1247,0.981,1,1
E03,5766.44,2,0.216,2079,0.775,0,0
E01,6626.74,1,0.514,2640,0.697,0,1
E01,3252.55,2,0.391,505,0.865,0,0
E03,339.88,1,0.222,2981,0.981,1,0
E99,7385.49,1,0.373,997,0.814,0,1
E01,6204.31,0,0.347,3288,0.808,0,0
E02,2268.09,1,0.604,3267,0.23,0,0
E99,3215.01,2,0.548,2560,0.871,1,0
E01,9575.42,0,0.577,3211,0.878,1,1
E01,6339.02,0,0.902,576,0.611,1,1
E02,5995.23,0,0.596,1677,0.662,0,0
E01,6432.94,1,0.711,508,0.636,0,1
E01,9549.0,0,0.718,1722,0.562,1,0
E03,3464.6,2,0.613,2096,0.222,1,0
E03,2881.07,0,0.444,2040,0.668,0,0
E02,3829.75,1,0.923,274,0.407,0,1
E02,8029.4,0,0.551,303,0.554,1,1
E02,1297.49,1,0.657,3593,0.897,1,0
E03,2147.56,2,0.647,912,0.153,0,1
E03,2359.63,2,0.862,1780,0.948,0,0
E03,6400.14,2,0.628,2088,0.584,1,0
E03,6451.67,1,0.566,574,0.943,0,1
E99,3781.68,1,0.568,1156,0.239,0,0
E03,2834.3,0,0.824,2165,0.101,0,1
E01,7571.05,2,0.464,768,0.634,0,0
E99,414.09,2,0.948,2853,0.545,1,0
E99,7413.5,2,0.877,2330,0.741,0,0
E01,2181.71,2,0.311,3559,0.615,1,1
E01,9037.49,0,0.454,2039,0.533,0,0
E03,4195.56,0,0.924,2881,0.898,1,0
E02,6458.74,1,0.423,1178,0.354,0,0
E03,1297.6,0,0.454,2499,0.305,1,0
E02,2613.46,2,0.374,3374,0.806,1,1
E01,7036.03,1,0.244,2960,0.381,1,0
E01,5548.52,0,0.583,2799,0.579,0,1
E99,7727.73,1,0.804,1622,0.627,1,0
E01,5677.68,1,0.728,2146,0.327,1,0
E03,5736.38,0,0.222,2134,0.384,1,0
E01,8596.76,2,0.619,754,0.088,0,0
E02,4304.43,2,0.464,947,0.313,0,0
E02,8960.94,2,0.713,2333,0.357,1,0
E01,3784.93,0,0.524,2292,0.066,0,0
E03,3353.08,2,0.984,2476,0.824,1,0
E03,7816.27,0,0.863,2173,0.882,0,1
E01,214.31,2,0.76,2092,0.217,0,0
E02,1804.7,2,0.613,1872,0.619,1,0
E03,810.48,0,0.673,2297,0.465,0,0
E03,5169.84,0,0.554,1305,0.17,1,0
E02,6317.9,2,0.836,584,0.073,0,0
E03,202.72,0,0.927,2437,0.674,0,0
E01,1698.49,2,0.999,1206,0.125,0,1
E01,3095.16,2,0.679,2728,0.888,0,0
E03,3012.84,0,0.746,3206,0.792,1,0
E03,1061.61,2,0.52,1409,0.731,1,1
E03,1811.19,0,0.207,494,0.842,0,0
E01,8485.81,1,0.763,4,0.15,0,1
E02,7035.75,0,0.947,2123,0.639,1,1
E03,3031.33,0,0.888,3176,0.244,1,1
E01,2707.73,2,0.903,3231,0.539,0,0
E02,893.97,0,0.522,3235,0.387,1,1
E03,3554.17,2,0.771,51,0.165,1,0
E01,4040.89,0,0.711,196,0.74,1,1
E02,9051.4,2,0.633,3481,0.334,1,0
E01,7456.85,2,0.321,2427,0.166,0,1
E99,4843.62,0,0.66,3180,0.877,0,0
E01,1435.09,1,0.439,3528,0.177,0,0
E01,6596.0,1,0.763,2574,0.243,1,0
E01,9366.52,1,0.956,1445,0.072,0,0
E01,872.64,0,0.782,2553,0.537,0,0
E01,8501.22,2,0.408,2256,0.826,1,1
E03,1883.13,2,0.572,3123,0.85,0,0
E01,7042.68,1,0.652,3100,0.749,0,1
E01,1920.17,1,0.781,616,0.493,1,0
E01,6040.13,0,0.318,3170,0.886,1,1
E02,2452.48,2,0.62,2520,0.771,0,0
E01,5462.81,1,0.888,2646,0.886,0,0
E03,6041.56,0,0.222,1237,0.275,1,0
E03,6223.35,0,0.782,1750,0.615,0,0
E03,6859.71,0,0.904,3152,0.07,0,0
E01,783.39,2,0.837,499,0.54,1,1
E99,7063.54,0,0.945,1920,0.874,1,1
E03,1630.52,1,0.826,3481,0.744,1,1
E01,6802.62,2,0.614,2757,0.78,0,0
E02,1327.97,0,0.582,536,0.348,1,0
E03,4846.21,0,0.225,602,0.424,0,0
E01,3929.01,2,0.215,1814,0.977,1,0
E02,9676.73,2,0.712,872,0.301,0,1
E03,6345.01,0,0.42,3173,0.131,1,0
E01,973.24,0,0.446,3017,0.416,1,0
E99,7038.78,1,0.846,3434,0.771,1,1
E01,2021.97,1,0.289,1423,0.542,1,1
E01,2932.89,1,0.427,1028,0.091,0,0
E01,3846.59,0,0.748,1900,0.675,1,1
E02,7784.63,1,0.224,414,0.741,1,1
E99,9446.4,0,0.616,2612,0.617,0,1
E03,9250.92,2,0.268,3130,0.211,1,0
E99,1789.77,1,0.809,611,0.23,0,1
E02,698.09,1,0.708,712,0.433,0,0
E02,8302.48,1,0.687,1089,0.387,1,0
E02,2953.36,1,0.377,2883,0.146,1,0
E01,5869.98,1,0.78,1173,0.858,0,1
E99,9788.41,0,0.441,2625,0.919,1,0
E02,1945.58,1,0.657,3300,0.185,0,0
E02,3811.07,0,0.274,1578,0.579,0,0
E02,8689.23,0,0.277,496,0.454,0,0
E03,6534.81,2,0.355,3297,0.434,1,1
E01,9381.77,1,0.373,1337,0.596,1,0
E03,6354.02,2,0.301,2157,0.478,0,0
E03,3105.34,1,0.295,3453,0.474,0,0
E03,8070.58,2,0.903,3230,0.185,0,0
E01,7616.71,0,0.644,3005,0.718,0,1
E01,9342.83,1,0.698,1273,0.595,0,1
E02,4814.05,1,0.43,2414,0.103,1,0
E99,5078.11,0,0.244,1203,0.403,1,1
E99,3305.85,0,0.975,1976,0.255,0,0
E02,2760.71,0,0.243,1215,0.417,1,0
E01,9965.63,0,0.858,3019,0.162,0,0
E01,9774.83,1,0.732,2704,0.624,1,1
E03,5343.5,0,0.526,3407,0.597,0,1
E01,9555.35,2,0.797,959,0.607,1,1
E02,3625.94,1,0.812,3326,0.394,1,0
E03,8514.94,2,0.903,891,0.729,1,1
E02,6385.19,0,0.636,2301,0.842,1,1
E02,7198.95,0,0.371,626,0.441,1,0
E01,7210.21,2,0.658,2620,0.457,1,0
E01,6394.7,1,0.279,2790,0.895,1,1
E03,8538.05,2,0.501,2791,0.619,1,0
E02,3980.93,0,0.688,999,0.529,0,0
E01,8506.97,0,0.402,2913,0.743,1,1
E01,1915.81,1,0.892,573,0.342,1,0
E01,2079.6,1,0.981,2639,0.081,1,1
E03,7201.7,0,0.261,1693,0.71,0,0
E03,7526.29,0,0.365,648,0.657,1,0
E02,9032.78,0,0.578,3507,0.453,1,0
E02,2819.36,0,0.23,2734,0.093,0,0
E01,655.09,2,0.274,527,0.934,0,1
E02,5123.97,2,0.921,1405,0.737,0,0
E01,8765.87,0,0.236,2657,0.412,0,0
E99,9717.51,1,0.398,720,0.239,0,0
E01,8592.48,1,0.539,1703,0.572,0,1
E02,4950.57,0,0.216,370,0.07,1,0
E01,8647.48,1,0.848,81,0.48,0,1
E03,2218.31,2,0.864,865,0.979,0,0
E01,9219.58,1,0.516,2561,0.745,1,0
E99,5711.78,2,0.361,1828,0.976,0,0
E01,3954.7,1,0.914,1112,0.422,1,0
E03,5858.25,1,0.743,889,0.132,1,0
E03,7861.68,2,0.619,2893,0.957,1,1
E01,2477.2,2,0.514,2397,0.863,0,1
E01,1108.61,2,0.631,3108,0.579,0,1
E02,7357.89,2,0.4,3471,0.266,0,0
E03,9529.44,0,0.56,2278,0.744,0,0
E99,6406.08,2,0.749,159,0.068,0,0
E01,1511.58,2,0.529,3376,0.91,1,1
E02,6469.52,1,0.748,471,0.705,1,1
E01,1254.66,1,0.791,2552,0.215,1,0
E01,3104.9,2,0.803,890,0.205,1,0
E03,412.82,0,0.655,2760,0.104,0,1
E01,4926.27,1,0.348,2895,0.774,1,0
E01,3281.41,2,0.76,2855,0.17,1,1
E99,1065.47,0,0.855,977,0.539,0,1
E03,3159.37,0,0.275,2310,0.387,0,0
E03,6510.94,0,0.917,690,0.566,1,1
E01,2961.91,0,0.953,3193,0.703,0,1
E99,1516.41,1,0.735,551,0.247,1,0
E02,5493.49,2,0.289,3029,0.238,0,0
E02,7556.95,0,0.723,540,0.367,1,1
E01,8318.4,1,0.485,1039,0.929,1,0
E99,4773.76,0,0.443,2591,0.467,1,0
E02,7139.62,2,0.229,3450,0.292,0,0
E03,8349.94,1,0.78,2549,0.538,0,0
E03,6761.6,1,0.653,1235,0.22,1,1
E03,5319.99,2,0.561,1120,0.769,1,0
E03,693.4,2,0.511,2270,0.35,1,0
E99,2971.34,0,0.529,1618,0.974,1,0
E01,3266.17,0,0.562,746,0.642,1,1
E01,4010.61,0,0.582,2261,0.625,0,1
E03,9513.84,1,0.278,1564,0.323,1,0
E02,2167.87,2,0.504,3510,0.218,0,0
E02,5461.39,1,0.251,106,0.123,0,0
E03,9913.06,1,0.821,2675,0.854,0,0
E02,6226.07,2,0.618,2873,0.971,0,0
E03,2168.22,2,0.84,2891,0.252,1,0
E01,9605.89,0,0.543,2520,0.984,1,1
E99,3429.3,1,0.322,3519,0.629,0,0
E01,573.92,2,0.44,1114,0.79,1,0
E03,4370.48,1,0.387,1372,0.979,1,0
E99,2482.49,0,0.552,3363,0.967,1,1
E01,8206.75,0,0.831,249,0.584,0,1
E01,2277.56,0,0.293,2975,0.545,1,1
E01,8216.55,1,0.52,2689,0.685,1,1
E02,458.09,2,0.273,2120,0.257,1,0
E02,9298.66,1,0.513,436,0.415,1,1
E01,517.72,2,0.666,2200,0.828,1,1
E99,9391.54,0,0.255,1579,0.153,0,0
E01,829.54,2,0.253,316,0.482,0,0
E02,8738.58,0,0.784,2658,0.347,0,1
E02,8330.19,1,0.526,2924,0.598,0,1
E01,5984.8,1,0.481,2010,0.228,1,0
E01,456.26,2,0.749,587,0.922,0,1
E99,6249.31,2,0.268,1322,0.794,1,0
E03,6216.68,1,0.888,1946,0.126,1,0
E01,5616.26,1,0.82,1852,0.356,1,1
E03,6352.1,2,0.512,2130,0.091,1,0
E02,9684.26,2,0.575,883,0.166,0,0
E01,9955.52,1,0.518,2866,0.448,1,1
E03,5252.91,2,0.828,267,0.36,1,1
E02,1008.83,2,0.223,3551,0.539,1,0
E01,1426.29,0,0.737,1485,0.323,1,1
E99,7231.47,1,0.442,2984,0.362,1,1
E01,9821.44,2,0.824,210,0.951,0,1
E01,4416.95,0,0.987,2409,0.872,1,0
E01,1070.58,2,0.423,3526,0.063,0,0
E03,3595.14,1,0.557,3457,0.616,0,0
E03,3911.6,0,0.638,1612,0.184,1,1
E99,9966.29,1,0.641,1347,0.792,1,1
E01,6897.18,1,0.325,3176,0.836,0,1
E03,1266.87,0,0.667,2295,0.671,0,0
E02,3437.06,0,0.779,3426,0.683,0,0
E01,580.73,2,0.955,844,0.85,1,1
E01,6565.3,2,0.78,1618,0.146,1,0
E03,6760.12,2,0.683,1126,0.715,0,0
E01,669.22,1,0.387,1513,0.163,1,1
E03,3421.65,2,0.278,3142,0.09,0,0
E02,9038.1,1,0.707,3216,0.65,1,0
E01,8285.48,2,0.7,2143,0.306,1,0
E99,5784.7,2,0.871,125,0.093,1,0
E03,4897.77,1,0.557,1590,0.109,1,0
E02,9929.23,1,0.338,1754,0.971,0,1
E03,7249.74,2,0.38,2569,0.26,0,0
E02,9531.09,0,0.581,967,0.433,1,0
E03,808.69,0,0.45,2083,0.301,0,0
E01,2200.3,1,0.344,2710,0.929,0,1
E02,408.0,0,0.286,2051,0.119,0,1
E01,8692.38,2,0.53,3012,0.561,1,1
E02,6972.89,0,0.47,910,0.499,0,1
E02,1858.75,1,0.972,2232,0.701,0,1
E01,9744.49,2,0.885,1640,0.894,0,1
E99,9562.39,1,0.347,1465,0.05,0,0
E01,2323.52,2,0.803,1527,0.066,0,1
E01,6505.4,1,0.584,1998,0.405,0,0
E02,6714.22,1,0.941,1847,0.428,0,0
E03,139.77,1,0.687,2067,0.887,0,1
E01,6918.92,2,0.363,3456,0.312,1,1
E02,2291.27,2,0.357,2286,0.847,0,0
E03,9023.06,0,0.974,1969,0.134,1,1
E01,8401.22,1,0.935,3319,0.123,1,1
E99,9062.41,2,0.586,857,0.75,0,0
E01,7599.78,1,0.651,897,0.767,1,0
E03,1732.56,1,0.638,419,0.139,1,1
E01,3669.49,2,0.811,726,0.983,0,1
E03,7118.42,1,0.58,281,0.126,1,1
E03,3300.92,0,0.298,685,0.881,1,1
E01,7129.33,0,0.459,2361,0.232,0,0
E01,3427.97,0,0.655,2510,0.071,1,1
E01,1859.52,2,0.481,2332,0.854,1,0
E01,5229.82,2,0.851,3257,0.223,0,1
E99,6893.65,1,0.958,3087,0.548,1,1
E02,5220.24,2,0.394,1177,0.827,0,0
E03,6454.49,2,0.911,684,0.195,1,0
E99,4436.71,1,0.773,1515,0.747,1,1
E03,7805.48,2,0.67,3338,0.55,1,0
E03,6534.67,0,0.304,3485,0.291,0,0
E01,5788.61,2,0.529,738,0.089,0,0
E01,4410.18,0,0.996,523,0.297,0,1
E01,5403.7,2,0.719,2655,0.449,1,1
E01,605.0,0,0.673,3166,0.396,1,1
E02,6700.52,2,0.228,3420,0.724,0,0
E01,2123.68,1,0.457,3453,0.435,1,0
E02,8615.47,0,0.591,1018,0.408,0,1
E02,8142.2,1,0.713,2878,0.814,1,1
E01,5326.75,2,0.886,2426,0.486,1,1
E01,8486.6,0,0.566,1211,0.976,1,1
E02,6740.95,0,0.42,58,0.59,1,1
E02,1498.47,1,0.425,2353,0.931,1,1
